
Drivers.elf:     file format elf32-avr

Sections:
Idx Name          Size      VMA       LMA       File off  Algn
  0 .text         00001aa8  00000000  00000000  00000094  2**1
                  CONTENTS, ALLOC, LOAD, READONLY, CODE
  1 .data         00000012  00800060  00001aa8  00001b3c  2**0
                  CONTENTS, ALLOC, LOAD, DATA
  2 .bss          00000012  00800072  00800072  00001b4e  2**0
                  ALLOC
  3 .debug_aranges 00000140  00000000  00000000  00001b4e  2**0
                  CONTENTS, READONLY, DEBUGGING
  4 .debug_pubnames 00000170  00000000  00000000  00001c8e  2**0
                  CONTENTS, READONLY, DEBUGGING
  5 .debug_info   00001c49  00000000  00000000  00001dfe  2**0
                  CONTENTS, READONLY, DEBUGGING
  6 .debug_abbrev 00000eeb  00000000  00000000  00003a47  2**0
                  CONTENTS, READONLY, DEBUGGING
  7 .debug_line   00000dad  00000000  00000000  00004932  2**0
                  CONTENTS, READONLY, DEBUGGING
  8 .debug_frame  00000160  00000000  00000000  000056e0  2**2
                  CONTENTS, READONLY, DEBUGGING
  9 .debug_str    0000028d  00000000  00000000  00005840  2**0
                  CONTENTS, READONLY, DEBUGGING
 10 .debug_loc    000007ce  00000000  00000000  00005acd  2**0
                  CONTENTS, READONLY, DEBUGGING
 11 .debug_ranges 00000050  00000000  00000000  0000629b  2**0
                  CONTENTS, READONLY, DEBUGGING

Disassembly of section .text:

00000000 <__vectors>:
       0:	0c 94 2a 00 	jmp	0x54	; 0x54 <__ctors_end>
       4:	0c 94 fc 06 	jmp	0xdf8	; 0xdf8 <__vector_1>
       8:	0c 94 d3 06 	jmp	0xda6	; 0xda6 <__vector_2>
       c:	0c 94 aa 06 	jmp	0xd54	; 0xd54 <__vector_3>
      10:	0c 94 47 00 	jmp	0x8e	; 0x8e <__bad_interrupt>
      14:	0c 94 47 00 	jmp	0x8e	; 0x8e <__bad_interrupt>
      18:	0c 94 47 00 	jmp	0x8e	; 0x8e <__bad_interrupt>
      1c:	0c 94 47 00 	jmp	0x8e	; 0x8e <__bad_interrupt>
      20:	0c 94 47 00 	jmp	0x8e	; 0x8e <__bad_interrupt>
      24:	0c 94 47 00 	jmp	0x8e	; 0x8e <__bad_interrupt>
      28:	0c 94 3d 06 	jmp	0xc7a	; 0xc7a <__vector_10>
      2c:	0c 94 f4 05 	jmp	0xbe8	; 0xbe8 <__vector_11>
      30:	0c 94 47 00 	jmp	0x8e	; 0x8e <__bad_interrupt>
      34:	0c 94 47 00 	jmp	0x8e	; 0x8e <__bad_interrupt>
      38:	0c 94 47 00 	jmp	0x8e	; 0x8e <__bad_interrupt>
      3c:	0c 94 47 00 	jmp	0x8e	; 0x8e <__bad_interrupt>
      40:	0c 94 47 00 	jmp	0x8e	; 0x8e <__bad_interrupt>
      44:	0c 94 47 00 	jmp	0x8e	; 0x8e <__bad_interrupt>
      48:	0c 94 47 00 	jmp	0x8e	; 0x8e <__bad_interrupt>
      4c:	0c 94 47 00 	jmp	0x8e	; 0x8e <__bad_interrupt>
      50:	0c 94 47 00 	jmp	0x8e	; 0x8e <__bad_interrupt>

00000054 <__ctors_end>:
      54:	11 24       	eor	r1, r1
      56:	1f be       	out	0x3f, r1	; 63
      58:	cf e5       	ldi	r28, 0x5F	; 95
      5a:	d8 e0       	ldi	r29, 0x08	; 8
      5c:	de bf       	out	0x3e, r29	; 62
      5e:	cd bf       	out	0x3d, r28	; 61

00000060 <__do_copy_data>:
      60:	10 e0       	ldi	r17, 0x00	; 0
      62:	a0 e6       	ldi	r26, 0x60	; 96
      64:	b0 e0       	ldi	r27, 0x00	; 0
      66:	e8 ea       	ldi	r30, 0xA8	; 168
      68:	fa e1       	ldi	r31, 0x1A	; 26
      6a:	02 c0       	rjmp	.+4      	; 0x70 <.do_copy_data_start>

0000006c <.do_copy_data_loop>:
      6c:	05 90       	lpm	r0, Z+
      6e:	0d 92       	st	X+, r0

00000070 <.do_copy_data_start>:
      70:	a2 37       	cpi	r26, 0x72	; 114
      72:	b1 07       	cpc	r27, r17
      74:	d9 f7       	brne	.-10     	; 0x6c <.do_copy_data_loop>

00000076 <__do_clear_bss>:
      76:	10 e0       	ldi	r17, 0x00	; 0
      78:	a2 e7       	ldi	r26, 0x72	; 114
      7a:	b0 e0       	ldi	r27, 0x00	; 0
      7c:	01 c0       	rjmp	.+2      	; 0x80 <.do_clear_bss_start>

0000007e <.do_clear_bss_loop>:
      7e:	1d 92       	st	X+, r1

00000080 <.do_clear_bss_start>:
      80:	a4 38       	cpi	r26, 0x84	; 132
      82:	b1 07       	cpc	r27, r17
      84:	e1 f7       	brne	.-8      	; 0x7e <.do_clear_bss_loop>
      86:	0e 94 da 0c 	call	0x19b4	; 0x19b4 <main>
      8a:	0c 94 52 0d 	jmp	0x1aa4	; 0x1aa4 <_exit>

0000008e <__bad_interrupt>:
      8e:	0c 94 00 00 	jmp	0	; 0x0 <__vectors>

00000092 <__fixunssfsi>:
      92:	ef 92       	push	r14
      94:	ff 92       	push	r15
      96:	0f 93       	push	r16
      98:	1f 93       	push	r17
      9a:	7b 01       	movw	r14, r22
      9c:	8c 01       	movw	r16, r24
      9e:	20 e0       	ldi	r18, 0x00	; 0
      a0:	30 e0       	ldi	r19, 0x00	; 0
      a2:	40 e0       	ldi	r20, 0x00	; 0
      a4:	5f e4       	ldi	r21, 0x4F	; 79
      a6:	0e 94 49 03 	call	0x692	; 0x692 <__gesf2>
      aa:	88 23       	and	r24, r24
      ac:	8c f0       	brlt	.+34     	; 0xd0 <__fixunssfsi+0x3e>
      ae:	c8 01       	movw	r24, r16
      b0:	b7 01       	movw	r22, r14
      b2:	20 e0       	ldi	r18, 0x00	; 0
      b4:	30 e0       	ldi	r19, 0x00	; 0
      b6:	40 e0       	ldi	r20, 0x00	; 0
      b8:	5f e4       	ldi	r21, 0x4F	; 79
      ba:	0e 94 c1 01 	call	0x382	; 0x382 <__subsf3>
      be:	0e 94 a9 03 	call	0x752	; 0x752 <__fixsfsi>
      c2:	9b 01       	movw	r18, r22
      c4:	ac 01       	movw	r20, r24
      c6:	20 50       	subi	r18, 0x00	; 0
      c8:	30 40       	sbci	r19, 0x00	; 0
      ca:	40 40       	sbci	r20, 0x00	; 0
      cc:	50 48       	sbci	r21, 0x80	; 128
      ce:	06 c0       	rjmp	.+12     	; 0xdc <__fixunssfsi+0x4a>
      d0:	c8 01       	movw	r24, r16
      d2:	b7 01       	movw	r22, r14
      d4:	0e 94 a9 03 	call	0x752	; 0x752 <__fixsfsi>
      d8:	9b 01       	movw	r18, r22
      da:	ac 01       	movw	r20, r24
      dc:	b9 01       	movw	r22, r18
      de:	ca 01       	movw	r24, r20
      e0:	1f 91       	pop	r17
      e2:	0f 91       	pop	r16
      e4:	ff 90       	pop	r15
      e6:	ef 90       	pop	r14
      e8:	08 95       	ret

000000ea <_fpadd_parts>:
      ea:	a0 e0       	ldi	r26, 0x00	; 0
      ec:	b0 e0       	ldi	r27, 0x00	; 0
      ee:	eb e7       	ldi	r30, 0x7B	; 123
      f0:	f0 e0       	ldi	r31, 0x00	; 0
      f2:	0c 94 1b 0d 	jmp	0x1a36	; 0x1a36 <__prologue_saves__>
      f6:	dc 01       	movw	r26, r24
      f8:	2b 01       	movw	r4, r22
      fa:	fa 01       	movw	r30, r20
      fc:	9c 91       	ld	r25, X
      fe:	92 30       	cpi	r25, 0x02	; 2
     100:	08 f4       	brcc	.+2      	; 0x104 <_fpadd_parts+0x1a>
     102:	39 c1       	rjmp	.+626    	; 0x376 <_fpadd_parts+0x28c>
     104:	eb 01       	movw	r28, r22
     106:	88 81       	ld	r24, Y
     108:	82 30       	cpi	r24, 0x02	; 2
     10a:	08 f4       	brcc	.+2      	; 0x10e <_fpadd_parts+0x24>
     10c:	33 c1       	rjmp	.+614    	; 0x374 <_fpadd_parts+0x28a>
     10e:	94 30       	cpi	r25, 0x04	; 4
     110:	69 f4       	brne	.+26     	; 0x12c <_fpadd_parts+0x42>
     112:	84 30       	cpi	r24, 0x04	; 4
     114:	09 f0       	breq	.+2      	; 0x118 <_fpadd_parts+0x2e>
     116:	2f c1       	rjmp	.+606    	; 0x376 <_fpadd_parts+0x28c>
     118:	11 96       	adiw	r26, 0x01	; 1
     11a:	9c 91       	ld	r25, X
     11c:	11 97       	sbiw	r26, 0x01	; 1
     11e:	89 81       	ldd	r24, Y+1	; 0x01
     120:	98 17       	cp	r25, r24
     122:	09 f4       	brne	.+2      	; 0x126 <_fpadd_parts+0x3c>
     124:	28 c1       	rjmp	.+592    	; 0x376 <_fpadd_parts+0x28c>
     126:	a0 e6       	ldi	r26, 0x60	; 96
     128:	b0 e0       	ldi	r27, 0x00	; 0
     12a:	25 c1       	rjmp	.+586    	; 0x376 <_fpadd_parts+0x28c>
     12c:	84 30       	cpi	r24, 0x04	; 4
     12e:	09 f4       	brne	.+2      	; 0x132 <_fpadd_parts+0x48>
     130:	21 c1       	rjmp	.+578    	; 0x374 <_fpadd_parts+0x28a>
     132:	82 30       	cpi	r24, 0x02	; 2
     134:	a9 f4       	brne	.+42     	; 0x160 <_fpadd_parts+0x76>
     136:	92 30       	cpi	r25, 0x02	; 2
     138:	09 f0       	breq	.+2      	; 0x13c <_fpadd_parts+0x52>
     13a:	1d c1       	rjmp	.+570    	; 0x376 <_fpadd_parts+0x28c>
     13c:	9a 01       	movw	r18, r20
     13e:	ad 01       	movw	r20, r26
     140:	88 e0       	ldi	r24, 0x08	; 8
     142:	ea 01       	movw	r28, r20
     144:	09 90       	ld	r0, Y+
     146:	ae 01       	movw	r20, r28
     148:	e9 01       	movw	r28, r18
     14a:	09 92       	st	Y+, r0
     14c:	9e 01       	movw	r18, r28
     14e:	81 50       	subi	r24, 0x01	; 1
     150:	c1 f7       	brne	.-16     	; 0x142 <_fpadd_parts+0x58>
     152:	e2 01       	movw	r28, r4
     154:	89 81       	ldd	r24, Y+1	; 0x01
     156:	11 96       	adiw	r26, 0x01	; 1
     158:	9c 91       	ld	r25, X
     15a:	89 23       	and	r24, r25
     15c:	81 83       	std	Z+1, r24	; 0x01
     15e:	08 c1       	rjmp	.+528    	; 0x370 <_fpadd_parts+0x286>
     160:	92 30       	cpi	r25, 0x02	; 2
     162:	09 f4       	brne	.+2      	; 0x166 <_fpadd_parts+0x7c>
     164:	07 c1       	rjmp	.+526    	; 0x374 <_fpadd_parts+0x28a>
     166:	12 96       	adiw	r26, 0x02	; 2
     168:	2d 90       	ld	r2, X+
     16a:	3c 90       	ld	r3, X
     16c:	13 97       	sbiw	r26, 0x03	; 3
     16e:	eb 01       	movw	r28, r22
     170:	8a 81       	ldd	r24, Y+2	; 0x02
     172:	9b 81       	ldd	r25, Y+3	; 0x03
     174:	14 96       	adiw	r26, 0x04	; 4
     176:	ad 90       	ld	r10, X+
     178:	bd 90       	ld	r11, X+
     17a:	cd 90       	ld	r12, X+
     17c:	dc 90       	ld	r13, X
     17e:	17 97       	sbiw	r26, 0x07	; 7
     180:	ec 80       	ldd	r14, Y+4	; 0x04
     182:	fd 80       	ldd	r15, Y+5	; 0x05
     184:	0e 81       	ldd	r16, Y+6	; 0x06
     186:	1f 81       	ldd	r17, Y+7	; 0x07
     188:	91 01       	movw	r18, r2
     18a:	28 1b       	sub	r18, r24
     18c:	39 0b       	sbc	r19, r25
     18e:	b9 01       	movw	r22, r18
     190:	37 ff       	sbrs	r19, 7
     192:	04 c0       	rjmp	.+8      	; 0x19c <_fpadd_parts+0xb2>
     194:	66 27       	eor	r22, r22
     196:	77 27       	eor	r23, r23
     198:	62 1b       	sub	r22, r18
     19a:	73 0b       	sbc	r23, r19
     19c:	60 32       	cpi	r22, 0x20	; 32
     19e:	71 05       	cpc	r23, r1
     1a0:	0c f0       	brlt	.+2      	; 0x1a4 <_fpadd_parts+0xba>
     1a2:	61 c0       	rjmp	.+194    	; 0x266 <_fpadd_parts+0x17c>
     1a4:	12 16       	cp	r1, r18
     1a6:	13 06       	cpc	r1, r19
     1a8:	6c f5       	brge	.+90     	; 0x204 <_fpadd_parts+0x11a>
     1aa:	37 01       	movw	r6, r14
     1ac:	48 01       	movw	r8, r16
     1ae:	06 2e       	mov	r0, r22
     1b0:	04 c0       	rjmp	.+8      	; 0x1ba <_fpadd_parts+0xd0>
     1b2:	96 94       	lsr	r9
     1b4:	87 94       	ror	r8
     1b6:	77 94       	ror	r7
     1b8:	67 94       	ror	r6
     1ba:	0a 94       	dec	r0
     1bc:	d2 f7       	brpl	.-12     	; 0x1b2 <_fpadd_parts+0xc8>
     1be:	21 e0       	ldi	r18, 0x01	; 1
     1c0:	30 e0       	ldi	r19, 0x00	; 0
     1c2:	40 e0       	ldi	r20, 0x00	; 0
     1c4:	50 e0       	ldi	r21, 0x00	; 0
     1c6:	04 c0       	rjmp	.+8      	; 0x1d0 <_fpadd_parts+0xe6>
     1c8:	22 0f       	add	r18, r18
     1ca:	33 1f       	adc	r19, r19
     1cc:	44 1f       	adc	r20, r20
     1ce:	55 1f       	adc	r21, r21
     1d0:	6a 95       	dec	r22
     1d2:	d2 f7       	brpl	.-12     	; 0x1c8 <_fpadd_parts+0xde>
     1d4:	21 50       	subi	r18, 0x01	; 1
     1d6:	30 40       	sbci	r19, 0x00	; 0
     1d8:	40 40       	sbci	r20, 0x00	; 0
     1da:	50 40       	sbci	r21, 0x00	; 0
     1dc:	2e 21       	and	r18, r14
     1de:	3f 21       	and	r19, r15
     1e0:	40 23       	and	r20, r16
     1e2:	51 23       	and	r21, r17
     1e4:	21 15       	cp	r18, r1
     1e6:	31 05       	cpc	r19, r1
     1e8:	41 05       	cpc	r20, r1
     1ea:	51 05       	cpc	r21, r1
     1ec:	21 f0       	breq	.+8      	; 0x1f6 <_fpadd_parts+0x10c>
     1ee:	21 e0       	ldi	r18, 0x01	; 1
     1f0:	30 e0       	ldi	r19, 0x00	; 0
     1f2:	40 e0       	ldi	r20, 0x00	; 0
     1f4:	50 e0       	ldi	r21, 0x00	; 0
     1f6:	79 01       	movw	r14, r18
     1f8:	8a 01       	movw	r16, r20
     1fa:	e6 28       	or	r14, r6
     1fc:	f7 28       	or	r15, r7
     1fe:	08 29       	or	r16, r8
     200:	19 29       	or	r17, r9
     202:	3c c0       	rjmp	.+120    	; 0x27c <_fpadd_parts+0x192>
     204:	23 2b       	or	r18, r19
     206:	d1 f1       	breq	.+116    	; 0x27c <_fpadd_parts+0x192>
     208:	26 0e       	add	r2, r22
     20a:	37 1e       	adc	r3, r23
     20c:	35 01       	movw	r6, r10
     20e:	46 01       	movw	r8, r12
     210:	06 2e       	mov	r0, r22
     212:	04 c0       	rjmp	.+8      	; 0x21c <_fpadd_parts+0x132>
     214:	96 94       	lsr	r9
     216:	87 94       	ror	r8
     218:	77 94       	ror	r7
     21a:	67 94       	ror	r6
     21c:	0a 94       	dec	r0
     21e:	d2 f7       	brpl	.-12     	; 0x214 <_fpadd_parts+0x12a>
     220:	21 e0       	ldi	r18, 0x01	; 1
     222:	30 e0       	ldi	r19, 0x00	; 0
     224:	40 e0       	ldi	r20, 0x00	; 0
     226:	50 e0       	ldi	r21, 0x00	; 0
     228:	04 c0       	rjmp	.+8      	; 0x232 <_fpadd_parts+0x148>
     22a:	22 0f       	add	r18, r18
     22c:	33 1f       	adc	r19, r19
     22e:	44 1f       	adc	r20, r20
     230:	55 1f       	adc	r21, r21
     232:	6a 95       	dec	r22
     234:	d2 f7       	brpl	.-12     	; 0x22a <_fpadd_parts+0x140>
     236:	21 50       	subi	r18, 0x01	; 1
     238:	30 40       	sbci	r19, 0x00	; 0
     23a:	40 40       	sbci	r20, 0x00	; 0
     23c:	50 40       	sbci	r21, 0x00	; 0
     23e:	2a 21       	and	r18, r10
     240:	3b 21       	and	r19, r11
     242:	4c 21       	and	r20, r12
     244:	5d 21       	and	r21, r13
     246:	21 15       	cp	r18, r1
     248:	31 05       	cpc	r19, r1
     24a:	41 05       	cpc	r20, r1
     24c:	51 05       	cpc	r21, r1
     24e:	21 f0       	breq	.+8      	; 0x258 <_fpadd_parts+0x16e>
     250:	21 e0       	ldi	r18, 0x01	; 1
     252:	30 e0       	ldi	r19, 0x00	; 0
     254:	40 e0       	ldi	r20, 0x00	; 0
     256:	50 e0       	ldi	r21, 0x00	; 0
     258:	59 01       	movw	r10, r18
     25a:	6a 01       	movw	r12, r20
     25c:	a6 28       	or	r10, r6
     25e:	b7 28       	or	r11, r7
     260:	c8 28       	or	r12, r8
     262:	d9 28       	or	r13, r9
     264:	0b c0       	rjmp	.+22     	; 0x27c <_fpadd_parts+0x192>
     266:	82 15       	cp	r24, r2
     268:	93 05       	cpc	r25, r3
     26a:	2c f0       	brlt	.+10     	; 0x276 <_fpadd_parts+0x18c>
     26c:	1c 01       	movw	r2, r24
     26e:	aa 24       	eor	r10, r10
     270:	bb 24       	eor	r11, r11
     272:	65 01       	movw	r12, r10
     274:	03 c0       	rjmp	.+6      	; 0x27c <_fpadd_parts+0x192>
     276:	ee 24       	eor	r14, r14
     278:	ff 24       	eor	r15, r15
     27a:	87 01       	movw	r16, r14
     27c:	11 96       	adiw	r26, 0x01	; 1
     27e:	9c 91       	ld	r25, X
     280:	d2 01       	movw	r26, r4
     282:	11 96       	adiw	r26, 0x01	; 1
     284:	8c 91       	ld	r24, X
     286:	98 17       	cp	r25, r24
     288:	09 f4       	brne	.+2      	; 0x28c <_fpadd_parts+0x1a2>
     28a:	45 c0       	rjmp	.+138    	; 0x316 <_fpadd_parts+0x22c>
     28c:	99 23       	and	r25, r25
     28e:	39 f0       	breq	.+14     	; 0x29e <_fpadd_parts+0x1b4>
     290:	a8 01       	movw	r20, r16
     292:	97 01       	movw	r18, r14
     294:	2a 19       	sub	r18, r10
     296:	3b 09       	sbc	r19, r11
     298:	4c 09       	sbc	r20, r12
     29a:	5d 09       	sbc	r21, r13
     29c:	06 c0       	rjmp	.+12     	; 0x2aa <_fpadd_parts+0x1c0>
     29e:	a6 01       	movw	r20, r12
     2a0:	95 01       	movw	r18, r10
     2a2:	2e 19       	sub	r18, r14
     2a4:	3f 09       	sbc	r19, r15
     2a6:	40 0b       	sbc	r20, r16
     2a8:	51 0b       	sbc	r21, r17
     2aa:	57 fd       	sbrc	r21, 7
     2ac:	08 c0       	rjmp	.+16     	; 0x2be <_fpadd_parts+0x1d4>
     2ae:	11 82       	std	Z+1, r1	; 0x01
     2b0:	33 82       	std	Z+3, r3	; 0x03
     2b2:	22 82       	std	Z+2, r2	; 0x02
     2b4:	24 83       	std	Z+4, r18	; 0x04
     2b6:	35 83       	std	Z+5, r19	; 0x05
     2b8:	46 83       	std	Z+6, r20	; 0x06
     2ba:	57 83       	std	Z+7, r21	; 0x07
     2bc:	1d c0       	rjmp	.+58     	; 0x2f8 <_fpadd_parts+0x20e>
     2be:	81 e0       	ldi	r24, 0x01	; 1
     2c0:	81 83       	std	Z+1, r24	; 0x01
     2c2:	33 82       	std	Z+3, r3	; 0x03
     2c4:	22 82       	std	Z+2, r2	; 0x02
     2c6:	88 27       	eor	r24, r24
     2c8:	99 27       	eor	r25, r25
     2ca:	dc 01       	movw	r26, r24
     2cc:	82 1b       	sub	r24, r18
     2ce:	93 0b       	sbc	r25, r19
     2d0:	a4 0b       	sbc	r26, r20
     2d2:	b5 0b       	sbc	r27, r21
     2d4:	84 83       	std	Z+4, r24	; 0x04
     2d6:	95 83       	std	Z+5, r25	; 0x05
     2d8:	a6 83       	std	Z+6, r26	; 0x06
     2da:	b7 83       	std	Z+7, r27	; 0x07
     2dc:	0d c0       	rjmp	.+26     	; 0x2f8 <_fpadd_parts+0x20e>
     2de:	22 0f       	add	r18, r18
     2e0:	33 1f       	adc	r19, r19
     2e2:	44 1f       	adc	r20, r20
     2e4:	55 1f       	adc	r21, r21
     2e6:	24 83       	std	Z+4, r18	; 0x04
     2e8:	35 83       	std	Z+5, r19	; 0x05
     2ea:	46 83       	std	Z+6, r20	; 0x06
     2ec:	57 83       	std	Z+7, r21	; 0x07
     2ee:	82 81       	ldd	r24, Z+2	; 0x02
     2f0:	93 81       	ldd	r25, Z+3	; 0x03
     2f2:	01 97       	sbiw	r24, 0x01	; 1
     2f4:	93 83       	std	Z+3, r25	; 0x03
     2f6:	82 83       	std	Z+2, r24	; 0x02
     2f8:	24 81       	ldd	r18, Z+4	; 0x04
     2fa:	35 81       	ldd	r19, Z+5	; 0x05
     2fc:	46 81       	ldd	r20, Z+6	; 0x06
     2fe:	57 81       	ldd	r21, Z+7	; 0x07
     300:	da 01       	movw	r26, r20
     302:	c9 01       	movw	r24, r18
     304:	01 97       	sbiw	r24, 0x01	; 1
     306:	a1 09       	sbc	r26, r1
     308:	b1 09       	sbc	r27, r1
     30a:	8f 5f       	subi	r24, 0xFF	; 255
     30c:	9f 4f       	sbci	r25, 0xFF	; 255
     30e:	af 4f       	sbci	r26, 0xFF	; 255
     310:	bf 43       	sbci	r27, 0x3F	; 63
     312:	28 f3       	brcs	.-54     	; 0x2de <_fpadd_parts+0x1f4>
     314:	0b c0       	rjmp	.+22     	; 0x32c <_fpadd_parts+0x242>
     316:	91 83       	std	Z+1, r25	; 0x01
     318:	33 82       	std	Z+3, r3	; 0x03
     31a:	22 82       	std	Z+2, r2	; 0x02
     31c:	ea 0c       	add	r14, r10
     31e:	fb 1c       	adc	r15, r11
     320:	0c 1d       	adc	r16, r12
     322:	1d 1d       	adc	r17, r13
     324:	e4 82       	std	Z+4, r14	; 0x04
     326:	f5 82       	std	Z+5, r15	; 0x05
     328:	06 83       	std	Z+6, r16	; 0x06
     32a:	17 83       	std	Z+7, r17	; 0x07
     32c:	83 e0       	ldi	r24, 0x03	; 3
     32e:	80 83       	st	Z, r24
     330:	24 81       	ldd	r18, Z+4	; 0x04
     332:	35 81       	ldd	r19, Z+5	; 0x05
     334:	46 81       	ldd	r20, Z+6	; 0x06
     336:	57 81       	ldd	r21, Z+7	; 0x07
     338:	57 ff       	sbrs	r21, 7
     33a:	1a c0       	rjmp	.+52     	; 0x370 <_fpadd_parts+0x286>
     33c:	c9 01       	movw	r24, r18
     33e:	aa 27       	eor	r26, r26
     340:	97 fd       	sbrc	r25, 7
     342:	a0 95       	com	r26
     344:	ba 2f       	mov	r27, r26
     346:	81 70       	andi	r24, 0x01	; 1
     348:	90 70       	andi	r25, 0x00	; 0
     34a:	a0 70       	andi	r26, 0x00	; 0
     34c:	b0 70       	andi	r27, 0x00	; 0
     34e:	56 95       	lsr	r21
     350:	47 95       	ror	r20
     352:	37 95       	ror	r19
     354:	27 95       	ror	r18
     356:	82 2b       	or	r24, r18
     358:	93 2b       	or	r25, r19
     35a:	a4 2b       	or	r26, r20
     35c:	b5 2b       	or	r27, r21
     35e:	84 83       	std	Z+4, r24	; 0x04
     360:	95 83       	std	Z+5, r25	; 0x05
     362:	a6 83       	std	Z+6, r26	; 0x06
     364:	b7 83       	std	Z+7, r27	; 0x07
     366:	82 81       	ldd	r24, Z+2	; 0x02
     368:	93 81       	ldd	r25, Z+3	; 0x03
     36a:	01 96       	adiw	r24, 0x01	; 1
     36c:	93 83       	std	Z+3, r25	; 0x03
     36e:	82 83       	std	Z+2, r24	; 0x02
     370:	df 01       	movw	r26, r30
     372:	01 c0       	rjmp	.+2      	; 0x376 <_fpadd_parts+0x28c>
     374:	d2 01       	movw	r26, r4
     376:	cd 01       	movw	r24, r26
     378:	cd b7       	in	r28, 0x3d	; 61
     37a:	de b7       	in	r29, 0x3e	; 62
     37c:	e2 e1       	ldi	r30, 0x12	; 18
     37e:	0c 94 37 0d 	jmp	0x1a6e	; 0x1a6e <__epilogue_restores__>

00000382 <__subsf3>:
     382:	a0 e2       	ldi	r26, 0x20	; 32
     384:	b0 e0       	ldi	r27, 0x00	; 0
     386:	e7 ec       	ldi	r30, 0xC7	; 199
     388:	f1 e0       	ldi	r31, 0x01	; 1
     38a:	0c 94 27 0d 	jmp	0x1a4e	; 0x1a4e <__prologue_saves__+0x18>
     38e:	69 83       	std	Y+1, r22	; 0x01
     390:	7a 83       	std	Y+2, r23	; 0x02
     392:	8b 83       	std	Y+3, r24	; 0x03
     394:	9c 83       	std	Y+4, r25	; 0x04
     396:	2d 83       	std	Y+5, r18	; 0x05
     398:	3e 83       	std	Y+6, r19	; 0x06
     39a:	4f 83       	std	Y+7, r20	; 0x07
     39c:	58 87       	std	Y+8, r21	; 0x08
     39e:	e9 e0       	ldi	r30, 0x09	; 9
     3a0:	ee 2e       	mov	r14, r30
     3a2:	f1 2c       	mov	r15, r1
     3a4:	ec 0e       	add	r14, r28
     3a6:	fd 1e       	adc	r15, r29
     3a8:	ce 01       	movw	r24, r28
     3aa:	01 96       	adiw	r24, 0x01	; 1
     3ac:	b7 01       	movw	r22, r14
     3ae:	0e 94 d2 04 	call	0x9a4	; 0x9a4 <__unpack_f>
     3b2:	8e 01       	movw	r16, r28
     3b4:	0f 5e       	subi	r16, 0xEF	; 239
     3b6:	1f 4f       	sbci	r17, 0xFF	; 255
     3b8:	ce 01       	movw	r24, r28
     3ba:	05 96       	adiw	r24, 0x05	; 5
     3bc:	b8 01       	movw	r22, r16
     3be:	0e 94 d2 04 	call	0x9a4	; 0x9a4 <__unpack_f>
     3c2:	8a 89       	ldd	r24, Y+18	; 0x12
     3c4:	91 e0       	ldi	r25, 0x01	; 1
     3c6:	89 27       	eor	r24, r25
     3c8:	8a 8b       	std	Y+18, r24	; 0x12
     3ca:	c7 01       	movw	r24, r14
     3cc:	b8 01       	movw	r22, r16
     3ce:	ae 01       	movw	r20, r28
     3d0:	47 5e       	subi	r20, 0xE7	; 231
     3d2:	5f 4f       	sbci	r21, 0xFF	; 255
     3d4:	0e 94 75 00 	call	0xea	; 0xea <_fpadd_parts>
     3d8:	0e 94 fd 03 	call	0x7fa	; 0x7fa <__pack_f>
     3dc:	a0 96       	adiw	r28, 0x20	; 32
     3de:	e6 e0       	ldi	r30, 0x06	; 6
     3e0:	0c 94 43 0d 	jmp	0x1a86	; 0x1a86 <__epilogue_restores__+0x18>

000003e4 <__addsf3>:
     3e4:	a0 e2       	ldi	r26, 0x20	; 32
     3e6:	b0 e0       	ldi	r27, 0x00	; 0
     3e8:	e8 ef       	ldi	r30, 0xF8	; 248
     3ea:	f1 e0       	ldi	r31, 0x01	; 1
     3ec:	0c 94 27 0d 	jmp	0x1a4e	; 0x1a4e <__prologue_saves__+0x18>
     3f0:	69 83       	std	Y+1, r22	; 0x01
     3f2:	7a 83       	std	Y+2, r23	; 0x02
     3f4:	8b 83       	std	Y+3, r24	; 0x03
     3f6:	9c 83       	std	Y+4, r25	; 0x04
     3f8:	2d 83       	std	Y+5, r18	; 0x05
     3fa:	3e 83       	std	Y+6, r19	; 0x06
     3fc:	4f 83       	std	Y+7, r20	; 0x07
     3fe:	58 87       	std	Y+8, r21	; 0x08
     400:	f9 e0       	ldi	r31, 0x09	; 9
     402:	ef 2e       	mov	r14, r31
     404:	f1 2c       	mov	r15, r1
     406:	ec 0e       	add	r14, r28
     408:	fd 1e       	adc	r15, r29
     40a:	ce 01       	movw	r24, r28
     40c:	01 96       	adiw	r24, 0x01	; 1
     40e:	b7 01       	movw	r22, r14
     410:	0e 94 d2 04 	call	0x9a4	; 0x9a4 <__unpack_f>
     414:	8e 01       	movw	r16, r28
     416:	0f 5e       	subi	r16, 0xEF	; 239
     418:	1f 4f       	sbci	r17, 0xFF	; 255
     41a:	ce 01       	movw	r24, r28
     41c:	05 96       	adiw	r24, 0x05	; 5
     41e:	b8 01       	movw	r22, r16
     420:	0e 94 d2 04 	call	0x9a4	; 0x9a4 <__unpack_f>
     424:	c7 01       	movw	r24, r14
     426:	b8 01       	movw	r22, r16
     428:	ae 01       	movw	r20, r28
     42a:	47 5e       	subi	r20, 0xE7	; 231
     42c:	5f 4f       	sbci	r21, 0xFF	; 255
     42e:	0e 94 75 00 	call	0xea	; 0xea <_fpadd_parts>
     432:	0e 94 fd 03 	call	0x7fa	; 0x7fa <__pack_f>
     436:	a0 96       	adiw	r28, 0x20	; 32
     438:	e6 e0       	ldi	r30, 0x06	; 6
     43a:	0c 94 43 0d 	jmp	0x1a86	; 0x1a86 <__epilogue_restores__+0x18>

0000043e <__mulsf3>:
     43e:	a0 e2       	ldi	r26, 0x20	; 32
     440:	b0 e0       	ldi	r27, 0x00	; 0
     442:	e5 e2       	ldi	r30, 0x25	; 37
     444:	f2 e0       	ldi	r31, 0x02	; 2
     446:	0c 94 1b 0d 	jmp	0x1a36	; 0x1a36 <__prologue_saves__>
     44a:	69 83       	std	Y+1, r22	; 0x01
     44c:	7a 83       	std	Y+2, r23	; 0x02
     44e:	8b 83       	std	Y+3, r24	; 0x03
     450:	9c 83       	std	Y+4, r25	; 0x04
     452:	2d 83       	std	Y+5, r18	; 0x05
     454:	3e 83       	std	Y+6, r19	; 0x06
     456:	4f 83       	std	Y+7, r20	; 0x07
     458:	58 87       	std	Y+8, r21	; 0x08
     45a:	ce 01       	movw	r24, r28
     45c:	01 96       	adiw	r24, 0x01	; 1
     45e:	be 01       	movw	r22, r28
     460:	67 5f       	subi	r22, 0xF7	; 247
     462:	7f 4f       	sbci	r23, 0xFF	; 255
     464:	0e 94 d2 04 	call	0x9a4	; 0x9a4 <__unpack_f>
     468:	ce 01       	movw	r24, r28
     46a:	05 96       	adiw	r24, 0x05	; 5
     46c:	be 01       	movw	r22, r28
     46e:	6f 5e       	subi	r22, 0xEF	; 239
     470:	7f 4f       	sbci	r23, 0xFF	; 255
     472:	0e 94 d2 04 	call	0x9a4	; 0x9a4 <__unpack_f>
     476:	99 85       	ldd	r25, Y+9	; 0x09
     478:	92 30       	cpi	r25, 0x02	; 2
     47a:	88 f0       	brcs	.+34     	; 0x49e <__mulsf3+0x60>
     47c:	89 89       	ldd	r24, Y+17	; 0x11
     47e:	82 30       	cpi	r24, 0x02	; 2
     480:	c8 f0       	brcs	.+50     	; 0x4b4 <__mulsf3+0x76>
     482:	94 30       	cpi	r25, 0x04	; 4
     484:	19 f4       	brne	.+6      	; 0x48c <__mulsf3+0x4e>
     486:	82 30       	cpi	r24, 0x02	; 2
     488:	51 f4       	brne	.+20     	; 0x49e <__mulsf3+0x60>
     48a:	04 c0       	rjmp	.+8      	; 0x494 <__mulsf3+0x56>
     48c:	84 30       	cpi	r24, 0x04	; 4
     48e:	29 f4       	brne	.+10     	; 0x49a <__mulsf3+0x5c>
     490:	92 30       	cpi	r25, 0x02	; 2
     492:	81 f4       	brne	.+32     	; 0x4b4 <__mulsf3+0x76>
     494:	80 e6       	ldi	r24, 0x60	; 96
     496:	90 e0       	ldi	r25, 0x00	; 0
     498:	c6 c0       	rjmp	.+396    	; 0x626 <__mulsf3+0x1e8>
     49a:	92 30       	cpi	r25, 0x02	; 2
     49c:	49 f4       	brne	.+18     	; 0x4b0 <__mulsf3+0x72>
     49e:	20 e0       	ldi	r18, 0x00	; 0
     4a0:	9a 85       	ldd	r25, Y+10	; 0x0a
     4a2:	8a 89       	ldd	r24, Y+18	; 0x12
     4a4:	98 13       	cpse	r25, r24
     4a6:	21 e0       	ldi	r18, 0x01	; 1
     4a8:	2a 87       	std	Y+10, r18	; 0x0a
     4aa:	ce 01       	movw	r24, r28
     4ac:	09 96       	adiw	r24, 0x09	; 9
     4ae:	bb c0       	rjmp	.+374    	; 0x626 <__mulsf3+0x1e8>
     4b0:	82 30       	cpi	r24, 0x02	; 2
     4b2:	49 f4       	brne	.+18     	; 0x4c6 <__mulsf3+0x88>
     4b4:	20 e0       	ldi	r18, 0x00	; 0
     4b6:	9a 85       	ldd	r25, Y+10	; 0x0a
     4b8:	8a 89       	ldd	r24, Y+18	; 0x12
     4ba:	98 13       	cpse	r25, r24
     4bc:	21 e0       	ldi	r18, 0x01	; 1
     4be:	2a 8b       	std	Y+18, r18	; 0x12
     4c0:	ce 01       	movw	r24, r28
     4c2:	41 96       	adiw	r24, 0x11	; 17
     4c4:	b0 c0       	rjmp	.+352    	; 0x626 <__mulsf3+0x1e8>
     4c6:	2d 84       	ldd	r2, Y+13	; 0x0d
     4c8:	3e 84       	ldd	r3, Y+14	; 0x0e
     4ca:	4f 84       	ldd	r4, Y+15	; 0x0f
     4cc:	58 88       	ldd	r5, Y+16	; 0x10
     4ce:	6d 88       	ldd	r6, Y+21	; 0x15
     4d0:	7e 88       	ldd	r7, Y+22	; 0x16
     4d2:	8f 88       	ldd	r8, Y+23	; 0x17
     4d4:	98 8c       	ldd	r9, Y+24	; 0x18
     4d6:	ee 24       	eor	r14, r14
     4d8:	ff 24       	eor	r15, r15
     4da:	87 01       	movw	r16, r14
     4dc:	aa 24       	eor	r10, r10
     4de:	bb 24       	eor	r11, r11
     4e0:	65 01       	movw	r12, r10
     4e2:	40 e0       	ldi	r20, 0x00	; 0
     4e4:	50 e0       	ldi	r21, 0x00	; 0
     4e6:	60 e0       	ldi	r22, 0x00	; 0
     4e8:	70 e0       	ldi	r23, 0x00	; 0
     4ea:	e0 e0       	ldi	r30, 0x00	; 0
     4ec:	f0 e0       	ldi	r31, 0x00	; 0
     4ee:	c1 01       	movw	r24, r2
     4f0:	81 70       	andi	r24, 0x01	; 1
     4f2:	90 70       	andi	r25, 0x00	; 0
     4f4:	89 2b       	or	r24, r25
     4f6:	e9 f0       	breq	.+58     	; 0x532 <__mulsf3+0xf4>
     4f8:	e6 0c       	add	r14, r6
     4fa:	f7 1c       	adc	r15, r7
     4fc:	08 1d       	adc	r16, r8
     4fe:	19 1d       	adc	r17, r9
     500:	9a 01       	movw	r18, r20
     502:	ab 01       	movw	r20, r22
     504:	2a 0d       	add	r18, r10
     506:	3b 1d       	adc	r19, r11
     508:	4c 1d       	adc	r20, r12
     50a:	5d 1d       	adc	r21, r13
     50c:	80 e0       	ldi	r24, 0x00	; 0
     50e:	90 e0       	ldi	r25, 0x00	; 0
     510:	a0 e0       	ldi	r26, 0x00	; 0
     512:	b0 e0       	ldi	r27, 0x00	; 0
     514:	e6 14       	cp	r14, r6
     516:	f7 04       	cpc	r15, r7
     518:	08 05       	cpc	r16, r8
     51a:	19 05       	cpc	r17, r9
     51c:	20 f4       	brcc	.+8      	; 0x526 <__mulsf3+0xe8>
     51e:	81 e0       	ldi	r24, 0x01	; 1
     520:	90 e0       	ldi	r25, 0x00	; 0
     522:	a0 e0       	ldi	r26, 0x00	; 0
     524:	b0 e0       	ldi	r27, 0x00	; 0
     526:	ba 01       	movw	r22, r20
     528:	a9 01       	movw	r20, r18
     52a:	48 0f       	add	r20, r24
     52c:	59 1f       	adc	r21, r25
     52e:	6a 1f       	adc	r22, r26
     530:	7b 1f       	adc	r23, r27
     532:	aa 0c       	add	r10, r10
     534:	bb 1c       	adc	r11, r11
     536:	cc 1c       	adc	r12, r12
     538:	dd 1c       	adc	r13, r13
     53a:	97 fe       	sbrs	r9, 7
     53c:	08 c0       	rjmp	.+16     	; 0x54e <__mulsf3+0x110>
     53e:	81 e0       	ldi	r24, 0x01	; 1
     540:	90 e0       	ldi	r25, 0x00	; 0
     542:	a0 e0       	ldi	r26, 0x00	; 0
     544:	b0 e0       	ldi	r27, 0x00	; 0
     546:	a8 2a       	or	r10, r24
     548:	b9 2a       	or	r11, r25
     54a:	ca 2a       	or	r12, r26
     54c:	db 2a       	or	r13, r27
     54e:	31 96       	adiw	r30, 0x01	; 1
     550:	e0 32       	cpi	r30, 0x20	; 32
     552:	f1 05       	cpc	r31, r1
     554:	49 f0       	breq	.+18     	; 0x568 <__mulsf3+0x12a>
     556:	66 0c       	add	r6, r6
     558:	77 1c       	adc	r7, r7
     55a:	88 1c       	adc	r8, r8
     55c:	99 1c       	adc	r9, r9
     55e:	56 94       	lsr	r5
     560:	47 94       	ror	r4
     562:	37 94       	ror	r3
     564:	27 94       	ror	r2
     566:	c3 cf       	rjmp	.-122    	; 0x4ee <__mulsf3+0xb0>
     568:	fa 85       	ldd	r31, Y+10	; 0x0a
     56a:	ea 89       	ldd	r30, Y+18	; 0x12
     56c:	2b 89       	ldd	r18, Y+19	; 0x13
     56e:	3c 89       	ldd	r19, Y+20	; 0x14
     570:	8b 85       	ldd	r24, Y+11	; 0x0b
     572:	9c 85       	ldd	r25, Y+12	; 0x0c
     574:	28 0f       	add	r18, r24
     576:	39 1f       	adc	r19, r25
     578:	2e 5f       	subi	r18, 0xFE	; 254
     57a:	3f 4f       	sbci	r19, 0xFF	; 255
     57c:	17 c0       	rjmp	.+46     	; 0x5ac <__mulsf3+0x16e>
     57e:	ca 01       	movw	r24, r20
     580:	81 70       	andi	r24, 0x01	; 1
     582:	90 70       	andi	r25, 0x00	; 0
     584:	89 2b       	or	r24, r25
     586:	61 f0       	breq	.+24     	; 0x5a0 <__mulsf3+0x162>
     588:	16 95       	lsr	r17
     58a:	07 95       	ror	r16
     58c:	f7 94       	ror	r15
     58e:	e7 94       	ror	r14
     590:	80 e0       	ldi	r24, 0x00	; 0
     592:	90 e0       	ldi	r25, 0x00	; 0
     594:	a0 e0       	ldi	r26, 0x00	; 0
     596:	b0 e8       	ldi	r27, 0x80	; 128
     598:	e8 2a       	or	r14, r24
     59a:	f9 2a       	or	r15, r25
     59c:	0a 2b       	or	r16, r26
     59e:	1b 2b       	or	r17, r27
     5a0:	76 95       	lsr	r23
     5a2:	67 95       	ror	r22
     5a4:	57 95       	ror	r21
     5a6:	47 95       	ror	r20
     5a8:	2f 5f       	subi	r18, 0xFF	; 255
     5aa:	3f 4f       	sbci	r19, 0xFF	; 255
     5ac:	77 fd       	sbrc	r23, 7
     5ae:	e7 cf       	rjmp	.-50     	; 0x57e <__mulsf3+0x140>
     5b0:	0c c0       	rjmp	.+24     	; 0x5ca <__mulsf3+0x18c>
     5b2:	44 0f       	add	r20, r20
     5b4:	55 1f       	adc	r21, r21
     5b6:	66 1f       	adc	r22, r22
     5b8:	77 1f       	adc	r23, r23
     5ba:	17 fd       	sbrc	r17, 7
     5bc:	41 60       	ori	r20, 0x01	; 1
     5be:	ee 0c       	add	r14, r14
     5c0:	ff 1c       	adc	r15, r15
     5c2:	00 1f       	adc	r16, r16
     5c4:	11 1f       	adc	r17, r17
     5c6:	21 50       	subi	r18, 0x01	; 1
     5c8:	30 40       	sbci	r19, 0x00	; 0
     5ca:	40 30       	cpi	r20, 0x00	; 0
     5cc:	90 e0       	ldi	r25, 0x00	; 0
     5ce:	59 07       	cpc	r21, r25
     5d0:	90 e0       	ldi	r25, 0x00	; 0
     5d2:	69 07       	cpc	r22, r25
     5d4:	90 e4       	ldi	r25, 0x40	; 64
     5d6:	79 07       	cpc	r23, r25
     5d8:	60 f3       	brcs	.-40     	; 0x5b2 <__mulsf3+0x174>
     5da:	2b 8f       	std	Y+27, r18	; 0x1b
     5dc:	3c 8f       	std	Y+28, r19	; 0x1c
     5de:	db 01       	movw	r26, r22
     5e0:	ca 01       	movw	r24, r20
     5e2:	8f 77       	andi	r24, 0x7F	; 127
     5e4:	90 70       	andi	r25, 0x00	; 0
     5e6:	a0 70       	andi	r26, 0x00	; 0
     5e8:	b0 70       	andi	r27, 0x00	; 0
     5ea:	80 34       	cpi	r24, 0x40	; 64
     5ec:	91 05       	cpc	r25, r1
     5ee:	a1 05       	cpc	r26, r1
     5f0:	b1 05       	cpc	r27, r1
     5f2:	61 f4       	brne	.+24     	; 0x60c <__mulsf3+0x1ce>
     5f4:	47 fd       	sbrc	r20, 7
     5f6:	0a c0       	rjmp	.+20     	; 0x60c <__mulsf3+0x1ce>
     5f8:	e1 14       	cp	r14, r1
     5fa:	f1 04       	cpc	r15, r1
     5fc:	01 05       	cpc	r16, r1
     5fe:	11 05       	cpc	r17, r1
     600:	29 f0       	breq	.+10     	; 0x60c <__mulsf3+0x1ce>
     602:	40 5c       	subi	r20, 0xC0	; 192
     604:	5f 4f       	sbci	r21, 0xFF	; 255
     606:	6f 4f       	sbci	r22, 0xFF	; 255
     608:	7f 4f       	sbci	r23, 0xFF	; 255
     60a:	40 78       	andi	r20, 0x80	; 128
     60c:	1a 8e       	std	Y+26, r1	; 0x1a
     60e:	fe 17       	cp	r31, r30
     610:	11 f0       	breq	.+4      	; 0x616 <__mulsf3+0x1d8>
     612:	81 e0       	ldi	r24, 0x01	; 1
     614:	8a 8f       	std	Y+26, r24	; 0x1a
     616:	4d 8f       	std	Y+29, r20	; 0x1d
     618:	5e 8f       	std	Y+30, r21	; 0x1e
     61a:	6f 8f       	std	Y+31, r22	; 0x1f
     61c:	78 a3       	std	Y+32, r23	; 0x20
     61e:	83 e0       	ldi	r24, 0x03	; 3
     620:	89 8f       	std	Y+25, r24	; 0x19
     622:	ce 01       	movw	r24, r28
     624:	49 96       	adiw	r24, 0x19	; 25
     626:	0e 94 fd 03 	call	0x7fa	; 0x7fa <__pack_f>
     62a:	a0 96       	adiw	r28, 0x20	; 32
     62c:	e2 e1       	ldi	r30, 0x12	; 18
     62e:	0c 94 37 0d 	jmp	0x1a6e	; 0x1a6e <__epilogue_restores__>

00000632 <__gtsf2>:
     632:	a8 e1       	ldi	r26, 0x18	; 24
     634:	b0 e0       	ldi	r27, 0x00	; 0
     636:	ef e1       	ldi	r30, 0x1F	; 31
     638:	f3 e0       	ldi	r31, 0x03	; 3
     63a:	0c 94 27 0d 	jmp	0x1a4e	; 0x1a4e <__prologue_saves__+0x18>
     63e:	69 83       	std	Y+1, r22	; 0x01
     640:	7a 83       	std	Y+2, r23	; 0x02
     642:	8b 83       	std	Y+3, r24	; 0x03
     644:	9c 83       	std	Y+4, r25	; 0x04
     646:	2d 83       	std	Y+5, r18	; 0x05
     648:	3e 83       	std	Y+6, r19	; 0x06
     64a:	4f 83       	std	Y+7, r20	; 0x07
     64c:	58 87       	std	Y+8, r21	; 0x08
     64e:	89 e0       	ldi	r24, 0x09	; 9
     650:	e8 2e       	mov	r14, r24
     652:	f1 2c       	mov	r15, r1
     654:	ec 0e       	add	r14, r28
     656:	fd 1e       	adc	r15, r29
     658:	ce 01       	movw	r24, r28
     65a:	01 96       	adiw	r24, 0x01	; 1
     65c:	b7 01       	movw	r22, r14
     65e:	0e 94 d2 04 	call	0x9a4	; 0x9a4 <__unpack_f>
     662:	8e 01       	movw	r16, r28
     664:	0f 5e       	subi	r16, 0xEF	; 239
     666:	1f 4f       	sbci	r17, 0xFF	; 255
     668:	ce 01       	movw	r24, r28
     66a:	05 96       	adiw	r24, 0x05	; 5
     66c:	b8 01       	movw	r22, r16
     66e:	0e 94 d2 04 	call	0x9a4	; 0x9a4 <__unpack_f>
     672:	89 85       	ldd	r24, Y+9	; 0x09
     674:	82 30       	cpi	r24, 0x02	; 2
     676:	40 f0       	brcs	.+16     	; 0x688 <__gtsf2+0x56>
     678:	89 89       	ldd	r24, Y+17	; 0x11
     67a:	82 30       	cpi	r24, 0x02	; 2
     67c:	28 f0       	brcs	.+10     	; 0x688 <__gtsf2+0x56>
     67e:	c7 01       	movw	r24, r14
     680:	b8 01       	movw	r22, r16
     682:	0e 94 4a 05 	call	0xa94	; 0xa94 <__fpcmp_parts_f>
     686:	01 c0       	rjmp	.+2      	; 0x68a <__gtsf2+0x58>
     688:	8f ef       	ldi	r24, 0xFF	; 255
     68a:	68 96       	adiw	r28, 0x18	; 24
     68c:	e6 e0       	ldi	r30, 0x06	; 6
     68e:	0c 94 43 0d 	jmp	0x1a86	; 0x1a86 <__epilogue_restores__+0x18>

00000692 <__gesf2>:
     692:	a8 e1       	ldi	r26, 0x18	; 24
     694:	b0 e0       	ldi	r27, 0x00	; 0
     696:	ef e4       	ldi	r30, 0x4F	; 79
     698:	f3 e0       	ldi	r31, 0x03	; 3
     69a:	0c 94 27 0d 	jmp	0x1a4e	; 0x1a4e <__prologue_saves__+0x18>
     69e:	69 83       	std	Y+1, r22	; 0x01
     6a0:	7a 83       	std	Y+2, r23	; 0x02
     6a2:	8b 83       	std	Y+3, r24	; 0x03
     6a4:	9c 83       	std	Y+4, r25	; 0x04
     6a6:	2d 83       	std	Y+5, r18	; 0x05
     6a8:	3e 83       	std	Y+6, r19	; 0x06
     6aa:	4f 83       	std	Y+7, r20	; 0x07
     6ac:	58 87       	std	Y+8, r21	; 0x08
     6ae:	89 e0       	ldi	r24, 0x09	; 9
     6b0:	e8 2e       	mov	r14, r24
     6b2:	f1 2c       	mov	r15, r1
     6b4:	ec 0e       	add	r14, r28
     6b6:	fd 1e       	adc	r15, r29
     6b8:	ce 01       	movw	r24, r28
     6ba:	01 96       	adiw	r24, 0x01	; 1
     6bc:	b7 01       	movw	r22, r14
     6be:	0e 94 d2 04 	call	0x9a4	; 0x9a4 <__unpack_f>
     6c2:	8e 01       	movw	r16, r28
     6c4:	0f 5e       	subi	r16, 0xEF	; 239
     6c6:	1f 4f       	sbci	r17, 0xFF	; 255
     6c8:	ce 01       	movw	r24, r28
     6ca:	05 96       	adiw	r24, 0x05	; 5
     6cc:	b8 01       	movw	r22, r16
     6ce:	0e 94 d2 04 	call	0x9a4	; 0x9a4 <__unpack_f>
     6d2:	89 85       	ldd	r24, Y+9	; 0x09
     6d4:	82 30       	cpi	r24, 0x02	; 2
     6d6:	40 f0       	brcs	.+16     	; 0x6e8 <__gesf2+0x56>
     6d8:	89 89       	ldd	r24, Y+17	; 0x11
     6da:	82 30       	cpi	r24, 0x02	; 2
     6dc:	28 f0       	brcs	.+10     	; 0x6e8 <__gesf2+0x56>
     6de:	c7 01       	movw	r24, r14
     6e0:	b8 01       	movw	r22, r16
     6e2:	0e 94 4a 05 	call	0xa94	; 0xa94 <__fpcmp_parts_f>
     6e6:	01 c0       	rjmp	.+2      	; 0x6ea <__gesf2+0x58>
     6e8:	8f ef       	ldi	r24, 0xFF	; 255
     6ea:	68 96       	adiw	r28, 0x18	; 24
     6ec:	e6 e0       	ldi	r30, 0x06	; 6
     6ee:	0c 94 43 0d 	jmp	0x1a86	; 0x1a86 <__epilogue_restores__+0x18>

000006f2 <__ltsf2>:
     6f2:	a8 e1       	ldi	r26, 0x18	; 24
     6f4:	b0 e0       	ldi	r27, 0x00	; 0
     6f6:	ef e7       	ldi	r30, 0x7F	; 127
     6f8:	f3 e0       	ldi	r31, 0x03	; 3
     6fa:	0c 94 27 0d 	jmp	0x1a4e	; 0x1a4e <__prologue_saves__+0x18>
     6fe:	69 83       	std	Y+1, r22	; 0x01
     700:	7a 83       	std	Y+2, r23	; 0x02
     702:	8b 83       	std	Y+3, r24	; 0x03
     704:	9c 83       	std	Y+4, r25	; 0x04
     706:	2d 83       	std	Y+5, r18	; 0x05
     708:	3e 83       	std	Y+6, r19	; 0x06
     70a:	4f 83       	std	Y+7, r20	; 0x07
     70c:	58 87       	std	Y+8, r21	; 0x08
     70e:	89 e0       	ldi	r24, 0x09	; 9
     710:	e8 2e       	mov	r14, r24
     712:	f1 2c       	mov	r15, r1
     714:	ec 0e       	add	r14, r28
     716:	fd 1e       	adc	r15, r29
     718:	ce 01       	movw	r24, r28
     71a:	01 96       	adiw	r24, 0x01	; 1
     71c:	b7 01       	movw	r22, r14
     71e:	0e 94 d2 04 	call	0x9a4	; 0x9a4 <__unpack_f>
     722:	8e 01       	movw	r16, r28
     724:	0f 5e       	subi	r16, 0xEF	; 239
     726:	1f 4f       	sbci	r17, 0xFF	; 255
     728:	ce 01       	movw	r24, r28
     72a:	05 96       	adiw	r24, 0x05	; 5
     72c:	b8 01       	movw	r22, r16
     72e:	0e 94 d2 04 	call	0x9a4	; 0x9a4 <__unpack_f>
     732:	89 85       	ldd	r24, Y+9	; 0x09
     734:	82 30       	cpi	r24, 0x02	; 2
     736:	40 f0       	brcs	.+16     	; 0x748 <__ltsf2+0x56>
     738:	89 89       	ldd	r24, Y+17	; 0x11
     73a:	82 30       	cpi	r24, 0x02	; 2
     73c:	28 f0       	brcs	.+10     	; 0x748 <__ltsf2+0x56>
     73e:	c7 01       	movw	r24, r14
     740:	b8 01       	movw	r22, r16
     742:	0e 94 4a 05 	call	0xa94	; 0xa94 <__fpcmp_parts_f>
     746:	01 c0       	rjmp	.+2      	; 0x74a <__ltsf2+0x58>
     748:	81 e0       	ldi	r24, 0x01	; 1
     74a:	68 96       	adiw	r28, 0x18	; 24
     74c:	e6 e0       	ldi	r30, 0x06	; 6
     74e:	0c 94 43 0d 	jmp	0x1a86	; 0x1a86 <__epilogue_restores__+0x18>

00000752 <__fixsfsi>:
     752:	ac e0       	ldi	r26, 0x0C	; 12
     754:	b0 e0       	ldi	r27, 0x00	; 0
     756:	ef ea       	ldi	r30, 0xAF	; 175
     758:	f3 e0       	ldi	r31, 0x03	; 3
     75a:	0c 94 2b 0d 	jmp	0x1a56	; 0x1a56 <__prologue_saves__+0x20>
     75e:	69 83       	std	Y+1, r22	; 0x01
     760:	7a 83       	std	Y+2, r23	; 0x02
     762:	8b 83       	std	Y+3, r24	; 0x03
     764:	9c 83       	std	Y+4, r25	; 0x04
     766:	ce 01       	movw	r24, r28
     768:	01 96       	adiw	r24, 0x01	; 1
     76a:	be 01       	movw	r22, r28
     76c:	6b 5f       	subi	r22, 0xFB	; 251
     76e:	7f 4f       	sbci	r23, 0xFF	; 255
     770:	0e 94 d2 04 	call	0x9a4	; 0x9a4 <__unpack_f>
     774:	8d 81       	ldd	r24, Y+5	; 0x05
     776:	82 30       	cpi	r24, 0x02	; 2
     778:	61 f1       	breq	.+88     	; 0x7d2 <__fixsfsi+0x80>
     77a:	82 30       	cpi	r24, 0x02	; 2
     77c:	50 f1       	brcs	.+84     	; 0x7d2 <__fixsfsi+0x80>
     77e:	84 30       	cpi	r24, 0x04	; 4
     780:	21 f4       	brne	.+8      	; 0x78a <__fixsfsi+0x38>
     782:	8e 81       	ldd	r24, Y+6	; 0x06
     784:	88 23       	and	r24, r24
     786:	51 f1       	breq	.+84     	; 0x7dc <__fixsfsi+0x8a>
     788:	2e c0       	rjmp	.+92     	; 0x7e6 <__fixsfsi+0x94>
     78a:	2f 81       	ldd	r18, Y+7	; 0x07
     78c:	38 85       	ldd	r19, Y+8	; 0x08
     78e:	37 fd       	sbrc	r19, 7
     790:	20 c0       	rjmp	.+64     	; 0x7d2 <__fixsfsi+0x80>
     792:	6e 81       	ldd	r22, Y+6	; 0x06
     794:	2f 31       	cpi	r18, 0x1F	; 31
     796:	31 05       	cpc	r19, r1
     798:	1c f0       	brlt	.+6      	; 0x7a0 <__fixsfsi+0x4e>
     79a:	66 23       	and	r22, r22
     79c:	f9 f0       	breq	.+62     	; 0x7dc <__fixsfsi+0x8a>
     79e:	23 c0       	rjmp	.+70     	; 0x7e6 <__fixsfsi+0x94>
     7a0:	8e e1       	ldi	r24, 0x1E	; 30
     7a2:	90 e0       	ldi	r25, 0x00	; 0
     7a4:	82 1b       	sub	r24, r18
     7a6:	93 0b       	sbc	r25, r19
     7a8:	29 85       	ldd	r18, Y+9	; 0x09
     7aa:	3a 85       	ldd	r19, Y+10	; 0x0a
     7ac:	4b 85       	ldd	r20, Y+11	; 0x0b
     7ae:	5c 85       	ldd	r21, Y+12	; 0x0c
     7b0:	04 c0       	rjmp	.+8      	; 0x7ba <__fixsfsi+0x68>
     7b2:	56 95       	lsr	r21
     7b4:	47 95       	ror	r20
     7b6:	37 95       	ror	r19
     7b8:	27 95       	ror	r18
     7ba:	8a 95       	dec	r24
     7bc:	d2 f7       	brpl	.-12     	; 0x7b2 <__fixsfsi+0x60>
     7be:	66 23       	and	r22, r22
     7c0:	b1 f0       	breq	.+44     	; 0x7ee <__fixsfsi+0x9c>
     7c2:	50 95       	com	r21
     7c4:	40 95       	com	r20
     7c6:	30 95       	com	r19
     7c8:	21 95       	neg	r18
     7ca:	3f 4f       	sbci	r19, 0xFF	; 255
     7cc:	4f 4f       	sbci	r20, 0xFF	; 255
     7ce:	5f 4f       	sbci	r21, 0xFF	; 255
     7d0:	0e c0       	rjmp	.+28     	; 0x7ee <__fixsfsi+0x9c>
     7d2:	20 e0       	ldi	r18, 0x00	; 0
     7d4:	30 e0       	ldi	r19, 0x00	; 0
     7d6:	40 e0       	ldi	r20, 0x00	; 0
     7d8:	50 e0       	ldi	r21, 0x00	; 0
     7da:	09 c0       	rjmp	.+18     	; 0x7ee <__fixsfsi+0x9c>
     7dc:	2f ef       	ldi	r18, 0xFF	; 255
     7de:	3f ef       	ldi	r19, 0xFF	; 255
     7e0:	4f ef       	ldi	r20, 0xFF	; 255
     7e2:	5f e7       	ldi	r21, 0x7F	; 127
     7e4:	04 c0       	rjmp	.+8      	; 0x7ee <__fixsfsi+0x9c>
     7e6:	20 e0       	ldi	r18, 0x00	; 0
     7e8:	30 e0       	ldi	r19, 0x00	; 0
     7ea:	40 e0       	ldi	r20, 0x00	; 0
     7ec:	50 e8       	ldi	r21, 0x80	; 128
     7ee:	b9 01       	movw	r22, r18
     7f0:	ca 01       	movw	r24, r20
     7f2:	2c 96       	adiw	r28, 0x0c	; 12
     7f4:	e2 e0       	ldi	r30, 0x02	; 2
     7f6:	0c 94 47 0d 	jmp	0x1a8e	; 0x1a8e <__epilogue_restores__+0x20>

000007fa <__pack_f>:
     7fa:	df 92       	push	r13
     7fc:	ef 92       	push	r14
     7fe:	ff 92       	push	r15
     800:	0f 93       	push	r16
     802:	1f 93       	push	r17
     804:	fc 01       	movw	r30, r24
     806:	e4 80       	ldd	r14, Z+4	; 0x04
     808:	f5 80       	ldd	r15, Z+5	; 0x05
     80a:	06 81       	ldd	r16, Z+6	; 0x06
     80c:	17 81       	ldd	r17, Z+7	; 0x07
     80e:	d1 80       	ldd	r13, Z+1	; 0x01
     810:	80 81       	ld	r24, Z
     812:	82 30       	cpi	r24, 0x02	; 2
     814:	48 f4       	brcc	.+18     	; 0x828 <__pack_f+0x2e>
     816:	80 e0       	ldi	r24, 0x00	; 0
     818:	90 e0       	ldi	r25, 0x00	; 0
     81a:	a0 e1       	ldi	r26, 0x10	; 16
     81c:	b0 e0       	ldi	r27, 0x00	; 0
     81e:	e8 2a       	or	r14, r24
     820:	f9 2a       	or	r15, r25
     822:	0a 2b       	or	r16, r26
     824:	1b 2b       	or	r17, r27
     826:	a5 c0       	rjmp	.+330    	; 0x972 <__stack+0x113>
     828:	84 30       	cpi	r24, 0x04	; 4
     82a:	09 f4       	brne	.+2      	; 0x82e <__pack_f+0x34>
     82c:	9f c0       	rjmp	.+318    	; 0x96c <__stack+0x10d>
     82e:	82 30       	cpi	r24, 0x02	; 2
     830:	21 f4       	brne	.+8      	; 0x83a <__pack_f+0x40>
     832:	ee 24       	eor	r14, r14
     834:	ff 24       	eor	r15, r15
     836:	87 01       	movw	r16, r14
     838:	05 c0       	rjmp	.+10     	; 0x844 <__pack_f+0x4a>
     83a:	e1 14       	cp	r14, r1
     83c:	f1 04       	cpc	r15, r1
     83e:	01 05       	cpc	r16, r1
     840:	11 05       	cpc	r17, r1
     842:	19 f4       	brne	.+6      	; 0x84a <__pack_f+0x50>
     844:	e0 e0       	ldi	r30, 0x00	; 0
     846:	f0 e0       	ldi	r31, 0x00	; 0
     848:	96 c0       	rjmp	.+300    	; 0x976 <__stack+0x117>
     84a:	62 81       	ldd	r22, Z+2	; 0x02
     84c:	73 81       	ldd	r23, Z+3	; 0x03
     84e:	9f ef       	ldi	r25, 0xFF	; 255
     850:	62 38       	cpi	r22, 0x82	; 130
     852:	79 07       	cpc	r23, r25
     854:	0c f0       	brlt	.+2      	; 0x858 <__pack_f+0x5e>
     856:	5b c0       	rjmp	.+182    	; 0x90e <__stack+0xaf>
     858:	22 e8       	ldi	r18, 0x82	; 130
     85a:	3f ef       	ldi	r19, 0xFF	; 255
     85c:	26 1b       	sub	r18, r22
     85e:	37 0b       	sbc	r19, r23
     860:	2a 31       	cpi	r18, 0x1A	; 26
     862:	31 05       	cpc	r19, r1
     864:	2c f0       	brlt	.+10     	; 0x870 <__stack+0x11>
     866:	20 e0       	ldi	r18, 0x00	; 0
     868:	30 e0       	ldi	r19, 0x00	; 0
     86a:	40 e0       	ldi	r20, 0x00	; 0
     86c:	50 e0       	ldi	r21, 0x00	; 0
     86e:	2a c0       	rjmp	.+84     	; 0x8c4 <__stack+0x65>
     870:	b8 01       	movw	r22, r16
     872:	a7 01       	movw	r20, r14
     874:	02 2e       	mov	r0, r18
     876:	04 c0       	rjmp	.+8      	; 0x880 <__stack+0x21>
     878:	76 95       	lsr	r23
     87a:	67 95       	ror	r22
     87c:	57 95       	ror	r21
     87e:	47 95       	ror	r20
     880:	0a 94       	dec	r0
     882:	d2 f7       	brpl	.-12     	; 0x878 <__stack+0x19>
     884:	81 e0       	ldi	r24, 0x01	; 1
     886:	90 e0       	ldi	r25, 0x00	; 0
     888:	a0 e0       	ldi	r26, 0x00	; 0
     88a:	b0 e0       	ldi	r27, 0x00	; 0
     88c:	04 c0       	rjmp	.+8      	; 0x896 <__stack+0x37>
     88e:	88 0f       	add	r24, r24
     890:	99 1f       	adc	r25, r25
     892:	aa 1f       	adc	r26, r26
     894:	bb 1f       	adc	r27, r27
     896:	2a 95       	dec	r18
     898:	d2 f7       	brpl	.-12     	; 0x88e <__stack+0x2f>
     89a:	01 97       	sbiw	r24, 0x01	; 1
     89c:	a1 09       	sbc	r26, r1
     89e:	b1 09       	sbc	r27, r1
     8a0:	8e 21       	and	r24, r14
     8a2:	9f 21       	and	r25, r15
     8a4:	a0 23       	and	r26, r16
     8a6:	b1 23       	and	r27, r17
     8a8:	00 97       	sbiw	r24, 0x00	; 0
     8aa:	a1 05       	cpc	r26, r1
     8ac:	b1 05       	cpc	r27, r1
     8ae:	21 f0       	breq	.+8      	; 0x8b8 <__stack+0x59>
     8b0:	81 e0       	ldi	r24, 0x01	; 1
     8b2:	90 e0       	ldi	r25, 0x00	; 0
     8b4:	a0 e0       	ldi	r26, 0x00	; 0
     8b6:	b0 e0       	ldi	r27, 0x00	; 0
     8b8:	9a 01       	movw	r18, r20
     8ba:	ab 01       	movw	r20, r22
     8bc:	28 2b       	or	r18, r24
     8be:	39 2b       	or	r19, r25
     8c0:	4a 2b       	or	r20, r26
     8c2:	5b 2b       	or	r21, r27
     8c4:	da 01       	movw	r26, r20
     8c6:	c9 01       	movw	r24, r18
     8c8:	8f 77       	andi	r24, 0x7F	; 127
     8ca:	90 70       	andi	r25, 0x00	; 0
     8cc:	a0 70       	andi	r26, 0x00	; 0
     8ce:	b0 70       	andi	r27, 0x00	; 0
     8d0:	80 34       	cpi	r24, 0x40	; 64
     8d2:	91 05       	cpc	r25, r1
     8d4:	a1 05       	cpc	r26, r1
     8d6:	b1 05       	cpc	r27, r1
     8d8:	39 f4       	brne	.+14     	; 0x8e8 <__stack+0x89>
     8da:	27 ff       	sbrs	r18, 7
     8dc:	09 c0       	rjmp	.+18     	; 0x8f0 <__stack+0x91>
     8de:	20 5c       	subi	r18, 0xC0	; 192
     8e0:	3f 4f       	sbci	r19, 0xFF	; 255
     8e2:	4f 4f       	sbci	r20, 0xFF	; 255
     8e4:	5f 4f       	sbci	r21, 0xFF	; 255
     8e6:	04 c0       	rjmp	.+8      	; 0x8f0 <__stack+0x91>
     8e8:	21 5c       	subi	r18, 0xC1	; 193
     8ea:	3f 4f       	sbci	r19, 0xFF	; 255
     8ec:	4f 4f       	sbci	r20, 0xFF	; 255
     8ee:	5f 4f       	sbci	r21, 0xFF	; 255
     8f0:	e0 e0       	ldi	r30, 0x00	; 0
     8f2:	f0 e0       	ldi	r31, 0x00	; 0
     8f4:	20 30       	cpi	r18, 0x00	; 0
     8f6:	a0 e0       	ldi	r26, 0x00	; 0
     8f8:	3a 07       	cpc	r19, r26
     8fa:	a0 e0       	ldi	r26, 0x00	; 0
     8fc:	4a 07       	cpc	r20, r26
     8fe:	a0 e4       	ldi	r26, 0x40	; 64
     900:	5a 07       	cpc	r21, r26
     902:	10 f0       	brcs	.+4      	; 0x908 <__stack+0xa9>
     904:	e1 e0       	ldi	r30, 0x01	; 1
     906:	f0 e0       	ldi	r31, 0x00	; 0
     908:	79 01       	movw	r14, r18
     90a:	8a 01       	movw	r16, r20
     90c:	27 c0       	rjmp	.+78     	; 0x95c <__stack+0xfd>
     90e:	60 38       	cpi	r22, 0x80	; 128
     910:	71 05       	cpc	r23, r1
     912:	64 f5       	brge	.+88     	; 0x96c <__stack+0x10d>
     914:	fb 01       	movw	r30, r22
     916:	e1 58       	subi	r30, 0x81	; 129
     918:	ff 4f       	sbci	r31, 0xFF	; 255
     91a:	d8 01       	movw	r26, r16
     91c:	c7 01       	movw	r24, r14
     91e:	8f 77       	andi	r24, 0x7F	; 127
     920:	90 70       	andi	r25, 0x00	; 0
     922:	a0 70       	andi	r26, 0x00	; 0
     924:	b0 70       	andi	r27, 0x00	; 0
     926:	80 34       	cpi	r24, 0x40	; 64
     928:	91 05       	cpc	r25, r1
     92a:	a1 05       	cpc	r26, r1
     92c:	b1 05       	cpc	r27, r1
     92e:	39 f4       	brne	.+14     	; 0x93e <__stack+0xdf>
     930:	e7 fe       	sbrs	r14, 7
     932:	0d c0       	rjmp	.+26     	; 0x94e <__stack+0xef>
     934:	80 e4       	ldi	r24, 0x40	; 64
     936:	90 e0       	ldi	r25, 0x00	; 0
     938:	a0 e0       	ldi	r26, 0x00	; 0
     93a:	b0 e0       	ldi	r27, 0x00	; 0
     93c:	04 c0       	rjmp	.+8      	; 0x946 <__stack+0xe7>
     93e:	8f e3       	ldi	r24, 0x3F	; 63
     940:	90 e0       	ldi	r25, 0x00	; 0
     942:	a0 e0       	ldi	r26, 0x00	; 0
     944:	b0 e0       	ldi	r27, 0x00	; 0
     946:	e8 0e       	add	r14, r24
     948:	f9 1e       	adc	r15, r25
     94a:	0a 1f       	adc	r16, r26
     94c:	1b 1f       	adc	r17, r27
     94e:	17 ff       	sbrs	r17, 7
     950:	05 c0       	rjmp	.+10     	; 0x95c <__stack+0xfd>
     952:	16 95       	lsr	r17
     954:	07 95       	ror	r16
     956:	f7 94       	ror	r15
     958:	e7 94       	ror	r14
     95a:	31 96       	adiw	r30, 0x01	; 1
     95c:	87 e0       	ldi	r24, 0x07	; 7
     95e:	16 95       	lsr	r17
     960:	07 95       	ror	r16
     962:	f7 94       	ror	r15
     964:	e7 94       	ror	r14
     966:	8a 95       	dec	r24
     968:	d1 f7       	brne	.-12     	; 0x95e <__stack+0xff>
     96a:	05 c0       	rjmp	.+10     	; 0x976 <__stack+0x117>
     96c:	ee 24       	eor	r14, r14
     96e:	ff 24       	eor	r15, r15
     970:	87 01       	movw	r16, r14
     972:	ef ef       	ldi	r30, 0xFF	; 255
     974:	f0 e0       	ldi	r31, 0x00	; 0
     976:	6e 2f       	mov	r22, r30
     978:	67 95       	ror	r22
     97a:	66 27       	eor	r22, r22
     97c:	67 95       	ror	r22
     97e:	90 2f       	mov	r25, r16
     980:	9f 77       	andi	r25, 0x7F	; 127
     982:	d7 94       	ror	r13
     984:	dd 24       	eor	r13, r13
     986:	d7 94       	ror	r13
     988:	8e 2f       	mov	r24, r30
     98a:	86 95       	lsr	r24
     98c:	49 2f       	mov	r20, r25
     98e:	46 2b       	or	r20, r22
     990:	58 2f       	mov	r21, r24
     992:	5d 29       	or	r21, r13
     994:	b7 01       	movw	r22, r14
     996:	ca 01       	movw	r24, r20
     998:	1f 91       	pop	r17
     99a:	0f 91       	pop	r16
     99c:	ff 90       	pop	r15
     99e:	ef 90       	pop	r14
     9a0:	df 90       	pop	r13
     9a2:	08 95       	ret

000009a4 <__unpack_f>:
     9a4:	fc 01       	movw	r30, r24
     9a6:	db 01       	movw	r26, r22
     9a8:	40 81       	ld	r20, Z
     9aa:	51 81       	ldd	r21, Z+1	; 0x01
     9ac:	22 81       	ldd	r18, Z+2	; 0x02
     9ae:	62 2f       	mov	r22, r18
     9b0:	6f 77       	andi	r22, 0x7F	; 127
     9b2:	70 e0       	ldi	r23, 0x00	; 0
     9b4:	22 1f       	adc	r18, r18
     9b6:	22 27       	eor	r18, r18
     9b8:	22 1f       	adc	r18, r18
     9ba:	93 81       	ldd	r25, Z+3	; 0x03
     9bc:	89 2f       	mov	r24, r25
     9be:	88 0f       	add	r24, r24
     9c0:	82 2b       	or	r24, r18
     9c2:	28 2f       	mov	r18, r24
     9c4:	30 e0       	ldi	r19, 0x00	; 0
     9c6:	99 1f       	adc	r25, r25
     9c8:	99 27       	eor	r25, r25
     9ca:	99 1f       	adc	r25, r25
     9cc:	11 96       	adiw	r26, 0x01	; 1
     9ce:	9c 93       	st	X, r25
     9d0:	11 97       	sbiw	r26, 0x01	; 1
     9d2:	21 15       	cp	r18, r1
     9d4:	31 05       	cpc	r19, r1
     9d6:	a9 f5       	brne	.+106    	; 0xa42 <__unpack_f+0x9e>
     9d8:	41 15       	cp	r20, r1
     9da:	51 05       	cpc	r21, r1
     9dc:	61 05       	cpc	r22, r1
     9de:	71 05       	cpc	r23, r1
     9e0:	11 f4       	brne	.+4      	; 0x9e6 <__unpack_f+0x42>
     9e2:	82 e0       	ldi	r24, 0x02	; 2
     9e4:	37 c0       	rjmp	.+110    	; 0xa54 <__unpack_f+0xb0>
     9e6:	82 e8       	ldi	r24, 0x82	; 130
     9e8:	9f ef       	ldi	r25, 0xFF	; 255
     9ea:	13 96       	adiw	r26, 0x03	; 3
     9ec:	9c 93       	st	X, r25
     9ee:	8e 93       	st	-X, r24
     9f0:	12 97       	sbiw	r26, 0x02	; 2
     9f2:	9a 01       	movw	r18, r20
     9f4:	ab 01       	movw	r20, r22
     9f6:	67 e0       	ldi	r22, 0x07	; 7
     9f8:	22 0f       	add	r18, r18
     9fa:	33 1f       	adc	r19, r19
     9fc:	44 1f       	adc	r20, r20
     9fe:	55 1f       	adc	r21, r21
     a00:	6a 95       	dec	r22
     a02:	d1 f7       	brne	.-12     	; 0x9f8 <__unpack_f+0x54>
     a04:	83 e0       	ldi	r24, 0x03	; 3
     a06:	8c 93       	st	X, r24
     a08:	0d c0       	rjmp	.+26     	; 0xa24 <__unpack_f+0x80>
     a0a:	22 0f       	add	r18, r18
     a0c:	33 1f       	adc	r19, r19
     a0e:	44 1f       	adc	r20, r20
     a10:	55 1f       	adc	r21, r21
     a12:	12 96       	adiw	r26, 0x02	; 2
     a14:	8d 91       	ld	r24, X+
     a16:	9c 91       	ld	r25, X
     a18:	13 97       	sbiw	r26, 0x03	; 3
     a1a:	01 97       	sbiw	r24, 0x01	; 1
     a1c:	13 96       	adiw	r26, 0x03	; 3
     a1e:	9c 93       	st	X, r25
     a20:	8e 93       	st	-X, r24
     a22:	12 97       	sbiw	r26, 0x02	; 2
     a24:	20 30       	cpi	r18, 0x00	; 0
     a26:	80 e0       	ldi	r24, 0x00	; 0
     a28:	38 07       	cpc	r19, r24
     a2a:	80 e0       	ldi	r24, 0x00	; 0
     a2c:	48 07       	cpc	r20, r24
     a2e:	80 e4       	ldi	r24, 0x40	; 64
     a30:	58 07       	cpc	r21, r24
     a32:	58 f3       	brcs	.-42     	; 0xa0a <__unpack_f+0x66>
     a34:	14 96       	adiw	r26, 0x04	; 4
     a36:	2d 93       	st	X+, r18
     a38:	3d 93       	st	X+, r19
     a3a:	4d 93       	st	X+, r20
     a3c:	5c 93       	st	X, r21
     a3e:	17 97       	sbiw	r26, 0x07	; 7
     a40:	08 95       	ret
     a42:	2f 3f       	cpi	r18, 0xFF	; 255
     a44:	31 05       	cpc	r19, r1
     a46:	79 f4       	brne	.+30     	; 0xa66 <__unpack_f+0xc2>
     a48:	41 15       	cp	r20, r1
     a4a:	51 05       	cpc	r21, r1
     a4c:	61 05       	cpc	r22, r1
     a4e:	71 05       	cpc	r23, r1
     a50:	19 f4       	brne	.+6      	; 0xa58 <__unpack_f+0xb4>
     a52:	84 e0       	ldi	r24, 0x04	; 4
     a54:	8c 93       	st	X, r24
     a56:	08 95       	ret
     a58:	64 ff       	sbrs	r22, 4
     a5a:	03 c0       	rjmp	.+6      	; 0xa62 <__unpack_f+0xbe>
     a5c:	81 e0       	ldi	r24, 0x01	; 1
     a5e:	8c 93       	st	X, r24
     a60:	12 c0       	rjmp	.+36     	; 0xa86 <__unpack_f+0xe2>
     a62:	1c 92       	st	X, r1
     a64:	10 c0       	rjmp	.+32     	; 0xa86 <__unpack_f+0xe2>
     a66:	2f 57       	subi	r18, 0x7F	; 127
     a68:	30 40       	sbci	r19, 0x00	; 0
     a6a:	13 96       	adiw	r26, 0x03	; 3
     a6c:	3c 93       	st	X, r19
     a6e:	2e 93       	st	-X, r18
     a70:	12 97       	sbiw	r26, 0x02	; 2
     a72:	83 e0       	ldi	r24, 0x03	; 3
     a74:	8c 93       	st	X, r24
     a76:	87 e0       	ldi	r24, 0x07	; 7
     a78:	44 0f       	add	r20, r20
     a7a:	55 1f       	adc	r21, r21
     a7c:	66 1f       	adc	r22, r22
     a7e:	77 1f       	adc	r23, r23
     a80:	8a 95       	dec	r24
     a82:	d1 f7       	brne	.-12     	; 0xa78 <__unpack_f+0xd4>
     a84:	70 64       	ori	r23, 0x40	; 64
     a86:	14 96       	adiw	r26, 0x04	; 4
     a88:	4d 93       	st	X+, r20
     a8a:	5d 93       	st	X+, r21
     a8c:	6d 93       	st	X+, r22
     a8e:	7c 93       	st	X, r23
     a90:	17 97       	sbiw	r26, 0x07	; 7
     a92:	08 95       	ret

00000a94 <__fpcmp_parts_f>:
     a94:	1f 93       	push	r17
     a96:	dc 01       	movw	r26, r24
     a98:	fb 01       	movw	r30, r22
     a9a:	9c 91       	ld	r25, X
     a9c:	92 30       	cpi	r25, 0x02	; 2
     a9e:	08 f4       	brcc	.+2      	; 0xaa2 <__fpcmp_parts_f+0xe>
     aa0:	47 c0       	rjmp	.+142    	; 0xb30 <__fpcmp_parts_f+0x9c>
     aa2:	80 81       	ld	r24, Z
     aa4:	82 30       	cpi	r24, 0x02	; 2
     aa6:	08 f4       	brcc	.+2      	; 0xaaa <__fpcmp_parts_f+0x16>
     aa8:	43 c0       	rjmp	.+134    	; 0xb30 <__fpcmp_parts_f+0x9c>
     aaa:	94 30       	cpi	r25, 0x04	; 4
     aac:	51 f4       	brne	.+20     	; 0xac2 <__fpcmp_parts_f+0x2e>
     aae:	11 96       	adiw	r26, 0x01	; 1
     ab0:	1c 91       	ld	r17, X
     ab2:	84 30       	cpi	r24, 0x04	; 4
     ab4:	99 f5       	brne	.+102    	; 0xb1c <__fpcmp_parts_f+0x88>
     ab6:	81 81       	ldd	r24, Z+1	; 0x01
     ab8:	68 2f       	mov	r22, r24
     aba:	70 e0       	ldi	r23, 0x00	; 0
     abc:	61 1b       	sub	r22, r17
     abe:	71 09       	sbc	r23, r1
     ac0:	3f c0       	rjmp	.+126    	; 0xb40 <__fpcmp_parts_f+0xac>
     ac2:	84 30       	cpi	r24, 0x04	; 4
     ac4:	21 f0       	breq	.+8      	; 0xace <__fpcmp_parts_f+0x3a>
     ac6:	92 30       	cpi	r25, 0x02	; 2
     ac8:	31 f4       	brne	.+12     	; 0xad6 <__fpcmp_parts_f+0x42>
     aca:	82 30       	cpi	r24, 0x02	; 2
     acc:	b9 f1       	breq	.+110    	; 0xb3c <__fpcmp_parts_f+0xa8>
     ace:	81 81       	ldd	r24, Z+1	; 0x01
     ad0:	88 23       	and	r24, r24
     ad2:	89 f1       	breq	.+98     	; 0xb36 <__fpcmp_parts_f+0xa2>
     ad4:	2d c0       	rjmp	.+90     	; 0xb30 <__fpcmp_parts_f+0x9c>
     ad6:	11 96       	adiw	r26, 0x01	; 1
     ad8:	1c 91       	ld	r17, X
     ada:	11 97       	sbiw	r26, 0x01	; 1
     adc:	82 30       	cpi	r24, 0x02	; 2
     ade:	f1 f0       	breq	.+60     	; 0xb1c <__fpcmp_parts_f+0x88>
     ae0:	81 81       	ldd	r24, Z+1	; 0x01
     ae2:	18 17       	cp	r17, r24
     ae4:	d9 f4       	brne	.+54     	; 0xb1c <__fpcmp_parts_f+0x88>
     ae6:	12 96       	adiw	r26, 0x02	; 2
     ae8:	2d 91       	ld	r18, X+
     aea:	3c 91       	ld	r19, X
     aec:	13 97       	sbiw	r26, 0x03	; 3
     aee:	82 81       	ldd	r24, Z+2	; 0x02
     af0:	93 81       	ldd	r25, Z+3	; 0x03
     af2:	82 17       	cp	r24, r18
     af4:	93 07       	cpc	r25, r19
     af6:	94 f0       	brlt	.+36     	; 0xb1c <__fpcmp_parts_f+0x88>
     af8:	28 17       	cp	r18, r24
     afa:	39 07       	cpc	r19, r25
     afc:	bc f0       	brlt	.+46     	; 0xb2c <__fpcmp_parts_f+0x98>
     afe:	14 96       	adiw	r26, 0x04	; 4
     b00:	8d 91       	ld	r24, X+
     b02:	9d 91       	ld	r25, X+
     b04:	0d 90       	ld	r0, X+
     b06:	bc 91       	ld	r27, X
     b08:	a0 2d       	mov	r26, r0
     b0a:	24 81       	ldd	r18, Z+4	; 0x04
     b0c:	35 81       	ldd	r19, Z+5	; 0x05
     b0e:	46 81       	ldd	r20, Z+6	; 0x06
     b10:	57 81       	ldd	r21, Z+7	; 0x07
     b12:	28 17       	cp	r18, r24
     b14:	39 07       	cpc	r19, r25
     b16:	4a 07       	cpc	r20, r26
     b18:	5b 07       	cpc	r21, r27
     b1a:	18 f4       	brcc	.+6      	; 0xb22 <__fpcmp_parts_f+0x8e>
     b1c:	11 23       	and	r17, r17
     b1e:	41 f0       	breq	.+16     	; 0xb30 <__fpcmp_parts_f+0x9c>
     b20:	0a c0       	rjmp	.+20     	; 0xb36 <__fpcmp_parts_f+0xa2>
     b22:	82 17       	cp	r24, r18
     b24:	93 07       	cpc	r25, r19
     b26:	a4 07       	cpc	r26, r20
     b28:	b5 07       	cpc	r27, r21
     b2a:	40 f4       	brcc	.+16     	; 0xb3c <__fpcmp_parts_f+0xa8>
     b2c:	11 23       	and	r17, r17
     b2e:	19 f0       	breq	.+6      	; 0xb36 <__fpcmp_parts_f+0xa2>
     b30:	61 e0       	ldi	r22, 0x01	; 1
     b32:	70 e0       	ldi	r23, 0x00	; 0
     b34:	05 c0       	rjmp	.+10     	; 0xb40 <__fpcmp_parts_f+0xac>
     b36:	6f ef       	ldi	r22, 0xFF	; 255
     b38:	7f ef       	ldi	r23, 0xFF	; 255
     b3a:	02 c0       	rjmp	.+4      	; 0xb40 <__fpcmp_parts_f+0xac>
     b3c:	60 e0       	ldi	r22, 0x00	; 0
     b3e:	70 e0       	ldi	r23, 0x00	; 0
     b40:	cb 01       	movw	r24, r22
     b42:	1f 91       	pop	r17
     b44:	08 95       	ret

00000b46 <MTIMER_vStartTimer>:
     b46:	88 23       	and	r24, r24
     b48:	21 f4       	brne	.+8      	; 0xb52 <MTIMER_vStartTimer+0xc>
     b4a:	83 b7       	in	r24, 0x33	; 51
     b4c:	88 7f       	andi	r24, 0xF8	; 248
     b4e:	82 60       	ori	r24, 0x02	; 2
     b50:	83 bf       	out	0x33, r24	; 51
     b52:	08 95       	ret

00000b54 <MTIMER_vStopTimer>:
     b54:	88 23       	and	r24, r24
     b56:	19 f4       	brne	.+6      	; 0xb5e <MTIMER_vStopTimer+0xa>
     b58:	83 b7       	in	r24, 0x33	; 51
     b5a:	88 7f       	andi	r24, 0xF8	; 248
     b5c:	83 bf       	out	0x33, r24	; 51
     b5e:	08 95       	ret

00000b60 <MTIMER_vEnableInterrupt>:
     b60:	88 23       	and	r24, r24
     b62:	61 f4       	brne	.+24     	; 0xb7c <MTIMER_vEnableInterrupt+0x1c>
     b64:	66 23       	and	r22, r22
     b66:	19 f0       	breq	.+6      	; 0xb6e <MTIMER_vEnableInterrupt+0xe>
     b68:	61 30       	cpi	r22, 0x01	; 1
     b6a:	41 f4       	brne	.+16     	; 0xb7c <MTIMER_vEnableInterrupt+0x1c>
     b6c:	04 c0       	rjmp	.+8      	; 0xb76 <MTIMER_vEnableInterrupt+0x16>
     b6e:	86 b7       	in	r24, 0x36	; 54
     b70:	81 60       	ori	r24, 0x01	; 1
     b72:	86 bf       	out	0x36, r24	; 54
     b74:	08 95       	ret
     b76:	86 b7       	in	r24, 0x36	; 54
     b78:	82 60       	ori	r24, 0x02	; 2
     b7a:	86 bf       	out	0x36, r24	; 54
     b7c:	08 95       	ret

00000b7e <MTIMER_vInit>:
     b7e:	83 b7       	in	r24, 0x33	; 51
     b80:	87 7f       	andi	r24, 0xF7	; 247
     b82:	83 bf       	out	0x33, r24	; 51
     b84:	83 b7       	in	r24, 0x33	; 51
     b86:	8f 7b       	andi	r24, 0xBF	; 191
     b88:	83 bf       	out	0x33, r24	; 51
     b8a:	80 e0       	ldi	r24, 0x00	; 0
     b8c:	60 e0       	ldi	r22, 0x00	; 0
     b8e:	0e 94 b0 05 	call	0xb60	; 0xb60 <MTIMER_vEnableInterrupt>
     b92:	83 b7       	in	r24, 0x33	; 51
     b94:	8e 7f       	andi	r24, 0xFE	; 254
     b96:	83 bf       	out	0x33, r24	; 51
     b98:	83 b7       	in	r24, 0x33	; 51
     b9a:	8d 7f       	andi	r24, 0xFD	; 253
     b9c:	83 bf       	out	0x33, r24	; 51
     b9e:	83 b7       	in	r24, 0x33	; 51
     ba0:	8b 7f       	andi	r24, 0xFB	; 251
     ba2:	83 bf       	out	0x33, r24	; 51
     ba4:	08 95       	ret

00000ba6 <MTIMER_vDisableInterrupt>:
     ba6:	88 23       	and	r24, r24
     ba8:	61 f4       	brne	.+24     	; 0xbc2 <MTIMER_vDisableInterrupt+0x1c>
     baa:	66 23       	and	r22, r22
     bac:	19 f0       	breq	.+6      	; 0xbb4 <MTIMER_vDisableInterrupt+0xe>
     bae:	61 30       	cpi	r22, 0x01	; 1
     bb0:	41 f4       	brne	.+16     	; 0xbc2 <MTIMER_vDisableInterrupt+0x1c>
     bb2:	04 c0       	rjmp	.+8      	; 0xbbc <MTIMER_vDisableInterrupt+0x16>
     bb4:	86 b7       	in	r24, 0x36	; 54
     bb6:	8e 7f       	andi	r24, 0xFE	; 254
     bb8:	86 bf       	out	0x36, r24	; 54
     bba:	08 95       	ret
     bbc:	86 b7       	in	r24, 0x36	; 54
     bbe:	8d 7f       	andi	r24, 0xFD	; 253
     bc0:	86 bf       	out	0x36, r24	; 54
     bc2:	08 95       	ret

00000bc4 <MTIMER_vSetPreloadVale>:
     bc4:	88 23       	and	r24, r24
     bc6:	09 f4       	brne	.+2      	; 0xbca <MTIMER_vSetPreloadVale+0x6>
     bc8:	62 bf       	out	0x32, r22	; 50
     bca:	08 95       	ret

00000bcc <MTIMER_vSetCompareMatch>:
     bcc:	88 23       	and	r24, r24
     bce:	09 f4       	brne	.+2      	; 0xbd2 <MTIMER_vSetCompareMatch+0x6>
     bd0:	6c bf       	out	0x3c, r22	; 60
     bd2:	08 95       	ret

00000bd4 <MTIMER_vSetInterval_OVF>:
     bd4:	90 93 79 00 	sts	0x0079, r25
     bd8:	80 93 78 00 	sts	0x0078, r24
     bdc:	08 95       	ret

00000bde <MTIMER_vSetInterval_CTC>:
     bde:	90 93 73 00 	sts	0x0073, r25
     be2:	80 93 72 00 	sts	0x0072, r24
     be6:	08 95       	ret

00000be8 <__vector_11>:
     be8:	1f 92       	push	r1
     bea:	0f 92       	push	r0
     bec:	0f b6       	in	r0, 0x3f	; 63
     bee:	0f 92       	push	r0
     bf0:	11 24       	eor	r1, r1
     bf2:	2f 93       	push	r18
     bf4:	3f 93       	push	r19
     bf6:	4f 93       	push	r20
     bf8:	5f 93       	push	r21
     bfa:	6f 93       	push	r22
     bfc:	7f 93       	push	r23
     bfe:	8f 93       	push	r24
     c00:	9f 93       	push	r25
     c02:	af 93       	push	r26
     c04:	bf 93       	push	r27
     c06:	ef 93       	push	r30
     c08:	ff 93       	push	r31
     c0a:	80 91 7a 00 	lds	r24, 0x007A
     c0e:	90 91 7b 00 	lds	r25, 0x007B
     c12:	a0 91 7c 00 	lds	r26, 0x007C
     c16:	b0 91 7d 00 	lds	r27, 0x007D
     c1a:	01 96       	adiw	r24, 0x01	; 1
     c1c:	a1 1d       	adc	r26, r1
     c1e:	b1 1d       	adc	r27, r1
     c20:	80 93 7a 00 	sts	0x007A, r24
     c24:	90 93 7b 00 	sts	0x007B, r25
     c28:	a0 93 7c 00 	sts	0x007C, r26
     c2c:	b0 93 7d 00 	sts	0x007D, r27
     c30:	00 97       	sbiw	r24, 0x00	; 0
     c32:	a1 05       	cpc	r26, r1
     c34:	b1 05       	cpc	r27, r1
     c36:	81 f4       	brne	.+32     	; 0xc58 <__vector_11+0x70>
     c38:	12 be       	out	0x32, r1	; 50
     c3a:	e0 91 78 00 	lds	r30, 0x0078
     c3e:	f0 91 79 00 	lds	r31, 0x0079
     c42:	30 97       	sbiw	r30, 0x00	; 0
     c44:	49 f0       	breq	.+18     	; 0xc58 <__vector_11+0x70>
     c46:	09 95       	icall
     c48:	10 92 7a 00 	sts	0x007A, r1
     c4c:	10 92 7b 00 	sts	0x007B, r1
     c50:	10 92 7c 00 	sts	0x007C, r1
     c54:	10 92 7d 00 	sts	0x007D, r1
     c58:	ff 91       	pop	r31
     c5a:	ef 91       	pop	r30
     c5c:	bf 91       	pop	r27
     c5e:	af 91       	pop	r26
     c60:	9f 91       	pop	r25
     c62:	8f 91       	pop	r24
     c64:	7f 91       	pop	r23
     c66:	6f 91       	pop	r22
     c68:	5f 91       	pop	r21
     c6a:	4f 91       	pop	r20
     c6c:	3f 91       	pop	r19
     c6e:	2f 91       	pop	r18
     c70:	0f 90       	pop	r0
     c72:	0f be       	out	0x3f, r0	; 63
     c74:	0f 90       	pop	r0
     c76:	1f 90       	pop	r1
     c78:	18 95       	reti

00000c7a <__vector_10>:
     c7a:	1f 92       	push	r1
     c7c:	0f 92       	push	r0
     c7e:	0f b6       	in	r0, 0x3f	; 63
     c80:	0f 92       	push	r0
     c82:	11 24       	eor	r1, r1
     c84:	2f 93       	push	r18
     c86:	3f 93       	push	r19
     c88:	4f 93       	push	r20
     c8a:	5f 93       	push	r21
     c8c:	6f 93       	push	r22
     c8e:	7f 93       	push	r23
     c90:	8f 93       	push	r24
     c92:	9f 93       	push	r25
     c94:	af 93       	push	r26
     c96:	bf 93       	push	r27
     c98:	ef 93       	push	r30
     c9a:	ff 93       	push	r31
     c9c:	80 91 74 00 	lds	r24, 0x0074
     ca0:	90 91 75 00 	lds	r25, 0x0075
     ca4:	a0 91 76 00 	lds	r26, 0x0076
     ca8:	b0 91 77 00 	lds	r27, 0x0077
     cac:	01 96       	adiw	r24, 0x01	; 1
     cae:	a1 1d       	adc	r26, r1
     cb0:	b1 1d       	adc	r27, r1
     cb2:	80 93 74 00 	sts	0x0074, r24
     cb6:	90 93 75 00 	sts	0x0075, r25
     cba:	a0 93 76 00 	sts	0x0076, r26
     cbe:	b0 93 77 00 	sts	0x0077, r27
     cc2:	00 97       	sbiw	r24, 0x00	; 0
     cc4:	a1 05       	cpc	r26, r1
     cc6:	b1 05       	cpc	r27, r1
     cc8:	81 f4       	brne	.+32     	; 0xcea <__vector_10+0x70>
     cca:	12 be       	out	0x32, r1	; 50
     ccc:	e0 91 72 00 	lds	r30, 0x0072
     cd0:	f0 91 73 00 	lds	r31, 0x0073
     cd4:	30 97       	sbiw	r30, 0x00	; 0
     cd6:	49 f0       	breq	.+18     	; 0xcea <__vector_10+0x70>
     cd8:	09 95       	icall
     cda:	10 92 74 00 	sts	0x0074, r1
     cde:	10 92 75 00 	sts	0x0075, r1
     ce2:	10 92 76 00 	sts	0x0076, r1
     ce6:	10 92 77 00 	sts	0x0077, r1
     cea:	ff 91       	pop	r31
     cec:	ef 91       	pop	r30
     cee:	bf 91       	pop	r27
     cf0:	af 91       	pop	r26
     cf2:	9f 91       	pop	r25
     cf4:	8f 91       	pop	r24
     cf6:	7f 91       	pop	r23
     cf8:	6f 91       	pop	r22
     cfa:	5f 91       	pop	r21
     cfc:	4f 91       	pop	r20
     cfe:	3f 91       	pop	r19
     d00:	2f 91       	pop	r18
     d02:	0f 90       	pop	r0
     d04:	0f be       	out	0x3f, r0	; 63
     d06:	0f 90       	pop	r0
     d08:	1f 90       	pop	r1
     d0a:	18 95       	reti

00000d0c <MGIE_vEnableGlobalInterrupt>:
     d0c:	8f b7       	in	r24, 0x3f	; 63
     d0e:	80 68       	ori	r24, 0x80	; 128
     d10:	8f bf       	out	0x3f, r24	; 63
     d12:	08 95       	ret

00000d14 <MGIE_vDisableGlobalInterrupt>:
     d14:	8f b7       	in	r24, 0x3f	; 63
     d16:	8f 77       	andi	r24, 0x7F	; 127
     d18:	8f bf       	out	0x3f, r24	; 63
     d1a:	08 95       	ret

00000d1c <MEXTI_vInit>:
     d1c:	85 b7       	in	r24, 0x35	; 53
     d1e:	81 60       	ori	r24, 0x01	; 1
     d20:	85 bf       	out	0x35, r24	; 53
     d22:	85 b7       	in	r24, 0x35	; 53
     d24:	82 60       	ori	r24, 0x02	; 2
     d26:	85 bf       	out	0x35, r24	; 53
     d28:	8b b7       	in	r24, 0x3b	; 59
     d2a:	80 64       	ori	r24, 0x40	; 64
     d2c:	8b bf       	out	0x3b, r24	; 59
     d2e:	85 b7       	in	r24, 0x35	; 53
     d30:	8b 7f       	andi	r24, 0xFB	; 251
     d32:	85 bf       	out	0x35, r24	; 53
     d34:	85 b7       	in	r24, 0x35	; 53
     d36:	88 60       	ori	r24, 0x08	; 8
     d38:	85 bf       	out	0x35, r24	; 53
     d3a:	8b b7       	in	r24, 0x3b	; 59
     d3c:	80 68       	ori	r24, 0x80	; 128
     d3e:	8b bf       	out	0x3b, r24	; 59
     d40:	08 95       	ret

00000d42 <MEXTI_vCallBackFunction>:
     d42:	e6 2f       	mov	r30, r22
     d44:	f0 e0       	ldi	r31, 0x00	; 0
     d46:	ee 0f       	add	r30, r30
     d48:	ff 1f       	adc	r31, r31
     d4a:	e2 58       	subi	r30, 0x82	; 130
     d4c:	ff 4f       	sbci	r31, 0xFF	; 255
     d4e:	91 83       	std	Z+1, r25	; 0x01
     d50:	80 83       	st	Z, r24
     d52:	08 95       	ret

00000d54 <__vector_3>:
     d54:	1f 92       	push	r1
     d56:	0f 92       	push	r0
     d58:	0f b6       	in	r0, 0x3f	; 63
     d5a:	0f 92       	push	r0
     d5c:	11 24       	eor	r1, r1
     d5e:	2f 93       	push	r18
     d60:	3f 93       	push	r19
     d62:	4f 93       	push	r20
     d64:	5f 93       	push	r21
     d66:	6f 93       	push	r22
     d68:	7f 93       	push	r23
     d6a:	8f 93       	push	r24
     d6c:	9f 93       	push	r25
     d6e:	af 93       	push	r26
     d70:	bf 93       	push	r27
     d72:	ef 93       	push	r30
     d74:	ff 93       	push	r31
     d76:	e0 91 82 00 	lds	r30, 0x0082
     d7a:	f0 91 83 00 	lds	r31, 0x0083
     d7e:	30 97       	sbiw	r30, 0x00	; 0
     d80:	09 f0       	breq	.+2      	; 0xd84 <__vector_3+0x30>
     d82:	09 95       	icall
     d84:	ff 91       	pop	r31
     d86:	ef 91       	pop	r30
     d88:	bf 91       	pop	r27
     d8a:	af 91       	pop	r26
     d8c:	9f 91       	pop	r25
     d8e:	8f 91       	pop	r24
     d90:	7f 91       	pop	r23
     d92:	6f 91       	pop	r22
     d94:	5f 91       	pop	r21
     d96:	4f 91       	pop	r20
     d98:	3f 91       	pop	r19
     d9a:	2f 91       	pop	r18
     d9c:	0f 90       	pop	r0
     d9e:	0f be       	out	0x3f, r0	; 63
     da0:	0f 90       	pop	r0
     da2:	1f 90       	pop	r1
     da4:	18 95       	reti

00000da6 <__vector_2>:
     da6:	1f 92       	push	r1
     da8:	0f 92       	push	r0
     daa:	0f b6       	in	r0, 0x3f	; 63
     dac:	0f 92       	push	r0
     dae:	11 24       	eor	r1, r1
     db0:	2f 93       	push	r18
     db2:	3f 93       	push	r19
     db4:	4f 93       	push	r20
     db6:	5f 93       	push	r21
     db8:	6f 93       	push	r22
     dba:	7f 93       	push	r23
     dbc:	8f 93       	push	r24
     dbe:	9f 93       	push	r25
     dc0:	af 93       	push	r26
     dc2:	bf 93       	push	r27
     dc4:	ef 93       	push	r30
     dc6:	ff 93       	push	r31
     dc8:	e0 91 80 00 	lds	r30, 0x0080
     dcc:	f0 91 81 00 	lds	r31, 0x0081
     dd0:	30 97       	sbiw	r30, 0x00	; 0
     dd2:	09 f0       	breq	.+2      	; 0xdd6 <__vector_2+0x30>
     dd4:	09 95       	icall
     dd6:	ff 91       	pop	r31
     dd8:	ef 91       	pop	r30
     dda:	bf 91       	pop	r27
     ddc:	af 91       	pop	r26
     dde:	9f 91       	pop	r25
     de0:	8f 91       	pop	r24
     de2:	7f 91       	pop	r23
     de4:	6f 91       	pop	r22
     de6:	5f 91       	pop	r21
     de8:	4f 91       	pop	r20
     dea:	3f 91       	pop	r19
     dec:	2f 91       	pop	r18
     dee:	0f 90       	pop	r0
     df0:	0f be       	out	0x3f, r0	; 63
     df2:	0f 90       	pop	r0
     df4:	1f 90       	pop	r1
     df6:	18 95       	reti

00000df8 <__vector_1>:
     df8:	1f 92       	push	r1
     dfa:	0f 92       	push	r0
     dfc:	0f b6       	in	r0, 0x3f	; 63
     dfe:	0f 92       	push	r0
     e00:	11 24       	eor	r1, r1
     e02:	2f 93       	push	r18
     e04:	3f 93       	push	r19
     e06:	4f 93       	push	r20
     e08:	5f 93       	push	r21
     e0a:	6f 93       	push	r22
     e0c:	7f 93       	push	r23
     e0e:	8f 93       	push	r24
     e10:	9f 93       	push	r25
     e12:	af 93       	push	r26
     e14:	bf 93       	push	r27
     e16:	ef 93       	push	r30
     e18:	ff 93       	push	r31
     e1a:	e0 91 7e 00 	lds	r30, 0x007E
     e1e:	f0 91 7f 00 	lds	r31, 0x007F
     e22:	30 97       	sbiw	r30, 0x00	; 0
     e24:	09 f0       	breq	.+2      	; 0xe28 <__vector_1+0x30>
     e26:	09 95       	icall
     e28:	ff 91       	pop	r31
     e2a:	ef 91       	pop	r30
     e2c:	bf 91       	pop	r27
     e2e:	af 91       	pop	r26
     e30:	9f 91       	pop	r25
     e32:	8f 91       	pop	r24
     e34:	7f 91       	pop	r23
     e36:	6f 91       	pop	r22
     e38:	5f 91       	pop	r21
     e3a:	4f 91       	pop	r20
     e3c:	3f 91       	pop	r19
     e3e:	2f 91       	pop	r18
     e40:	0f 90       	pop	r0
     e42:	0f be       	out	0x3f, r0	; 63
     e44:	0f 90       	pop	r0
     e46:	1f 90       	pop	r1
     e48:	18 95       	reti

00000e4a <MDIO_vInit>:
     e4a:	1a ba       	out	0x1a, r1	; 26
     e4c:	17 ba       	out	0x17, r1	; 23
     e4e:	14 ba       	out	0x14, r1	; 20
     e50:	11 ba       	out	0x11, r1	; 17
     e52:	1b ba       	out	0x1b, r1	; 27
     e54:	18 ba       	out	0x18, r1	; 24
     e56:	15 ba       	out	0x15, r1	; 21
     e58:	12 ba       	out	0x12, r1	; 18
     e5a:	08 95       	ret

00000e5c <MDIO_vSetPinDir>:
     e5c:	41 30       	cpi	r20, 0x01	; 1
     e5e:	b1 f5       	brne	.+108    	; 0xecc <MDIO_vSetPinDir+0x70>
     e60:	81 30       	cpi	r24, 0x01	; 1
     e62:	99 f0       	breq	.+38     	; 0xe8a <MDIO_vSetPinDir+0x2e>
     e64:	81 30       	cpi	r24, 0x01	; 1
     e66:	30 f0       	brcs	.+12     	; 0xe74 <MDIO_vSetPinDir+0x18>
     e68:	82 30       	cpi	r24, 0x02	; 2
     e6a:	d1 f0       	breq	.+52     	; 0xea0 <MDIO_vSetPinDir+0x44>
     e6c:	83 30       	cpi	r24, 0x03	; 3
     e6e:	09 f0       	breq	.+2      	; 0xe72 <MDIO_vSetPinDir+0x16>
     e70:	67 c0       	rjmp	.+206    	; 0xf40 <MDIO_vSetPinDir+0xe4>
     e72:	21 c0       	rjmp	.+66     	; 0xeb6 <MDIO_vSetPinDir+0x5a>
     e74:	2a b3       	in	r18, 0x1a	; 26
     e76:	81 e0       	ldi	r24, 0x01	; 1
     e78:	90 e0       	ldi	r25, 0x00	; 0
     e7a:	02 c0       	rjmp	.+4      	; 0xe80 <MDIO_vSetPinDir+0x24>
     e7c:	88 0f       	add	r24, r24
     e7e:	99 1f       	adc	r25, r25
     e80:	6a 95       	dec	r22
     e82:	e2 f7       	brpl	.-8      	; 0xe7c <MDIO_vSetPinDir+0x20>
     e84:	28 2b       	or	r18, r24
     e86:	2a bb       	out	0x1a, r18	; 26
     e88:	08 95       	ret
     e8a:	27 b3       	in	r18, 0x17	; 23
     e8c:	81 e0       	ldi	r24, 0x01	; 1
     e8e:	90 e0       	ldi	r25, 0x00	; 0
     e90:	02 c0       	rjmp	.+4      	; 0xe96 <MDIO_vSetPinDir+0x3a>
     e92:	88 0f       	add	r24, r24
     e94:	99 1f       	adc	r25, r25
     e96:	6a 95       	dec	r22
     e98:	e2 f7       	brpl	.-8      	; 0xe92 <MDIO_vSetPinDir+0x36>
     e9a:	28 2b       	or	r18, r24
     e9c:	27 bb       	out	0x17, r18	; 23
     e9e:	08 95       	ret
     ea0:	24 b3       	in	r18, 0x14	; 20
     ea2:	81 e0       	ldi	r24, 0x01	; 1
     ea4:	90 e0       	ldi	r25, 0x00	; 0
     ea6:	02 c0       	rjmp	.+4      	; 0xeac <MDIO_vSetPinDir+0x50>
     ea8:	88 0f       	add	r24, r24
     eaa:	99 1f       	adc	r25, r25
     eac:	6a 95       	dec	r22
     eae:	e2 f7       	brpl	.-8      	; 0xea8 <MDIO_vSetPinDir+0x4c>
     eb0:	28 2b       	or	r18, r24
     eb2:	24 bb       	out	0x14, r18	; 20
     eb4:	08 95       	ret
     eb6:	21 b3       	in	r18, 0x11	; 17
     eb8:	81 e0       	ldi	r24, 0x01	; 1
     eba:	90 e0       	ldi	r25, 0x00	; 0
     ebc:	02 c0       	rjmp	.+4      	; 0xec2 <MDIO_vSetPinDir+0x66>
     ebe:	88 0f       	add	r24, r24
     ec0:	99 1f       	adc	r25, r25
     ec2:	6a 95       	dec	r22
     ec4:	e2 f7       	brpl	.-8      	; 0xebe <MDIO_vSetPinDir+0x62>
     ec6:	28 2b       	or	r18, r24
     ec8:	21 bb       	out	0x11, r18	; 17
     eca:	08 95       	ret
     ecc:	44 23       	and	r20, r20
     ece:	c1 f5       	brne	.+112    	; 0xf40 <MDIO_vSetPinDir+0xe4>
     ed0:	81 30       	cpi	r24, 0x01	; 1
     ed2:	99 f0       	breq	.+38     	; 0xefa <MDIO_vSetPinDir+0x9e>
     ed4:	81 30       	cpi	r24, 0x01	; 1
     ed6:	28 f0       	brcs	.+10     	; 0xee2 <MDIO_vSetPinDir+0x86>
     ed8:	82 30       	cpi	r24, 0x02	; 2
     eda:	d9 f0       	breq	.+54     	; 0xf12 <MDIO_vSetPinDir+0xb6>
     edc:	83 30       	cpi	r24, 0x03	; 3
     ede:	81 f5       	brne	.+96     	; 0xf40 <MDIO_vSetPinDir+0xe4>
     ee0:	24 c0       	rjmp	.+72     	; 0xf2a <MDIO_vSetPinDir+0xce>
     ee2:	2a b3       	in	r18, 0x1a	; 26
     ee4:	81 e0       	ldi	r24, 0x01	; 1
     ee6:	90 e0       	ldi	r25, 0x00	; 0
     ee8:	02 c0       	rjmp	.+4      	; 0xeee <MDIO_vSetPinDir+0x92>
     eea:	88 0f       	add	r24, r24
     eec:	99 1f       	adc	r25, r25
     eee:	6a 95       	dec	r22
     ef0:	e2 f7       	brpl	.-8      	; 0xeea <MDIO_vSetPinDir+0x8e>
     ef2:	80 95       	com	r24
     ef4:	82 23       	and	r24, r18
     ef6:	8a bb       	out	0x1a, r24	; 26
     ef8:	08 95       	ret
     efa:	27 b3       	in	r18, 0x17	; 23
     efc:	81 e0       	ldi	r24, 0x01	; 1
     efe:	90 e0       	ldi	r25, 0x00	; 0
     f00:	02 c0       	rjmp	.+4      	; 0xf06 <MDIO_vSetPinDir+0xaa>
     f02:	88 0f       	add	r24, r24
     f04:	99 1f       	adc	r25, r25
     f06:	6a 95       	dec	r22
     f08:	e2 f7       	brpl	.-8      	; 0xf02 <MDIO_vSetPinDir+0xa6>
     f0a:	80 95       	com	r24
     f0c:	82 23       	and	r24, r18
     f0e:	87 bb       	out	0x17, r24	; 23
     f10:	08 95       	ret
     f12:	24 b3       	in	r18, 0x14	; 20
     f14:	81 e0       	ldi	r24, 0x01	; 1
     f16:	90 e0       	ldi	r25, 0x00	; 0
     f18:	02 c0       	rjmp	.+4      	; 0xf1e <MDIO_vSetPinDir+0xc2>
     f1a:	88 0f       	add	r24, r24
     f1c:	99 1f       	adc	r25, r25
     f1e:	6a 95       	dec	r22
     f20:	e2 f7       	brpl	.-8      	; 0xf1a <MDIO_vSetPinDir+0xbe>
     f22:	80 95       	com	r24
     f24:	82 23       	and	r24, r18
     f26:	84 bb       	out	0x14, r24	; 20
     f28:	08 95       	ret
     f2a:	21 b3       	in	r18, 0x11	; 17
     f2c:	81 e0       	ldi	r24, 0x01	; 1
     f2e:	90 e0       	ldi	r25, 0x00	; 0
     f30:	02 c0       	rjmp	.+4      	; 0xf36 <MDIO_vSetPinDir+0xda>
     f32:	88 0f       	add	r24, r24
     f34:	99 1f       	adc	r25, r25
     f36:	6a 95       	dec	r22
     f38:	e2 f7       	brpl	.-8      	; 0xf32 <MDIO_vSetPinDir+0xd6>
     f3a:	80 95       	com	r24
     f3c:	82 23       	and	r24, r18
     f3e:	81 bb       	out	0x11, r24	; 17
     f40:	08 95       	ret

00000f42 <MDIO_vSetPinVal>:
     f42:	41 30       	cpi	r20, 0x01	; 1
     f44:	b1 f5       	brne	.+108    	; 0xfb2 <MDIO_vSetPinVal+0x70>
     f46:	81 30       	cpi	r24, 0x01	; 1
     f48:	99 f0       	breq	.+38     	; 0xf70 <MDIO_vSetPinVal+0x2e>
     f4a:	81 30       	cpi	r24, 0x01	; 1
     f4c:	30 f0       	brcs	.+12     	; 0xf5a <MDIO_vSetPinVal+0x18>
     f4e:	82 30       	cpi	r24, 0x02	; 2
     f50:	d1 f0       	breq	.+52     	; 0xf86 <MDIO_vSetPinVal+0x44>
     f52:	83 30       	cpi	r24, 0x03	; 3
     f54:	09 f0       	breq	.+2      	; 0xf58 <MDIO_vSetPinVal+0x16>
     f56:	67 c0       	rjmp	.+206    	; 0x1026 <MDIO_vSetPinVal+0xe4>
     f58:	21 c0       	rjmp	.+66     	; 0xf9c <MDIO_vSetPinVal+0x5a>
     f5a:	2b b3       	in	r18, 0x1b	; 27
     f5c:	81 e0       	ldi	r24, 0x01	; 1
     f5e:	90 e0       	ldi	r25, 0x00	; 0
     f60:	02 c0       	rjmp	.+4      	; 0xf66 <MDIO_vSetPinVal+0x24>
     f62:	88 0f       	add	r24, r24
     f64:	99 1f       	adc	r25, r25
     f66:	6a 95       	dec	r22
     f68:	e2 f7       	brpl	.-8      	; 0xf62 <MDIO_vSetPinVal+0x20>
     f6a:	28 2b       	or	r18, r24
     f6c:	2b bb       	out	0x1b, r18	; 27
     f6e:	08 95       	ret
     f70:	28 b3       	in	r18, 0x18	; 24
     f72:	81 e0       	ldi	r24, 0x01	; 1
     f74:	90 e0       	ldi	r25, 0x00	; 0
     f76:	02 c0       	rjmp	.+4      	; 0xf7c <MDIO_vSetPinVal+0x3a>
     f78:	88 0f       	add	r24, r24
     f7a:	99 1f       	adc	r25, r25
     f7c:	6a 95       	dec	r22
     f7e:	e2 f7       	brpl	.-8      	; 0xf78 <MDIO_vSetPinVal+0x36>
     f80:	28 2b       	or	r18, r24
     f82:	28 bb       	out	0x18, r18	; 24
     f84:	08 95       	ret
     f86:	25 b3       	in	r18, 0x15	; 21
     f88:	81 e0       	ldi	r24, 0x01	; 1
     f8a:	90 e0       	ldi	r25, 0x00	; 0
     f8c:	02 c0       	rjmp	.+4      	; 0xf92 <MDIO_vSetPinVal+0x50>
     f8e:	88 0f       	add	r24, r24
     f90:	99 1f       	adc	r25, r25
     f92:	6a 95       	dec	r22
     f94:	e2 f7       	brpl	.-8      	; 0xf8e <MDIO_vSetPinVal+0x4c>
     f96:	28 2b       	or	r18, r24
     f98:	25 bb       	out	0x15, r18	; 21
     f9a:	08 95       	ret
     f9c:	22 b3       	in	r18, 0x12	; 18
     f9e:	81 e0       	ldi	r24, 0x01	; 1
     fa0:	90 e0       	ldi	r25, 0x00	; 0
     fa2:	02 c0       	rjmp	.+4      	; 0xfa8 <MDIO_vSetPinVal+0x66>
     fa4:	88 0f       	add	r24, r24
     fa6:	99 1f       	adc	r25, r25
     fa8:	6a 95       	dec	r22
     faa:	e2 f7       	brpl	.-8      	; 0xfa4 <MDIO_vSetPinVal+0x62>
     fac:	28 2b       	or	r18, r24
     fae:	22 bb       	out	0x12, r18	; 18
     fb0:	08 95       	ret
     fb2:	44 23       	and	r20, r20
     fb4:	c1 f5       	brne	.+112    	; 0x1026 <MDIO_vSetPinVal+0xe4>
     fb6:	81 30       	cpi	r24, 0x01	; 1
     fb8:	99 f0       	breq	.+38     	; 0xfe0 <MDIO_vSetPinVal+0x9e>
     fba:	81 30       	cpi	r24, 0x01	; 1
     fbc:	28 f0       	brcs	.+10     	; 0xfc8 <MDIO_vSetPinVal+0x86>
     fbe:	82 30       	cpi	r24, 0x02	; 2
     fc0:	d9 f0       	breq	.+54     	; 0xff8 <MDIO_vSetPinVal+0xb6>
     fc2:	83 30       	cpi	r24, 0x03	; 3
     fc4:	81 f5       	brne	.+96     	; 0x1026 <MDIO_vSetPinVal+0xe4>
     fc6:	24 c0       	rjmp	.+72     	; 0x1010 <MDIO_vSetPinVal+0xce>
     fc8:	2b b3       	in	r18, 0x1b	; 27
     fca:	81 e0       	ldi	r24, 0x01	; 1
     fcc:	90 e0       	ldi	r25, 0x00	; 0
     fce:	02 c0       	rjmp	.+4      	; 0xfd4 <MDIO_vSetPinVal+0x92>
     fd0:	88 0f       	add	r24, r24
     fd2:	99 1f       	adc	r25, r25
     fd4:	6a 95       	dec	r22
     fd6:	e2 f7       	brpl	.-8      	; 0xfd0 <MDIO_vSetPinVal+0x8e>
     fd8:	80 95       	com	r24
     fda:	82 23       	and	r24, r18
     fdc:	8b bb       	out	0x1b, r24	; 27
     fde:	08 95       	ret
     fe0:	28 b3       	in	r18, 0x18	; 24
     fe2:	81 e0       	ldi	r24, 0x01	; 1
     fe4:	90 e0       	ldi	r25, 0x00	; 0
     fe6:	02 c0       	rjmp	.+4      	; 0xfec <MDIO_vSetPinVal+0xaa>
     fe8:	88 0f       	add	r24, r24
     fea:	99 1f       	adc	r25, r25
     fec:	6a 95       	dec	r22
     fee:	e2 f7       	brpl	.-8      	; 0xfe8 <MDIO_vSetPinVal+0xa6>
     ff0:	80 95       	com	r24
     ff2:	82 23       	and	r24, r18
     ff4:	88 bb       	out	0x18, r24	; 24
     ff6:	08 95       	ret
     ff8:	25 b3       	in	r18, 0x15	; 21
     ffa:	81 e0       	ldi	r24, 0x01	; 1
     ffc:	90 e0       	ldi	r25, 0x00	; 0
     ffe:	02 c0       	rjmp	.+4      	; 0x1004 <MDIO_vSetPinVal+0xc2>
    1000:	88 0f       	add	r24, r24
    1002:	99 1f       	adc	r25, r25
    1004:	6a 95       	dec	r22
    1006:	e2 f7       	brpl	.-8      	; 0x1000 <MDIO_vSetPinVal+0xbe>
    1008:	80 95       	com	r24
    100a:	82 23       	and	r24, r18
    100c:	85 bb       	out	0x15, r24	; 21
    100e:	08 95       	ret
    1010:	22 b3       	in	r18, 0x12	; 18
    1012:	81 e0       	ldi	r24, 0x01	; 1
    1014:	90 e0       	ldi	r25, 0x00	; 0
    1016:	02 c0       	rjmp	.+4      	; 0x101c <MDIO_vSetPinVal+0xda>
    1018:	88 0f       	add	r24, r24
    101a:	99 1f       	adc	r25, r25
    101c:	6a 95       	dec	r22
    101e:	e2 f7       	brpl	.-8      	; 0x1018 <MDIO_vSetPinVal+0xd6>
    1020:	80 95       	com	r24
    1022:	82 23       	and	r24, r18
    1024:	82 bb       	out	0x12, r24	; 18
    1026:	08 95       	ret

00001028 <MDIO_u8GetPinVal>:
    1028:	81 30       	cpi	r24, 0x01	; 1
    102a:	51 f0       	breq	.+20     	; 0x1040 <MDIO_u8GetPinVal+0x18>
    102c:	81 30       	cpi	r24, 0x01	; 1
    102e:	30 f0       	brcs	.+12     	; 0x103c <MDIO_u8GetPinVal+0x14>
    1030:	82 30       	cpi	r24, 0x02	; 2
    1032:	41 f0       	breq	.+16     	; 0x1044 <MDIO_u8GetPinVal+0x1c>
    1034:	83 30       	cpi	r24, 0x03	; 3
    1036:	79 f0       	breq	.+30     	; 0x1056 <MDIO_u8GetPinVal+0x2e>
    1038:	80 e0       	ldi	r24, 0x00	; 0
    103a:	08 95       	ret
    103c:	89 b3       	in	r24, 0x19	; 25
    103e:	03 c0       	rjmp	.+6      	; 0x1046 <MDIO_u8GetPinVal+0x1e>
    1040:	86 b3       	in	r24, 0x16	; 22
    1042:	01 c0       	rjmp	.+2      	; 0x1046 <MDIO_u8GetPinVal+0x1e>
    1044:	83 b3       	in	r24, 0x13	; 19
    1046:	90 e0       	ldi	r25, 0x00	; 0
    1048:	02 c0       	rjmp	.+4      	; 0x104e <MDIO_u8GetPinVal+0x26>
    104a:	95 95       	asr	r25
    104c:	87 95       	ror	r24
    104e:	6a 95       	dec	r22
    1050:	e2 f7       	brpl	.-8      	; 0x104a <MDIO_u8GetPinVal+0x22>
    1052:	81 70       	andi	r24, 0x01	; 1
    1054:	08 95       	ret
    1056:	80 b3       	in	r24, 0x10	; 16
    1058:	90 e0       	ldi	r25, 0x00	; 0
    105a:	02 c0       	rjmp	.+4      	; 0x1060 <MDIO_u8GetPinVal+0x38>
    105c:	95 95       	asr	r25
    105e:	87 95       	ror	r24
    1060:	6a 95       	dec	r22
    1062:	e2 f7       	brpl	.-8      	; 0x105c <MDIO_u8GetPinVal+0x34>
    1064:	81 70       	andi	r24, 0x01	; 1
    1066:	08 95       	ret

00001068 <MDIO_vSetPortDir>:
    1068:	81 30       	cpi	r24, 0x01	; 1
    106a:	49 f0       	breq	.+18     	; 0x107e <MDIO_vSetPortDir+0x16>
    106c:	81 30       	cpi	r24, 0x01	; 1
    106e:	28 f0       	brcs	.+10     	; 0x107a <MDIO_vSetPortDir+0x12>
    1070:	82 30       	cpi	r24, 0x02	; 2
    1072:	39 f0       	breq	.+14     	; 0x1082 <MDIO_vSetPortDir+0x1a>
    1074:	83 30       	cpi	r24, 0x03	; 3
    1076:	41 f4       	brne	.+16     	; 0x1088 <MDIO_vSetPortDir+0x20>
    1078:	06 c0       	rjmp	.+12     	; 0x1086 <MDIO_vSetPortDir+0x1e>
    107a:	6a bb       	out	0x1a, r22	; 26
    107c:	08 95       	ret
    107e:	67 bb       	out	0x17, r22	; 23
    1080:	08 95       	ret
    1082:	64 bb       	out	0x14, r22	; 20
    1084:	08 95       	ret
    1086:	61 bb       	out	0x11, r22	; 17
    1088:	08 95       	ret

0000108a <MDIO_vSetPortVal>:
    108a:	81 30       	cpi	r24, 0x01	; 1
    108c:	49 f0       	breq	.+18     	; 0x10a0 <MDIO_vSetPortVal+0x16>
    108e:	81 30       	cpi	r24, 0x01	; 1
    1090:	28 f0       	brcs	.+10     	; 0x109c <MDIO_vSetPortVal+0x12>
    1092:	82 30       	cpi	r24, 0x02	; 2
    1094:	39 f0       	breq	.+14     	; 0x10a4 <MDIO_vSetPortVal+0x1a>
    1096:	83 30       	cpi	r24, 0x03	; 3
    1098:	41 f4       	brne	.+16     	; 0x10aa <MDIO_vSetPortVal+0x20>
    109a:	06 c0       	rjmp	.+12     	; 0x10a8 <MDIO_vSetPortVal+0x1e>
    109c:	6b bb       	out	0x1b, r22	; 27
    109e:	08 95       	ret
    10a0:	68 bb       	out	0x18, r22	; 24
    10a2:	08 95       	ret
    10a4:	65 bb       	out	0x15, r22	; 21
    10a6:	08 95       	ret
    10a8:	62 bb       	out	0x12, r22	; 18
    10aa:	08 95       	ret

000010ac <MDIO_u8GetPortVal>:
    10ac:	81 30       	cpi	r24, 0x01	; 1
    10ae:	51 f0       	breq	.+20     	; 0x10c4 <MDIO_u8GetPortVal+0x18>
    10b0:	81 30       	cpi	r24, 0x01	; 1
    10b2:	30 f0       	brcs	.+12     	; 0x10c0 <MDIO_u8GetPortVal+0x14>
    10b4:	82 30       	cpi	r24, 0x02	; 2
    10b6:	41 f0       	breq	.+16     	; 0x10c8 <MDIO_u8GetPortVal+0x1c>
    10b8:	83 30       	cpi	r24, 0x03	; 3
    10ba:	41 f0       	breq	.+16     	; 0x10cc <MDIO_u8GetPortVal+0x20>
    10bc:	80 e0       	ldi	r24, 0x00	; 0
    10be:	08 95       	ret
    10c0:	89 b3       	in	r24, 0x19	; 25
    10c2:	08 95       	ret
    10c4:	86 b3       	in	r24, 0x16	; 22
    10c6:	08 95       	ret
    10c8:	83 b3       	in	r24, 0x13	; 19
    10ca:	08 95       	ret
    10cc:	80 b3       	in	r24, 0x10	; 16
    10ce:	08 95       	ret

000010d0 <MDIO_vTogPinVal>:
    10d0:	81 30       	cpi	r24, 0x01	; 1
    10d2:	91 f0       	breq	.+36     	; 0x10f8 <MDIO_vTogPinVal+0x28>
    10d4:	81 30       	cpi	r24, 0x01	; 1
    10d6:	28 f0       	brcs	.+10     	; 0x10e2 <MDIO_vTogPinVal+0x12>
    10d8:	82 30       	cpi	r24, 0x02	; 2
    10da:	c9 f0       	breq	.+50     	; 0x110e <MDIO_vTogPinVal+0x3e>
    10dc:	83 30       	cpi	r24, 0x03	; 3
    10de:	61 f5       	brne	.+88     	; 0x1138 <MDIO_vTogPinVal+0x68>
    10e0:	21 c0       	rjmp	.+66     	; 0x1124 <MDIO_vTogPinVal+0x54>
    10e2:	2b b3       	in	r18, 0x1b	; 27
    10e4:	81 e0       	ldi	r24, 0x01	; 1
    10e6:	90 e0       	ldi	r25, 0x00	; 0
    10e8:	02 c0       	rjmp	.+4      	; 0x10ee <MDIO_vTogPinVal+0x1e>
    10ea:	88 0f       	add	r24, r24
    10ec:	99 1f       	adc	r25, r25
    10ee:	6a 95       	dec	r22
    10f0:	e2 f7       	brpl	.-8      	; 0x10ea <MDIO_vTogPinVal+0x1a>
    10f2:	28 27       	eor	r18, r24
    10f4:	2b bb       	out	0x1b, r18	; 27
    10f6:	08 95       	ret
    10f8:	28 b3       	in	r18, 0x18	; 24
    10fa:	81 e0       	ldi	r24, 0x01	; 1
    10fc:	90 e0       	ldi	r25, 0x00	; 0
    10fe:	02 c0       	rjmp	.+4      	; 0x1104 <MDIO_vTogPinVal+0x34>
    1100:	88 0f       	add	r24, r24
    1102:	99 1f       	adc	r25, r25
    1104:	6a 95       	dec	r22
    1106:	e2 f7       	brpl	.-8      	; 0x1100 <MDIO_vTogPinVal+0x30>
    1108:	28 27       	eor	r18, r24
    110a:	28 bb       	out	0x18, r18	; 24
    110c:	08 95       	ret
    110e:	25 b3       	in	r18, 0x15	; 21
    1110:	81 e0       	ldi	r24, 0x01	; 1
    1112:	90 e0       	ldi	r25, 0x00	; 0
    1114:	02 c0       	rjmp	.+4      	; 0x111a <MDIO_vTogPinVal+0x4a>
    1116:	88 0f       	add	r24, r24
    1118:	99 1f       	adc	r25, r25
    111a:	6a 95       	dec	r22
    111c:	e2 f7       	brpl	.-8      	; 0x1116 <MDIO_vTogPinVal+0x46>
    111e:	28 27       	eor	r18, r24
    1120:	25 bb       	out	0x15, r18	; 21
    1122:	08 95       	ret
    1124:	22 b3       	in	r18, 0x12	; 18
    1126:	81 e0       	ldi	r24, 0x01	; 1
    1128:	90 e0       	ldi	r25, 0x00	; 0
    112a:	02 c0       	rjmp	.+4      	; 0x1130 <MDIO_vTogPinVal+0x60>
    112c:	88 0f       	add	r24, r24
    112e:	99 1f       	adc	r25, r25
    1130:	6a 95       	dec	r22
    1132:	e2 f7       	brpl	.-8      	; 0x112c <MDIO_vTogPinVal+0x5c>
    1134:	28 27       	eor	r18, r24
    1136:	22 bb       	out	0x12, r18	; 18
    1138:	08 95       	ret

0000113a <MADC_vInit>:
    113a:	3f 98       	cbi	0x07, 7	; 7
    113c:	3e 9a       	sbi	0x07, 6	; 7
    113e:	3d 98       	cbi	0x07, 5	; 7
    1140:	32 9a       	sbi	0x06, 2	; 6
    1142:	31 9a       	sbi	0x06, 1	; 6
    1144:	30 98       	cbi	0x06, 0	; 6
    1146:	35 98       	cbi	0x06, 5	; 6
    1148:	33 98       	cbi	0x06, 3	; 6
    114a:	37 9a       	sbi	0x06, 7	; 6
    114c:	08 95       	ret

0000114e <MADC_u16AnalogRead>:
    114e:	97 b1       	in	r25, 0x07	; 7
    1150:	87 70       	andi	r24, 0x07	; 7
    1152:	90 7e       	andi	r25, 0xE0	; 224
    1154:	89 2b       	or	r24, r25
    1156:	87 b9       	out	0x07, r24	; 7
    1158:	36 9a       	sbi	0x06, 6	; 6
    115a:	34 9b       	sbis	0x06, 4	; 6
    115c:	fe cf       	rjmp	.-4      	; 0x115a <MADC_u16AnalogRead+0xc>
    115e:	34 9a       	sbi	0x06, 4	; 6
    1160:	24 b1       	in	r18, 0x04	; 4
    1162:	35 b1       	in	r19, 0x05	; 5
    1164:	c9 01       	movw	r24, r18
    1166:	08 95       	ret

00001168 <HSTEPPER_vStop>:
    1168:	80 e0       	ldi	r24, 0x00	; 0
    116a:	61 e0       	ldi	r22, 0x01	; 1
    116c:	40 e0       	ldi	r20, 0x00	; 0
    116e:	0e 94 a1 07 	call	0xf42	; 0xf42 <MDIO_vSetPinVal>
    1172:	80 e0       	ldi	r24, 0x00	; 0
    1174:	60 e0       	ldi	r22, 0x00	; 0
    1176:	40 e0       	ldi	r20, 0x00	; 0
    1178:	0e 94 a1 07 	call	0xf42	; 0xf42 <MDIO_vSetPinVal>
    117c:	80 e0       	ldi	r24, 0x00	; 0
    117e:	63 e0       	ldi	r22, 0x03	; 3
    1180:	40 e0       	ldi	r20, 0x00	; 0
    1182:	0e 94 a1 07 	call	0xf42	; 0xf42 <MDIO_vSetPinVal>
    1186:	80 e0       	ldi	r24, 0x00	; 0
    1188:	62 e0       	ldi	r22, 0x02	; 2
    118a:	40 e0       	ldi	r20, 0x00	; 0
    118c:	0e 94 a1 07 	call	0xf42	; 0xf42 <MDIO_vSetPinVal>
    1190:	08 95       	ret

00001192 <HTEPPER_vRotateCCW>:
    1192:	af 92       	push	r10
    1194:	bf 92       	push	r11
    1196:	cf 92       	push	r12
    1198:	df 92       	push	r13
    119a:	ef 92       	push	r14
    119c:	ff 92       	push	r15
    119e:	0f 93       	push	r16
    11a0:	1f 93       	push	r17
    11a2:	5b 01       	movw	r10, r22
    11a4:	6c 01       	movw	r12, r24
    11a6:	80 e0       	ldi	r24, 0x00	; 0
    11a8:	61 e0       	ldi	r22, 0x01	; 1
    11aa:	40 e0       	ldi	r20, 0x00	; 0
    11ac:	0e 94 a1 07 	call	0xf42	; 0xf42 <MDIO_vSetPinVal>
    11b0:	80 e0       	ldi	r24, 0x00	; 0
    11b2:	60 e0       	ldi	r22, 0x00	; 0
    11b4:	40 e0       	ldi	r20, 0x00	; 0
    11b6:	0e 94 a1 07 	call	0xf42	; 0xf42 <MDIO_vSetPinVal>
    11ba:	80 e0       	ldi	r24, 0x00	; 0
    11bc:	63 e0       	ldi	r22, 0x03	; 3
    11be:	40 e0       	ldi	r20, 0x00	; 0
    11c0:	0e 94 a1 07 	call	0xf42	; 0xf42 <MDIO_vSetPinVal>
    11c4:	80 e0       	ldi	r24, 0x00	; 0
    11c6:	62 e0       	ldi	r22, 0x02	; 2
    11c8:	41 e0       	ldi	r20, 0x01	; 1
    11ca:	0e 94 a1 07 	call	0xf42	; 0xf42 <MDIO_vSetPinVal>
    11ce:	c6 01       	movw	r24, r12
    11d0:	b5 01       	movw	r22, r10
    11d2:	20 e0       	ldi	r18, 0x00	; 0
    11d4:	30 e0       	ldi	r19, 0x00	; 0
    11d6:	4a ef       	ldi	r20, 0xFA	; 250
    11d8:	54 e4       	ldi	r21, 0x44	; 68
    11da:	0e 94 1f 02 	call	0x43e	; 0x43e <__mulsf3>
    11de:	7b 01       	movw	r14, r22
    11e0:	8c 01       	movw	r16, r24
    11e2:	20 e0       	ldi	r18, 0x00	; 0
    11e4:	30 e0       	ldi	r19, 0x00	; 0
    11e6:	40 e8       	ldi	r20, 0x80	; 128
    11e8:	5f e3       	ldi	r21, 0x3F	; 63
    11ea:	0e 94 79 03 	call	0x6f2	; 0x6f2 <__ltsf2>
    11ee:	88 23       	and	r24, r24
    11f0:	1c f4       	brge	.+6      	; 0x11f8 <HTEPPER_vRotateCCW+0x66>
    11f2:	61 e0       	ldi	r22, 0x01	; 1
    11f4:	70 e0       	ldi	r23, 0x00	; 0
    11f6:	24 c0       	rjmp	.+72     	; 0x1240 <HTEPPER_vRotateCCW+0xae>
    11f8:	c8 01       	movw	r24, r16
    11fa:	b7 01       	movw	r22, r14
    11fc:	20 e0       	ldi	r18, 0x00	; 0
    11fe:	3f ef       	ldi	r19, 0xFF	; 255
    1200:	4f e7       	ldi	r20, 0x7F	; 127
    1202:	57 e4       	ldi	r21, 0x47	; 71
    1204:	0e 94 19 03 	call	0x632	; 0x632 <__gtsf2>
    1208:	18 16       	cp	r1, r24
    120a:	b4 f4       	brge	.+44     	; 0x1238 <HTEPPER_vRotateCCW+0xa6>
    120c:	c6 01       	movw	r24, r12
    120e:	b5 01       	movw	r22, r10
    1210:	20 e0       	ldi	r18, 0x00	; 0
    1212:	30 e0       	ldi	r19, 0x00	; 0
    1214:	40 e2       	ldi	r20, 0x20	; 32
    1216:	51 e4       	ldi	r21, 0x41	; 65
    1218:	0e 94 1f 02 	call	0x43e	; 0x43e <__mulsf3>
    121c:	0e 94 49 00 	call	0x92	; 0x92 <__fixunssfsi>
    1220:	88 ec       	ldi	r24, 0xC8	; 200
    1222:	90 e0       	ldi	r25, 0x00	; 0
    1224:	05 c0       	rjmp	.+10     	; 0x1230 <HTEPPER_vRotateCCW+0x9e>
    1226:	fc 01       	movw	r30, r24
    1228:	31 97       	sbiw	r30, 0x01	; 1
    122a:	f1 f7       	brne	.-4      	; 0x1228 <HTEPPER_vRotateCCW+0x96>
    122c:	61 50       	subi	r22, 0x01	; 1
    122e:	70 40       	sbci	r23, 0x00	; 0
    1230:	61 15       	cp	r22, r1
    1232:	71 05       	cpc	r23, r1
    1234:	c1 f7       	brne	.-16     	; 0x1226 <HTEPPER_vRotateCCW+0x94>
    1236:	07 c0       	rjmp	.+14     	; 0x1246 <HTEPPER_vRotateCCW+0xb4>
    1238:	c8 01       	movw	r24, r16
    123a:	b7 01       	movw	r22, r14
    123c:	0e 94 49 00 	call	0x92	; 0x92 <__fixunssfsi>
    1240:	cb 01       	movw	r24, r22
    1242:	01 97       	sbiw	r24, 0x01	; 1
    1244:	f1 f7       	brne	.-4      	; 0x1242 <HTEPPER_vRotateCCW+0xb0>
    1246:	80 e0       	ldi	r24, 0x00	; 0
    1248:	61 e0       	ldi	r22, 0x01	; 1
    124a:	40 e0       	ldi	r20, 0x00	; 0
    124c:	0e 94 a1 07 	call	0xf42	; 0xf42 <MDIO_vSetPinVal>
    1250:	80 e0       	ldi	r24, 0x00	; 0
    1252:	60 e0       	ldi	r22, 0x00	; 0
    1254:	40 e0       	ldi	r20, 0x00	; 0
    1256:	0e 94 a1 07 	call	0xf42	; 0xf42 <MDIO_vSetPinVal>
    125a:	80 e0       	ldi	r24, 0x00	; 0
    125c:	63 e0       	ldi	r22, 0x03	; 3
    125e:	41 e0       	ldi	r20, 0x01	; 1
    1260:	0e 94 a1 07 	call	0xf42	; 0xf42 <MDIO_vSetPinVal>
    1264:	80 e0       	ldi	r24, 0x00	; 0
    1266:	62 e0       	ldi	r22, 0x02	; 2
    1268:	40 e0       	ldi	r20, 0x00	; 0
    126a:	0e 94 a1 07 	call	0xf42	; 0xf42 <MDIO_vSetPinVal>
    126e:	c8 01       	movw	r24, r16
    1270:	b7 01       	movw	r22, r14
    1272:	20 e0       	ldi	r18, 0x00	; 0
    1274:	30 e0       	ldi	r19, 0x00	; 0
    1276:	40 e8       	ldi	r20, 0x80	; 128
    1278:	5f e3       	ldi	r21, 0x3F	; 63
    127a:	0e 94 79 03 	call	0x6f2	; 0x6f2 <__ltsf2>
    127e:	88 23       	and	r24, r24
    1280:	1c f4       	brge	.+6      	; 0x1288 <HTEPPER_vRotateCCW+0xf6>
    1282:	61 e0       	ldi	r22, 0x01	; 1
    1284:	70 e0       	ldi	r23, 0x00	; 0
    1286:	24 c0       	rjmp	.+72     	; 0x12d0 <HTEPPER_vRotateCCW+0x13e>
    1288:	c8 01       	movw	r24, r16
    128a:	b7 01       	movw	r22, r14
    128c:	20 e0       	ldi	r18, 0x00	; 0
    128e:	3f ef       	ldi	r19, 0xFF	; 255
    1290:	4f e7       	ldi	r20, 0x7F	; 127
    1292:	57 e4       	ldi	r21, 0x47	; 71
    1294:	0e 94 19 03 	call	0x632	; 0x632 <__gtsf2>
    1298:	18 16       	cp	r1, r24
    129a:	b4 f4       	brge	.+44     	; 0x12c8 <HTEPPER_vRotateCCW+0x136>
    129c:	c6 01       	movw	r24, r12
    129e:	b5 01       	movw	r22, r10
    12a0:	20 e0       	ldi	r18, 0x00	; 0
    12a2:	30 e0       	ldi	r19, 0x00	; 0
    12a4:	40 e2       	ldi	r20, 0x20	; 32
    12a6:	51 e4       	ldi	r21, 0x41	; 65
    12a8:	0e 94 1f 02 	call	0x43e	; 0x43e <__mulsf3>
    12ac:	0e 94 49 00 	call	0x92	; 0x92 <__fixunssfsi>
    12b0:	88 ec       	ldi	r24, 0xC8	; 200
    12b2:	90 e0       	ldi	r25, 0x00	; 0
    12b4:	05 c0       	rjmp	.+10     	; 0x12c0 <HTEPPER_vRotateCCW+0x12e>
    12b6:	fc 01       	movw	r30, r24
    12b8:	31 97       	sbiw	r30, 0x01	; 1
    12ba:	f1 f7       	brne	.-4      	; 0x12b8 <HTEPPER_vRotateCCW+0x126>
    12bc:	61 50       	subi	r22, 0x01	; 1
    12be:	70 40       	sbci	r23, 0x00	; 0
    12c0:	61 15       	cp	r22, r1
    12c2:	71 05       	cpc	r23, r1
    12c4:	c1 f7       	brne	.-16     	; 0x12b6 <HTEPPER_vRotateCCW+0x124>
    12c6:	07 c0       	rjmp	.+14     	; 0x12d6 <HTEPPER_vRotateCCW+0x144>
    12c8:	c8 01       	movw	r24, r16
    12ca:	b7 01       	movw	r22, r14
    12cc:	0e 94 49 00 	call	0x92	; 0x92 <__fixunssfsi>
    12d0:	cb 01       	movw	r24, r22
    12d2:	01 97       	sbiw	r24, 0x01	; 1
    12d4:	f1 f7       	brne	.-4      	; 0x12d2 <HTEPPER_vRotateCCW+0x140>
    12d6:	80 e0       	ldi	r24, 0x00	; 0
    12d8:	61 e0       	ldi	r22, 0x01	; 1
    12da:	40 e0       	ldi	r20, 0x00	; 0
    12dc:	0e 94 a1 07 	call	0xf42	; 0xf42 <MDIO_vSetPinVal>
    12e0:	80 e0       	ldi	r24, 0x00	; 0
    12e2:	60 e0       	ldi	r22, 0x00	; 0
    12e4:	41 e0       	ldi	r20, 0x01	; 1
    12e6:	0e 94 a1 07 	call	0xf42	; 0xf42 <MDIO_vSetPinVal>
    12ea:	80 e0       	ldi	r24, 0x00	; 0
    12ec:	63 e0       	ldi	r22, 0x03	; 3
    12ee:	40 e0       	ldi	r20, 0x00	; 0
    12f0:	0e 94 a1 07 	call	0xf42	; 0xf42 <MDIO_vSetPinVal>
    12f4:	80 e0       	ldi	r24, 0x00	; 0
    12f6:	62 e0       	ldi	r22, 0x02	; 2
    12f8:	40 e0       	ldi	r20, 0x00	; 0
    12fa:	0e 94 a1 07 	call	0xf42	; 0xf42 <MDIO_vSetPinVal>
    12fe:	c8 01       	movw	r24, r16
    1300:	b7 01       	movw	r22, r14
    1302:	20 e0       	ldi	r18, 0x00	; 0
    1304:	30 e0       	ldi	r19, 0x00	; 0
    1306:	40 e8       	ldi	r20, 0x80	; 128
    1308:	5f e3       	ldi	r21, 0x3F	; 63
    130a:	0e 94 79 03 	call	0x6f2	; 0x6f2 <__ltsf2>
    130e:	88 23       	and	r24, r24
    1310:	1c f4       	brge	.+6      	; 0x1318 <HTEPPER_vRotateCCW+0x186>
    1312:	61 e0       	ldi	r22, 0x01	; 1
    1314:	70 e0       	ldi	r23, 0x00	; 0
    1316:	24 c0       	rjmp	.+72     	; 0x1360 <HTEPPER_vRotateCCW+0x1ce>
    1318:	c8 01       	movw	r24, r16
    131a:	b7 01       	movw	r22, r14
    131c:	20 e0       	ldi	r18, 0x00	; 0
    131e:	3f ef       	ldi	r19, 0xFF	; 255
    1320:	4f e7       	ldi	r20, 0x7F	; 127
    1322:	57 e4       	ldi	r21, 0x47	; 71
    1324:	0e 94 19 03 	call	0x632	; 0x632 <__gtsf2>
    1328:	18 16       	cp	r1, r24
    132a:	b4 f4       	brge	.+44     	; 0x1358 <HTEPPER_vRotateCCW+0x1c6>
    132c:	c6 01       	movw	r24, r12
    132e:	b5 01       	movw	r22, r10
    1330:	20 e0       	ldi	r18, 0x00	; 0
    1332:	30 e0       	ldi	r19, 0x00	; 0
    1334:	40 e2       	ldi	r20, 0x20	; 32
    1336:	51 e4       	ldi	r21, 0x41	; 65
    1338:	0e 94 1f 02 	call	0x43e	; 0x43e <__mulsf3>
    133c:	0e 94 49 00 	call	0x92	; 0x92 <__fixunssfsi>
    1340:	88 ec       	ldi	r24, 0xC8	; 200
    1342:	90 e0       	ldi	r25, 0x00	; 0
    1344:	05 c0       	rjmp	.+10     	; 0x1350 <HTEPPER_vRotateCCW+0x1be>
    1346:	fc 01       	movw	r30, r24
    1348:	31 97       	sbiw	r30, 0x01	; 1
    134a:	f1 f7       	brne	.-4      	; 0x1348 <HTEPPER_vRotateCCW+0x1b6>
    134c:	61 50       	subi	r22, 0x01	; 1
    134e:	70 40       	sbci	r23, 0x00	; 0
    1350:	61 15       	cp	r22, r1
    1352:	71 05       	cpc	r23, r1
    1354:	c1 f7       	brne	.-16     	; 0x1346 <HTEPPER_vRotateCCW+0x1b4>
    1356:	07 c0       	rjmp	.+14     	; 0x1366 <HTEPPER_vRotateCCW+0x1d4>
    1358:	c8 01       	movw	r24, r16
    135a:	b7 01       	movw	r22, r14
    135c:	0e 94 49 00 	call	0x92	; 0x92 <__fixunssfsi>
    1360:	cb 01       	movw	r24, r22
    1362:	01 97       	sbiw	r24, 0x01	; 1
    1364:	f1 f7       	brne	.-4      	; 0x1362 <HTEPPER_vRotateCCW+0x1d0>
    1366:	80 e0       	ldi	r24, 0x00	; 0
    1368:	61 e0       	ldi	r22, 0x01	; 1
    136a:	41 e0       	ldi	r20, 0x01	; 1
    136c:	0e 94 a1 07 	call	0xf42	; 0xf42 <MDIO_vSetPinVal>
    1370:	80 e0       	ldi	r24, 0x00	; 0
    1372:	60 e0       	ldi	r22, 0x00	; 0
    1374:	40 e0       	ldi	r20, 0x00	; 0
    1376:	0e 94 a1 07 	call	0xf42	; 0xf42 <MDIO_vSetPinVal>
    137a:	80 e0       	ldi	r24, 0x00	; 0
    137c:	63 e0       	ldi	r22, 0x03	; 3
    137e:	40 e0       	ldi	r20, 0x00	; 0
    1380:	0e 94 a1 07 	call	0xf42	; 0xf42 <MDIO_vSetPinVal>
    1384:	80 e0       	ldi	r24, 0x00	; 0
    1386:	62 e0       	ldi	r22, 0x02	; 2
    1388:	40 e0       	ldi	r20, 0x00	; 0
    138a:	0e 94 a1 07 	call	0xf42	; 0xf42 <MDIO_vSetPinVal>
    138e:	c8 01       	movw	r24, r16
    1390:	b7 01       	movw	r22, r14
    1392:	20 e0       	ldi	r18, 0x00	; 0
    1394:	30 e0       	ldi	r19, 0x00	; 0
    1396:	40 e8       	ldi	r20, 0x80	; 128
    1398:	5f e3       	ldi	r21, 0x3F	; 63
    139a:	0e 94 79 03 	call	0x6f2	; 0x6f2 <__ltsf2>
    139e:	88 23       	and	r24, r24
    13a0:	1c f4       	brge	.+6      	; 0x13a8 <HTEPPER_vRotateCCW+0x216>
    13a2:	61 e0       	ldi	r22, 0x01	; 1
    13a4:	70 e0       	ldi	r23, 0x00	; 0
    13a6:	24 c0       	rjmp	.+72     	; 0x13f0 <HTEPPER_vRotateCCW+0x25e>
    13a8:	c8 01       	movw	r24, r16
    13aa:	b7 01       	movw	r22, r14
    13ac:	20 e0       	ldi	r18, 0x00	; 0
    13ae:	3f ef       	ldi	r19, 0xFF	; 255
    13b0:	4f e7       	ldi	r20, 0x7F	; 127
    13b2:	57 e4       	ldi	r21, 0x47	; 71
    13b4:	0e 94 19 03 	call	0x632	; 0x632 <__gtsf2>
    13b8:	18 16       	cp	r1, r24
    13ba:	b4 f4       	brge	.+44     	; 0x13e8 <HTEPPER_vRotateCCW+0x256>
    13bc:	c6 01       	movw	r24, r12
    13be:	b5 01       	movw	r22, r10
    13c0:	20 e0       	ldi	r18, 0x00	; 0
    13c2:	30 e0       	ldi	r19, 0x00	; 0
    13c4:	40 e2       	ldi	r20, 0x20	; 32
    13c6:	51 e4       	ldi	r21, 0x41	; 65
    13c8:	0e 94 1f 02 	call	0x43e	; 0x43e <__mulsf3>
    13cc:	0e 94 49 00 	call	0x92	; 0x92 <__fixunssfsi>
    13d0:	88 ec       	ldi	r24, 0xC8	; 200
    13d2:	90 e0       	ldi	r25, 0x00	; 0
    13d4:	05 c0       	rjmp	.+10     	; 0x13e0 <HTEPPER_vRotateCCW+0x24e>
    13d6:	fc 01       	movw	r30, r24
    13d8:	31 97       	sbiw	r30, 0x01	; 1
    13da:	f1 f7       	brne	.-4      	; 0x13d8 <HTEPPER_vRotateCCW+0x246>
    13dc:	61 50       	subi	r22, 0x01	; 1
    13de:	70 40       	sbci	r23, 0x00	; 0
    13e0:	61 15       	cp	r22, r1
    13e2:	71 05       	cpc	r23, r1
    13e4:	c1 f7       	brne	.-16     	; 0x13d6 <HTEPPER_vRotateCCW+0x244>
    13e6:	07 c0       	rjmp	.+14     	; 0x13f6 <HTEPPER_vRotateCCW+0x264>
    13e8:	c8 01       	movw	r24, r16
    13ea:	b7 01       	movw	r22, r14
    13ec:	0e 94 49 00 	call	0x92	; 0x92 <__fixunssfsi>
    13f0:	cb 01       	movw	r24, r22
    13f2:	01 97       	sbiw	r24, 0x01	; 1
    13f4:	f1 f7       	brne	.-4      	; 0x13f2 <HTEPPER_vRotateCCW+0x260>
    13f6:	1f 91       	pop	r17
    13f8:	0f 91       	pop	r16
    13fa:	ff 90       	pop	r15
    13fc:	ef 90       	pop	r14
    13fe:	df 90       	pop	r13
    1400:	cf 90       	pop	r12
    1402:	bf 90       	pop	r11
    1404:	af 90       	pop	r10
    1406:	08 95       	ret

00001408 <HTEPPER_vRotateCW>:
    1408:	af 92       	push	r10
    140a:	bf 92       	push	r11
    140c:	cf 92       	push	r12
    140e:	df 92       	push	r13
    1410:	ef 92       	push	r14
    1412:	ff 92       	push	r15
    1414:	0f 93       	push	r16
    1416:	1f 93       	push	r17
    1418:	5b 01       	movw	r10, r22
    141a:	6c 01       	movw	r12, r24
    141c:	80 e0       	ldi	r24, 0x00	; 0
    141e:	61 e0       	ldi	r22, 0x01	; 1
    1420:	41 e0       	ldi	r20, 0x01	; 1
    1422:	0e 94 a1 07 	call	0xf42	; 0xf42 <MDIO_vSetPinVal>
    1426:	80 e0       	ldi	r24, 0x00	; 0
    1428:	60 e0       	ldi	r22, 0x00	; 0
    142a:	40 e0       	ldi	r20, 0x00	; 0
    142c:	0e 94 a1 07 	call	0xf42	; 0xf42 <MDIO_vSetPinVal>
    1430:	80 e0       	ldi	r24, 0x00	; 0
    1432:	63 e0       	ldi	r22, 0x03	; 3
    1434:	40 e0       	ldi	r20, 0x00	; 0
    1436:	0e 94 a1 07 	call	0xf42	; 0xf42 <MDIO_vSetPinVal>
    143a:	80 e0       	ldi	r24, 0x00	; 0
    143c:	62 e0       	ldi	r22, 0x02	; 2
    143e:	40 e0       	ldi	r20, 0x00	; 0
    1440:	0e 94 a1 07 	call	0xf42	; 0xf42 <MDIO_vSetPinVal>
    1444:	c6 01       	movw	r24, r12
    1446:	b5 01       	movw	r22, r10
    1448:	20 e0       	ldi	r18, 0x00	; 0
    144a:	30 e0       	ldi	r19, 0x00	; 0
    144c:	4a ef       	ldi	r20, 0xFA	; 250
    144e:	54 e4       	ldi	r21, 0x44	; 68
    1450:	0e 94 1f 02 	call	0x43e	; 0x43e <__mulsf3>
    1454:	7b 01       	movw	r14, r22
    1456:	8c 01       	movw	r16, r24
    1458:	20 e0       	ldi	r18, 0x00	; 0
    145a:	30 e0       	ldi	r19, 0x00	; 0
    145c:	40 e8       	ldi	r20, 0x80	; 128
    145e:	5f e3       	ldi	r21, 0x3F	; 63
    1460:	0e 94 79 03 	call	0x6f2	; 0x6f2 <__ltsf2>
    1464:	88 23       	and	r24, r24
    1466:	1c f4       	brge	.+6      	; 0x146e <HTEPPER_vRotateCW+0x66>
    1468:	61 e0       	ldi	r22, 0x01	; 1
    146a:	70 e0       	ldi	r23, 0x00	; 0
    146c:	24 c0       	rjmp	.+72     	; 0x14b6 <HTEPPER_vRotateCW+0xae>
    146e:	c8 01       	movw	r24, r16
    1470:	b7 01       	movw	r22, r14
    1472:	20 e0       	ldi	r18, 0x00	; 0
    1474:	3f ef       	ldi	r19, 0xFF	; 255
    1476:	4f e7       	ldi	r20, 0x7F	; 127
    1478:	57 e4       	ldi	r21, 0x47	; 71
    147a:	0e 94 19 03 	call	0x632	; 0x632 <__gtsf2>
    147e:	18 16       	cp	r1, r24
    1480:	b4 f4       	brge	.+44     	; 0x14ae <HTEPPER_vRotateCW+0xa6>
    1482:	c6 01       	movw	r24, r12
    1484:	b5 01       	movw	r22, r10
    1486:	20 e0       	ldi	r18, 0x00	; 0
    1488:	30 e0       	ldi	r19, 0x00	; 0
    148a:	40 e2       	ldi	r20, 0x20	; 32
    148c:	51 e4       	ldi	r21, 0x41	; 65
    148e:	0e 94 1f 02 	call	0x43e	; 0x43e <__mulsf3>
    1492:	0e 94 49 00 	call	0x92	; 0x92 <__fixunssfsi>
    1496:	88 ec       	ldi	r24, 0xC8	; 200
    1498:	90 e0       	ldi	r25, 0x00	; 0
    149a:	05 c0       	rjmp	.+10     	; 0x14a6 <HTEPPER_vRotateCW+0x9e>
    149c:	fc 01       	movw	r30, r24
    149e:	31 97       	sbiw	r30, 0x01	; 1
    14a0:	f1 f7       	brne	.-4      	; 0x149e <HTEPPER_vRotateCW+0x96>
    14a2:	61 50       	subi	r22, 0x01	; 1
    14a4:	70 40       	sbci	r23, 0x00	; 0
    14a6:	61 15       	cp	r22, r1
    14a8:	71 05       	cpc	r23, r1
    14aa:	c1 f7       	brne	.-16     	; 0x149c <HTEPPER_vRotateCW+0x94>
    14ac:	07 c0       	rjmp	.+14     	; 0x14bc <HTEPPER_vRotateCW+0xb4>
    14ae:	c8 01       	movw	r24, r16
    14b0:	b7 01       	movw	r22, r14
    14b2:	0e 94 49 00 	call	0x92	; 0x92 <__fixunssfsi>
    14b6:	cb 01       	movw	r24, r22
    14b8:	01 97       	sbiw	r24, 0x01	; 1
    14ba:	f1 f7       	brne	.-4      	; 0x14b8 <HTEPPER_vRotateCW+0xb0>
    14bc:	80 e0       	ldi	r24, 0x00	; 0
    14be:	61 e0       	ldi	r22, 0x01	; 1
    14c0:	40 e0       	ldi	r20, 0x00	; 0
    14c2:	0e 94 a1 07 	call	0xf42	; 0xf42 <MDIO_vSetPinVal>
    14c6:	80 e0       	ldi	r24, 0x00	; 0
    14c8:	60 e0       	ldi	r22, 0x00	; 0
    14ca:	41 e0       	ldi	r20, 0x01	; 1
    14cc:	0e 94 a1 07 	call	0xf42	; 0xf42 <MDIO_vSetPinVal>
    14d0:	80 e0       	ldi	r24, 0x00	; 0
    14d2:	63 e0       	ldi	r22, 0x03	; 3
    14d4:	40 e0       	ldi	r20, 0x00	; 0
    14d6:	0e 94 a1 07 	call	0xf42	; 0xf42 <MDIO_vSetPinVal>
    14da:	80 e0       	ldi	r24, 0x00	; 0
    14dc:	62 e0       	ldi	r22, 0x02	; 2
    14de:	40 e0       	ldi	r20, 0x00	; 0
    14e0:	0e 94 a1 07 	call	0xf42	; 0xf42 <MDIO_vSetPinVal>
    14e4:	c8 01       	movw	r24, r16
    14e6:	b7 01       	movw	r22, r14
    14e8:	20 e0       	ldi	r18, 0x00	; 0
    14ea:	30 e0       	ldi	r19, 0x00	; 0
    14ec:	40 e8       	ldi	r20, 0x80	; 128
    14ee:	5f e3       	ldi	r21, 0x3F	; 63
    14f0:	0e 94 79 03 	call	0x6f2	; 0x6f2 <__ltsf2>
    14f4:	88 23       	and	r24, r24
    14f6:	1c f4       	brge	.+6      	; 0x14fe <HTEPPER_vRotateCW+0xf6>
    14f8:	61 e0       	ldi	r22, 0x01	; 1
    14fa:	70 e0       	ldi	r23, 0x00	; 0
    14fc:	24 c0       	rjmp	.+72     	; 0x1546 <HTEPPER_vRotateCW+0x13e>
    14fe:	c8 01       	movw	r24, r16
    1500:	b7 01       	movw	r22, r14
    1502:	20 e0       	ldi	r18, 0x00	; 0
    1504:	3f ef       	ldi	r19, 0xFF	; 255
    1506:	4f e7       	ldi	r20, 0x7F	; 127
    1508:	57 e4       	ldi	r21, 0x47	; 71
    150a:	0e 94 19 03 	call	0x632	; 0x632 <__gtsf2>
    150e:	18 16       	cp	r1, r24
    1510:	b4 f4       	brge	.+44     	; 0x153e <HTEPPER_vRotateCW+0x136>
    1512:	c6 01       	movw	r24, r12
    1514:	b5 01       	movw	r22, r10
    1516:	20 e0       	ldi	r18, 0x00	; 0
    1518:	30 e0       	ldi	r19, 0x00	; 0
    151a:	40 e2       	ldi	r20, 0x20	; 32
    151c:	51 e4       	ldi	r21, 0x41	; 65
    151e:	0e 94 1f 02 	call	0x43e	; 0x43e <__mulsf3>
    1522:	0e 94 49 00 	call	0x92	; 0x92 <__fixunssfsi>
    1526:	88 ec       	ldi	r24, 0xC8	; 200
    1528:	90 e0       	ldi	r25, 0x00	; 0
    152a:	05 c0       	rjmp	.+10     	; 0x1536 <HTEPPER_vRotateCW+0x12e>
    152c:	fc 01       	movw	r30, r24
    152e:	31 97       	sbiw	r30, 0x01	; 1
    1530:	f1 f7       	brne	.-4      	; 0x152e <HTEPPER_vRotateCW+0x126>
    1532:	61 50       	subi	r22, 0x01	; 1
    1534:	70 40       	sbci	r23, 0x00	; 0
    1536:	61 15       	cp	r22, r1
    1538:	71 05       	cpc	r23, r1
    153a:	c1 f7       	brne	.-16     	; 0x152c <HTEPPER_vRotateCW+0x124>
    153c:	07 c0       	rjmp	.+14     	; 0x154c <HTEPPER_vRotateCW+0x144>
    153e:	c8 01       	movw	r24, r16
    1540:	b7 01       	movw	r22, r14
    1542:	0e 94 49 00 	call	0x92	; 0x92 <__fixunssfsi>
    1546:	cb 01       	movw	r24, r22
    1548:	01 97       	sbiw	r24, 0x01	; 1
    154a:	f1 f7       	brne	.-4      	; 0x1548 <HTEPPER_vRotateCW+0x140>
    154c:	80 e0       	ldi	r24, 0x00	; 0
    154e:	61 e0       	ldi	r22, 0x01	; 1
    1550:	40 e0       	ldi	r20, 0x00	; 0
    1552:	0e 94 a1 07 	call	0xf42	; 0xf42 <MDIO_vSetPinVal>
    1556:	80 e0       	ldi	r24, 0x00	; 0
    1558:	60 e0       	ldi	r22, 0x00	; 0
    155a:	40 e0       	ldi	r20, 0x00	; 0
    155c:	0e 94 a1 07 	call	0xf42	; 0xf42 <MDIO_vSetPinVal>
    1560:	80 e0       	ldi	r24, 0x00	; 0
    1562:	63 e0       	ldi	r22, 0x03	; 3
    1564:	41 e0       	ldi	r20, 0x01	; 1
    1566:	0e 94 a1 07 	call	0xf42	; 0xf42 <MDIO_vSetPinVal>
    156a:	80 e0       	ldi	r24, 0x00	; 0
    156c:	62 e0       	ldi	r22, 0x02	; 2
    156e:	40 e0       	ldi	r20, 0x00	; 0
    1570:	0e 94 a1 07 	call	0xf42	; 0xf42 <MDIO_vSetPinVal>
    1574:	c8 01       	movw	r24, r16
    1576:	b7 01       	movw	r22, r14
    1578:	20 e0       	ldi	r18, 0x00	; 0
    157a:	30 e0       	ldi	r19, 0x00	; 0
    157c:	40 e8       	ldi	r20, 0x80	; 128
    157e:	5f e3       	ldi	r21, 0x3F	; 63
    1580:	0e 94 79 03 	call	0x6f2	; 0x6f2 <__ltsf2>
    1584:	88 23       	and	r24, r24
    1586:	1c f4       	brge	.+6      	; 0x158e <HTEPPER_vRotateCW+0x186>
    1588:	61 e0       	ldi	r22, 0x01	; 1
    158a:	70 e0       	ldi	r23, 0x00	; 0
    158c:	24 c0       	rjmp	.+72     	; 0x15d6 <HTEPPER_vRotateCW+0x1ce>
    158e:	c8 01       	movw	r24, r16
    1590:	b7 01       	movw	r22, r14
    1592:	20 e0       	ldi	r18, 0x00	; 0
    1594:	3f ef       	ldi	r19, 0xFF	; 255
    1596:	4f e7       	ldi	r20, 0x7F	; 127
    1598:	57 e4       	ldi	r21, 0x47	; 71
    159a:	0e 94 19 03 	call	0x632	; 0x632 <__gtsf2>
    159e:	18 16       	cp	r1, r24
    15a0:	b4 f4       	brge	.+44     	; 0x15ce <HTEPPER_vRotateCW+0x1c6>
    15a2:	c6 01       	movw	r24, r12
    15a4:	b5 01       	movw	r22, r10
    15a6:	20 e0       	ldi	r18, 0x00	; 0
    15a8:	30 e0       	ldi	r19, 0x00	; 0
    15aa:	40 e2       	ldi	r20, 0x20	; 32
    15ac:	51 e4       	ldi	r21, 0x41	; 65
    15ae:	0e 94 1f 02 	call	0x43e	; 0x43e <__mulsf3>
    15b2:	0e 94 49 00 	call	0x92	; 0x92 <__fixunssfsi>
    15b6:	88 ec       	ldi	r24, 0xC8	; 200
    15b8:	90 e0       	ldi	r25, 0x00	; 0
    15ba:	05 c0       	rjmp	.+10     	; 0x15c6 <HTEPPER_vRotateCW+0x1be>
    15bc:	fc 01       	movw	r30, r24
    15be:	31 97       	sbiw	r30, 0x01	; 1
    15c0:	f1 f7       	brne	.-4      	; 0x15be <HTEPPER_vRotateCW+0x1b6>
    15c2:	61 50       	subi	r22, 0x01	; 1
    15c4:	70 40       	sbci	r23, 0x00	; 0
    15c6:	61 15       	cp	r22, r1
    15c8:	71 05       	cpc	r23, r1
    15ca:	c1 f7       	brne	.-16     	; 0x15bc <HTEPPER_vRotateCW+0x1b4>
    15cc:	07 c0       	rjmp	.+14     	; 0x15dc <HTEPPER_vRotateCW+0x1d4>
    15ce:	c8 01       	movw	r24, r16
    15d0:	b7 01       	movw	r22, r14
    15d2:	0e 94 49 00 	call	0x92	; 0x92 <__fixunssfsi>
    15d6:	cb 01       	movw	r24, r22
    15d8:	01 97       	sbiw	r24, 0x01	; 1
    15da:	f1 f7       	brne	.-4      	; 0x15d8 <HTEPPER_vRotateCW+0x1d0>
    15dc:	80 e0       	ldi	r24, 0x00	; 0
    15de:	61 e0       	ldi	r22, 0x01	; 1
    15e0:	40 e0       	ldi	r20, 0x00	; 0
    15e2:	0e 94 a1 07 	call	0xf42	; 0xf42 <MDIO_vSetPinVal>
    15e6:	80 e0       	ldi	r24, 0x00	; 0
    15e8:	60 e0       	ldi	r22, 0x00	; 0
    15ea:	40 e0       	ldi	r20, 0x00	; 0
    15ec:	0e 94 a1 07 	call	0xf42	; 0xf42 <MDIO_vSetPinVal>
    15f0:	80 e0       	ldi	r24, 0x00	; 0
    15f2:	63 e0       	ldi	r22, 0x03	; 3
    15f4:	40 e0       	ldi	r20, 0x00	; 0
    15f6:	0e 94 a1 07 	call	0xf42	; 0xf42 <MDIO_vSetPinVal>
    15fa:	80 e0       	ldi	r24, 0x00	; 0
    15fc:	62 e0       	ldi	r22, 0x02	; 2
    15fe:	41 e0       	ldi	r20, 0x01	; 1
    1600:	0e 94 a1 07 	call	0xf42	; 0xf42 <MDIO_vSetPinVal>
    1604:	c8 01       	movw	r24, r16
    1606:	b7 01       	movw	r22, r14
    1608:	20 e0       	ldi	r18, 0x00	; 0
    160a:	30 e0       	ldi	r19, 0x00	; 0
    160c:	40 e8       	ldi	r20, 0x80	; 128
    160e:	5f e3       	ldi	r21, 0x3F	; 63
    1610:	0e 94 79 03 	call	0x6f2	; 0x6f2 <__ltsf2>
    1614:	88 23       	and	r24, r24
    1616:	1c f4       	brge	.+6      	; 0x161e <HTEPPER_vRotateCW+0x216>
    1618:	61 e0       	ldi	r22, 0x01	; 1
    161a:	70 e0       	ldi	r23, 0x00	; 0
    161c:	24 c0       	rjmp	.+72     	; 0x1666 <HTEPPER_vRotateCW+0x25e>
    161e:	c8 01       	movw	r24, r16
    1620:	b7 01       	movw	r22, r14
    1622:	20 e0       	ldi	r18, 0x00	; 0
    1624:	3f ef       	ldi	r19, 0xFF	; 255
    1626:	4f e7       	ldi	r20, 0x7F	; 127
    1628:	57 e4       	ldi	r21, 0x47	; 71
    162a:	0e 94 19 03 	call	0x632	; 0x632 <__gtsf2>
    162e:	18 16       	cp	r1, r24
    1630:	b4 f4       	brge	.+44     	; 0x165e <HTEPPER_vRotateCW+0x256>
    1632:	c6 01       	movw	r24, r12
    1634:	b5 01       	movw	r22, r10
    1636:	20 e0       	ldi	r18, 0x00	; 0
    1638:	30 e0       	ldi	r19, 0x00	; 0
    163a:	40 e2       	ldi	r20, 0x20	; 32
    163c:	51 e4       	ldi	r21, 0x41	; 65
    163e:	0e 94 1f 02 	call	0x43e	; 0x43e <__mulsf3>
    1642:	0e 94 49 00 	call	0x92	; 0x92 <__fixunssfsi>
    1646:	88 ec       	ldi	r24, 0xC8	; 200
    1648:	90 e0       	ldi	r25, 0x00	; 0
    164a:	05 c0       	rjmp	.+10     	; 0x1656 <HTEPPER_vRotateCW+0x24e>
    164c:	fc 01       	movw	r30, r24
    164e:	31 97       	sbiw	r30, 0x01	; 1
    1650:	f1 f7       	brne	.-4      	; 0x164e <HTEPPER_vRotateCW+0x246>
    1652:	61 50       	subi	r22, 0x01	; 1
    1654:	70 40       	sbci	r23, 0x00	; 0
    1656:	61 15       	cp	r22, r1
    1658:	71 05       	cpc	r23, r1
    165a:	c1 f7       	brne	.-16     	; 0x164c <HTEPPER_vRotateCW+0x244>
    165c:	07 c0       	rjmp	.+14     	; 0x166c <HTEPPER_vRotateCW+0x264>
    165e:	c8 01       	movw	r24, r16
    1660:	b7 01       	movw	r22, r14
    1662:	0e 94 49 00 	call	0x92	; 0x92 <__fixunssfsi>
    1666:	cb 01       	movw	r24, r22
    1668:	01 97       	sbiw	r24, 0x01	; 1
    166a:	f1 f7       	brne	.-4      	; 0x1668 <HTEPPER_vRotateCW+0x260>
    166c:	1f 91       	pop	r17
    166e:	0f 91       	pop	r16
    1670:	ff 90       	pop	r15
    1672:	ef 90       	pop	r14
    1674:	df 90       	pop	r13
    1676:	cf 90       	pop	r12
    1678:	bf 90       	pop	r11
    167a:	af 90       	pop	r10
    167c:	08 95       	ret

0000167e <HSTEPPER_vInit>:
    167e:	80 e0       	ldi	r24, 0x00	; 0
    1680:	61 e0       	ldi	r22, 0x01	; 1
    1682:	41 e0       	ldi	r20, 0x01	; 1
    1684:	0e 94 2e 07 	call	0xe5c	; 0xe5c <MDIO_vSetPinDir>
    1688:	80 e0       	ldi	r24, 0x00	; 0
    168a:	60 e0       	ldi	r22, 0x00	; 0
    168c:	41 e0       	ldi	r20, 0x01	; 1
    168e:	0e 94 2e 07 	call	0xe5c	; 0xe5c <MDIO_vSetPinDir>
    1692:	80 e0       	ldi	r24, 0x00	; 0
    1694:	62 e0       	ldi	r22, 0x02	; 2
    1696:	41 e0       	ldi	r20, 0x01	; 1
    1698:	0e 94 2e 07 	call	0xe5c	; 0xe5c <MDIO_vSetPinDir>
    169c:	80 e0       	ldi	r24, 0x00	; 0
    169e:	63 e0       	ldi	r22, 0x03	; 3
    16a0:	41 e0       	ldi	r20, 0x01	; 1
    16a2:	0e 94 2e 07 	call	0xe5c	; 0xe5c <MDIO_vSetPinDir>
    16a6:	08 95       	ret

000016a8 <HSSD_vTurnOff>:
    16a8:	80 e0       	ldi	r24, 0x00	; 0
    16aa:	60 e0       	ldi	r22, 0x00	; 0
    16ac:	0e 94 45 08 	call	0x108a	; 0x108a <MDIO_vSetPortVal>
    16b0:	08 95       	ret

000016b2 <HSSD_vDisplayNumber>:
    16b2:	8a 30       	cpi	r24, 0x0A	; 10
    16b4:	40 f4       	brcc	.+16     	; 0x16c6 <HSSD_vDisplayNumber+0x14>
    16b6:	e8 2f       	mov	r30, r24
    16b8:	f0 e0       	ldi	r31, 0x00	; 0
    16ba:	e8 59       	subi	r30, 0x98	; 152
    16bc:	ff 4f       	sbci	r31, 0xFF	; 255
    16be:	80 e0       	ldi	r24, 0x00	; 0
    16c0:	60 81       	ld	r22, Z
    16c2:	0e 94 45 08 	call	0x108a	; 0x108a <MDIO_vSetPortVal>
    16c6:	08 95       	ret

000016c8 <HSSD_vInit>:
    16c8:	80 e0       	ldi	r24, 0x00	; 0
    16ca:	6f ef       	ldi	r22, 0xFF	; 255
    16cc:	0e 94 34 08 	call	0x1068	; 0x1068 <MDIO_vSetPortDir>
    16d0:	08 95       	ret

000016d2 <HLCD_vSendChar>:
    16d2:	1f 93       	push	r17
    16d4:	18 2f       	mov	r17, r24
    16d6:	83 e0       	ldi	r24, 0x03	; 3
    16d8:	60 e0       	ldi	r22, 0x00	; 0
    16da:	41 e0       	ldi	r20, 0x01	; 1
    16dc:	0e 94 a1 07 	call	0xf42	; 0xf42 <MDIO_vSetPinVal>
    16e0:	83 e0       	ldi	r24, 0x03	; 3
    16e2:	61 e0       	ldi	r22, 0x01	; 1
    16e4:	40 e0       	ldi	r20, 0x00	; 0
    16e6:	0e 94 a1 07 	call	0xf42	; 0xf42 <MDIO_vSetPinVal>
    16ea:	82 e0       	ldi	r24, 0x02	; 2
    16ec:	61 2f       	mov	r22, r17
    16ee:	0e 94 45 08 	call	0x108a	; 0x108a <MDIO_vSetPortVal>
    16f2:	83 e0       	ldi	r24, 0x03	; 3
    16f4:	62 e0       	ldi	r22, 0x02	; 2
    16f6:	41 e0       	ldi	r20, 0x01	; 1
    16f8:	0e 94 a1 07 	call	0xf42	; 0xf42 <MDIO_vSetPinVal>
    16fc:	82 e0       	ldi	r24, 0x02	; 2
    16fe:	8a 95       	dec	r24
    1700:	f1 f7       	brne	.-4      	; 0x16fe <HLCD_vSendChar+0x2c>
    1702:	83 e0       	ldi	r24, 0x03	; 3
    1704:	62 e0       	ldi	r22, 0x02	; 2
    1706:	40 e0       	ldi	r20, 0x00	; 0
    1708:	0e 94 a1 07 	call	0xf42	; 0xf42 <MDIO_vSetPinVal>
    170c:	80 ea       	ldi	r24, 0xA0	; 160
    170e:	9f e0       	ldi	r25, 0x0F	; 15
    1710:	01 97       	sbiw	r24, 0x01	; 1
    1712:	f1 f7       	brne	.-4      	; 0x1710 <HLCD_vSendChar+0x3e>
    1714:	1f 91       	pop	r17
    1716:	08 95       	ret

00001718 <HLCD_vPrintNumber>:
    1718:	8f 92       	push	r8
    171a:	9f 92       	push	r9
    171c:	bf 92       	push	r11
    171e:	cf 92       	push	r12
    1720:	df 92       	push	r13
    1722:	ef 92       	push	r14
    1724:	ff 92       	push	r15
    1726:	0f 93       	push	r16
    1728:	1f 93       	push	r17
    172a:	df 93       	push	r29
    172c:	cf 93       	push	r28
    172e:	cd b7       	in	r28, 0x3d	; 61
    1730:	de b7       	in	r29, 0x3e	; 62
    1732:	2a 97       	sbiw	r28, 0x0a	; 10
    1734:	0f b6       	in	r0, 0x3f	; 63
    1736:	f8 94       	cli
    1738:	de bf       	out	0x3e, r29	; 62
    173a:	0f be       	out	0x3f, r0	; 63
    173c:	cd bf       	out	0x3d, r28	; 61
    173e:	6b 01       	movw	r12, r22
    1740:	7c 01       	movw	r14, r24
    1742:	fe 01       	movw	r30, r28
    1744:	31 96       	adiw	r30, 0x01	; 1
    1746:	8a e0       	ldi	r24, 0x0A	; 10
    1748:	df 01       	movw	r26, r30
    174a:	1d 92       	st	X+, r1
    174c:	8a 95       	dec	r24
    174e:	e9 f7       	brne	.-6      	; 0x174a <HLCD_vPrintNumber+0x32>
    1750:	bb 24       	eor	r11, r11
    1752:	4f 01       	movw	r8, r30
    1754:	1b c0       	rjmp	.+54     	; 0x178c <HLCD_vPrintNumber+0x74>
    1756:	84 01       	movw	r16, r8
    1758:	0b 0d       	add	r16, r11
    175a:	11 1d       	adc	r17, r1
    175c:	c7 01       	movw	r24, r14
    175e:	b6 01       	movw	r22, r12
    1760:	2a e0       	ldi	r18, 0x0A	; 10
    1762:	30 e0       	ldi	r19, 0x00	; 0
    1764:	40 e0       	ldi	r20, 0x00	; 0
    1766:	50 e0       	ldi	r21, 0x00	; 0
    1768:	0e 94 f9 0c 	call	0x19f2	; 0x19f2 <__udivmodsi4>
    176c:	60 5d       	subi	r22, 0xD0	; 208
    176e:	f8 01       	movw	r30, r16
    1770:	60 83       	st	Z, r22
    1772:	c7 01       	movw	r24, r14
    1774:	b6 01       	movw	r22, r12
    1776:	2a e0       	ldi	r18, 0x0A	; 10
    1778:	30 e0       	ldi	r19, 0x00	; 0
    177a:	40 e0       	ldi	r20, 0x00	; 0
    177c:	50 e0       	ldi	r21, 0x00	; 0
    177e:	0e 94 f9 0c 	call	0x19f2	; 0x19f2 <__udivmodsi4>
    1782:	c9 01       	movw	r24, r18
    1784:	da 01       	movw	r26, r20
    1786:	6c 01       	movw	r12, r24
    1788:	7d 01       	movw	r14, r26
    178a:	b3 94       	inc	r11
    178c:	c1 14       	cp	r12, r1
    178e:	d1 04       	cpc	r13, r1
    1790:	e1 04       	cpc	r14, r1
    1792:	f1 04       	cpc	r15, r1
    1794:	01 f7       	brne	.-64     	; 0x1756 <HLCD_vPrintNumber+0x3e>
    1796:	09 e0       	ldi	r16, 0x09	; 9
    1798:	7e 01       	movw	r14, r28
    179a:	08 94       	sec
    179c:	e1 1c       	adc	r14, r1
    179e:	f1 1c       	adc	r15, r1
    17a0:	f7 01       	movw	r30, r14
    17a2:	e0 0f       	add	r30, r16
    17a4:	f1 1d       	adc	r31, r1
    17a6:	80 81       	ld	r24, Z
    17a8:	88 23       	and	r24, r24
    17aa:	11 f0       	breq	.+4      	; 0x17b0 <HLCD_vPrintNumber+0x98>
    17ac:	0e 94 69 0b 	call	0x16d2	; 0x16d2 <HLCD_vSendChar>
    17b0:	01 50       	subi	r16, 0x01	; 1
    17b2:	f6 cf       	rjmp	.-20     	; 0x17a0 <HLCD_vPrintNumber+0x88>

000017b4 <HLCD_vDisplayString>:
    17b4:	1f 93       	push	r17
    17b6:	cf 93       	push	r28
    17b8:	df 93       	push	r29
    17ba:	ec 01       	movw	r28, r24
    17bc:	10 e0       	ldi	r17, 0x00	; 0
    17be:	03 c0       	rjmp	.+6      	; 0x17c6 <HLCD_vDisplayString+0x12>
    17c0:	0e 94 69 0b 	call	0x16d2	; 0x16d2 <HLCD_vSendChar>
    17c4:	1f 5f       	subi	r17, 0xFF	; 255
    17c6:	fe 01       	movw	r30, r28
    17c8:	e1 0f       	add	r30, r17
    17ca:	f1 1d       	adc	r31, r1
    17cc:	80 81       	ld	r24, Z
    17ce:	88 23       	and	r24, r24
    17d0:	b9 f7       	brne	.-18     	; 0x17c0 <HLCD_vDisplayString+0xc>
    17d2:	df 91       	pop	r29
    17d4:	cf 91       	pop	r28
    17d6:	1f 91       	pop	r17
    17d8:	08 95       	ret

000017da <HLCD_vSendCmd>:
    17da:	0f 93       	push	r16
    17dc:	1f 93       	push	r17
    17de:	18 2f       	mov	r17, r24
    17e0:	83 e0       	ldi	r24, 0x03	; 3
    17e2:	60 e0       	ldi	r22, 0x00	; 0
    17e4:	40 e0       	ldi	r20, 0x00	; 0
    17e6:	0e 94 a1 07 	call	0xf42	; 0xf42 <MDIO_vSetPinVal>
    17ea:	83 e0       	ldi	r24, 0x03	; 3
    17ec:	61 e0       	ldi	r22, 0x01	; 1
    17ee:	40 e0       	ldi	r20, 0x00	; 0
    17f0:	0e 94 a1 07 	call	0xf42	; 0xf42 <MDIO_vSetPinVal>
    17f4:	82 e0       	ldi	r24, 0x02	; 2
    17f6:	61 2f       	mov	r22, r17
    17f8:	0e 94 45 08 	call	0x108a	; 0x108a <MDIO_vSetPortVal>
    17fc:	83 e0       	ldi	r24, 0x03	; 3
    17fe:	62 e0       	ldi	r22, 0x02	; 2
    1800:	41 e0       	ldi	r20, 0x01	; 1
    1802:	0e 94 a1 07 	call	0xf42	; 0xf42 <MDIO_vSetPinVal>
    1806:	00 ed       	ldi	r16, 0xD0	; 208
    1808:	17 e0       	ldi	r17, 0x07	; 7
    180a:	c8 01       	movw	r24, r16
    180c:	01 97       	sbiw	r24, 0x01	; 1
    180e:	f1 f7       	brne	.-4      	; 0x180c <HLCD_vSendCmd+0x32>
    1810:	83 e0       	ldi	r24, 0x03	; 3
    1812:	62 e0       	ldi	r22, 0x02	; 2
    1814:	40 e0       	ldi	r20, 0x00	; 0
    1816:	0e 94 a1 07 	call	0xf42	; 0xf42 <MDIO_vSetPinVal>
    181a:	c8 01       	movw	r24, r16
    181c:	01 97       	sbiw	r24, 0x01	; 1
    181e:	f1 f7       	brne	.-4      	; 0x181c <HLCD_vSendCmd+0x42>
    1820:	1f 91       	pop	r17
    1822:	0f 91       	pop	r16
    1824:	08 95       	ret

00001826 <HLCD_vClearScreen>:
    1826:	81 e0       	ldi	r24, 0x01	; 1
    1828:	0e 94 ed 0b 	call	0x17da	; 0x17da <HLCD_vSendCmd>
    182c:	08 95       	ret

0000182e <HLCD_vInit>:
    182e:	0f 93       	push	r16
    1830:	1f 93       	push	r17
    1832:	82 e0       	ldi	r24, 0x02	; 2
    1834:	6f ef       	ldi	r22, 0xFF	; 255
    1836:	0e 94 34 08 	call	0x1068	; 0x1068 <MDIO_vSetPortDir>
    183a:	83 e0       	ldi	r24, 0x03	; 3
    183c:	60 e0       	ldi	r22, 0x00	; 0
    183e:	41 e0       	ldi	r20, 0x01	; 1
    1840:	0e 94 2e 07 	call	0xe5c	; 0xe5c <MDIO_vSetPinDir>
    1844:	83 e0       	ldi	r24, 0x03	; 3
    1846:	61 e0       	ldi	r22, 0x01	; 1
    1848:	41 e0       	ldi	r20, 0x01	; 1
    184a:	0e 94 2e 07 	call	0xe5c	; 0xe5c <MDIO_vSetPinDir>
    184e:	83 e0       	ldi	r24, 0x03	; 3
    1850:	62 e0       	ldi	r22, 0x02	; 2
    1852:	41 e0       	ldi	r20, 0x01	; 1
    1854:	0e 94 2e 07 	call	0xe5c	; 0xe5c <MDIO_vSetPinDir>
    1858:	84 ef       	ldi	r24, 0xF4	; 244
    185a:	91 e0       	ldi	r25, 0x01	; 1
    185c:	28 ec       	ldi	r18, 0xC8	; 200
    185e:	30 e0       	ldi	r19, 0x00	; 0
    1860:	f9 01       	movw	r30, r18
    1862:	31 97       	sbiw	r30, 0x01	; 1
    1864:	f1 f7       	brne	.-4      	; 0x1862 <HLCD_vInit+0x34>
    1866:	01 97       	sbiw	r24, 0x01	; 1
    1868:	d9 f7       	brne	.-10     	; 0x1860 <HLCD_vInit+0x32>
    186a:	88 e3       	ldi	r24, 0x38	; 56
    186c:	0e 94 ed 0b 	call	0x17da	; 0x17da <HLCD_vSendCmd>
    1870:	00 ed       	ldi	r16, 0xD0	; 208
    1872:	17 e0       	ldi	r17, 0x07	; 7
    1874:	c8 01       	movw	r24, r16
    1876:	01 97       	sbiw	r24, 0x01	; 1
    1878:	f1 f7       	brne	.-4      	; 0x1876 <HLCD_vInit+0x48>
    187a:	8c e0       	ldi	r24, 0x0C	; 12
    187c:	0e 94 ed 0b 	call	0x17da	; 0x17da <HLCD_vSendCmd>
    1880:	c8 01       	movw	r24, r16
    1882:	01 97       	sbiw	r24, 0x01	; 1
    1884:	f1 f7       	brne	.-4      	; 0x1882 <HLCD_vInit+0x54>
    1886:	81 e0       	ldi	r24, 0x01	; 1
    1888:	0e 94 ed 0b 	call	0x17da	; 0x17da <HLCD_vSendCmd>
    188c:	80 ea       	ldi	r24, 0xA0	; 160
    188e:	9f e0       	ldi	r25, 0x0F	; 15
    1890:	01 97       	sbiw	r24, 0x01	; 1
    1892:	f1 f7       	brne	.-4      	; 0x1890 <HLCD_vInit+0x62>
    1894:	86 e0       	ldi	r24, 0x06	; 6
    1896:	0e 94 ed 0b 	call	0x17da	; 0x17da <HLCD_vSendCmd>
    189a:	1f 91       	pop	r17
    189c:	0f 91       	pop	r16
    189e:	08 95       	ret

000018a0 <HKPD_u8GetPressedKey>:
    18a0:	ef 92       	push	r14
    18a2:	ff 92       	push	r15
    18a4:	0f 93       	push	r16
    18a6:	1f 93       	push	r17
    18a8:	cf 93       	push	r28
    18aa:	df 93       	push	r29
    18ac:	ec 01       	movw	r28, r24
    18ae:	00 e0       	ldi	r16, 0x00	; 0
    18b0:	50 e4       	ldi	r21, 0x40	; 64
    18b2:	e5 2e       	mov	r14, r21
    18b4:	5c e9       	ldi	r21, 0x9C	; 156
    18b6:	f5 2e       	mov	r15, r21
    18b8:	80 e0       	ldi	r24, 0x00	; 0
    18ba:	60 2f       	mov	r22, r16
    18bc:	40 e0       	ldi	r20, 0x00	; 0
    18be:	0e 94 a1 07 	call	0xf42	; 0xf42 <MDIO_vSetPinVal>
    18c2:	14 e0       	ldi	r17, 0x04	; 4
    18c4:	80 e0       	ldi	r24, 0x00	; 0
    18c6:	61 2f       	mov	r22, r17
    18c8:	0e 94 14 08 	call	0x1028	; 0x1028 <MDIO_u8GetPinVal>
    18cc:	88 23       	and	r24, r24
    18ce:	11 f5       	brne	.+68     	; 0x1914 <HKPD_u8GetPressedKey+0x74>
    18d0:	c7 01       	movw	r24, r14
    18d2:	01 97       	sbiw	r24, 0x01	; 1
    18d4:	f1 f7       	brne	.-4      	; 0x18d2 <HKPD_u8GetPressedKey+0x32>
    18d6:	80 e0       	ldi	r24, 0x00	; 0
    18d8:	61 2f       	mov	r22, r17
    18da:	0e 94 14 08 	call	0x1028	; 0x1028 <MDIO_u8GetPinVal>
    18de:	88 23       	and	r24, r24
    18e0:	c9 f4       	brne	.+50     	; 0x1914 <HKPD_u8GetPressedKey+0x74>
    18e2:	80 e0       	ldi	r24, 0x00	; 0
    18e4:	61 2f       	mov	r22, r17
    18e6:	0e 94 14 08 	call	0x1028	; 0x1028 <MDIO_u8GetPinVal>
    18ea:	88 23       	and	r24, r24
    18ec:	d1 f3       	breq	.-12     	; 0x18e2 <HKPD_u8GetPressedKey+0x42>
    18ee:	80 e0       	ldi	r24, 0x00	; 0
    18f0:	60 2f       	mov	r22, r16
    18f2:	41 e0       	ldi	r20, 0x01	; 1
    18f4:	0e 94 a1 07 	call	0xf42	; 0xf42 <MDIO_vSetPinVal>
    18f8:	21 2f       	mov	r18, r17
    18fa:	30 e0       	ldi	r19, 0x00	; 0
    18fc:	c9 01       	movw	r24, r18
    18fe:	88 0f       	add	r24, r24
    1900:	99 1f       	adc	r25, r25
    1902:	82 0f       	add	r24, r18
    1904:	93 1f       	adc	r25, r19
    1906:	c8 0f       	add	r28, r24
    1908:	d9 1f       	adc	r29, r25
    190a:	2c 97       	sbiw	r28, 0x0c	; 12
    190c:	c0 0f       	add	r28, r16
    190e:	d1 1d       	adc	r29, r1
    1910:	88 81       	ld	r24, Y
    1912:	0c c0       	rjmp	.+24     	; 0x192c <HKPD_u8GetPressedKey+0x8c>
    1914:	1f 5f       	subi	r17, 0xFF	; 255
    1916:	17 30       	cpi	r17, 0x07	; 7
    1918:	a9 f6       	brne	.-86     	; 0x18c4 <HKPD_u8GetPressedKey+0x24>
    191a:	80 e0       	ldi	r24, 0x00	; 0
    191c:	60 2f       	mov	r22, r16
    191e:	41 e0       	ldi	r20, 0x01	; 1
    1920:	0e 94 a1 07 	call	0xf42	; 0xf42 <MDIO_vSetPinVal>
    1924:	0f 5f       	subi	r16, 0xFF	; 255
    1926:	03 30       	cpi	r16, 0x03	; 3
    1928:	39 f6       	brne	.-114    	; 0x18b8 <HKPD_u8GetPressedKey+0x18>
    192a:	8f ef       	ldi	r24, 0xFF	; 255
    192c:	df 91       	pop	r29
    192e:	cf 91       	pop	r28
    1930:	1f 91       	pop	r17
    1932:	0f 91       	pop	r16
    1934:	ff 90       	pop	r15
    1936:	ef 90       	pop	r14
    1938:	08 95       	ret

0000193a <HKPD_vInit>:
    193a:	80 e0       	ldi	r24, 0x00	; 0
    193c:	60 e0       	ldi	r22, 0x00	; 0
    193e:	41 e0       	ldi	r20, 0x01	; 1
    1940:	0e 94 2e 07 	call	0xe5c	; 0xe5c <MDIO_vSetPinDir>
    1944:	80 e0       	ldi	r24, 0x00	; 0
    1946:	60 e0       	ldi	r22, 0x00	; 0
    1948:	41 e0       	ldi	r20, 0x01	; 1
    194a:	0e 94 a1 07 	call	0xf42	; 0xf42 <MDIO_vSetPinVal>
    194e:	80 e0       	ldi	r24, 0x00	; 0
    1950:	61 e0       	ldi	r22, 0x01	; 1
    1952:	41 e0       	ldi	r20, 0x01	; 1
    1954:	0e 94 2e 07 	call	0xe5c	; 0xe5c <MDIO_vSetPinDir>
    1958:	80 e0       	ldi	r24, 0x00	; 0
    195a:	61 e0       	ldi	r22, 0x01	; 1
    195c:	41 e0       	ldi	r20, 0x01	; 1
    195e:	0e 94 a1 07 	call	0xf42	; 0xf42 <MDIO_vSetPinVal>
    1962:	80 e0       	ldi	r24, 0x00	; 0
    1964:	62 e0       	ldi	r22, 0x02	; 2
    1966:	41 e0       	ldi	r20, 0x01	; 1
    1968:	0e 94 2e 07 	call	0xe5c	; 0xe5c <MDIO_vSetPinDir>
    196c:	80 e0       	ldi	r24, 0x00	; 0
    196e:	62 e0       	ldi	r22, 0x02	; 2
    1970:	41 e0       	ldi	r20, 0x01	; 1
    1972:	0e 94 a1 07 	call	0xf42	; 0xf42 <MDIO_vSetPinVal>
    1976:	80 e0       	ldi	r24, 0x00	; 0
    1978:	64 e0       	ldi	r22, 0x04	; 4
    197a:	40 e0       	ldi	r20, 0x00	; 0
    197c:	0e 94 2e 07 	call	0xe5c	; 0xe5c <MDIO_vSetPinDir>
    1980:	80 e0       	ldi	r24, 0x00	; 0
    1982:	64 e0       	ldi	r22, 0x04	; 4
    1984:	41 e0       	ldi	r20, 0x01	; 1
    1986:	0e 94 a1 07 	call	0xf42	; 0xf42 <MDIO_vSetPinVal>
    198a:	80 e0       	ldi	r24, 0x00	; 0
    198c:	65 e0       	ldi	r22, 0x05	; 5
    198e:	40 e0       	ldi	r20, 0x00	; 0
    1990:	0e 94 2e 07 	call	0xe5c	; 0xe5c <MDIO_vSetPinDir>
    1994:	80 e0       	ldi	r24, 0x00	; 0
    1996:	65 e0       	ldi	r22, 0x05	; 5
    1998:	41 e0       	ldi	r20, 0x01	; 1
    199a:	0e 94 a1 07 	call	0xf42	; 0xf42 <MDIO_vSetPinVal>
    199e:	80 e0       	ldi	r24, 0x00	; 0
    19a0:	66 e0       	ldi	r22, 0x06	; 6
    19a2:	40 e0       	ldi	r20, 0x00	; 0
    19a4:	0e 94 2e 07 	call	0xe5c	; 0xe5c <MDIO_vSetPinDir>
    19a8:	80 e0       	ldi	r24, 0x00	; 0
    19aa:	66 e0       	ldi	r22, 0x06	; 6
    19ac:	41 e0       	ldi	r20, 0x01	; 1
    19ae:	0e 94 a1 07 	call	0xf42	; 0xf42 <MDIO_vSetPinVal>
    19b2:	08 95       	ret

000019b4 <main>:
    19b4:	80 e0       	ldi	r24, 0x00	; 0
    19b6:	60 e0       	ldi	r22, 0x00	; 0
    19b8:	41 e0       	ldi	r20, 0x01	; 1
    19ba:	0e 94 2e 07 	call	0xe5c	; 0xe5c <MDIO_vSetPinDir>
    19be:	0e 94 bf 05 	call	0xb7e	; 0xb7e <MTIMER_vInit>
    19c2:	84 ef       	ldi	r24, 0xF4	; 244
    19c4:	9c e0       	ldi	r25, 0x0C	; 12
    19c6:	43 e4       	ldi	r20, 0x43	; 67
    19c8:	5f e0       	ldi	r21, 0x0F	; 15
    19ca:	60 e0       	ldi	r22, 0x00	; 0
    19cc:	70 e0       	ldi	r23, 0x00	; 0
    19ce:	0e 94 ea 05 	call	0xbd4	; 0xbd4 <MTIMER_vSetInterval_OVF>
    19d2:	80 e0       	ldi	r24, 0x00	; 0
    19d4:	60 ec       	ldi	r22, 0xC0	; 192
    19d6:	70 e0       	ldi	r23, 0x00	; 0
    19d8:	0e 94 e2 05 	call	0xbc4	; 0xbc4 <MTIMER_vSetPreloadVale>
    19dc:	0e 94 86 06 	call	0xd0c	; 0xd0c <MGIE_vEnableGlobalInterrupt>
    19e0:	80 e0       	ldi	r24, 0x00	; 0
    19e2:	0e 94 a3 05 	call	0xb46	; 0xb46 <MTIMER_vStartTimer>
    19e6:	ff cf       	rjmp	.-2      	; 0x19e6 <main+0x32>

000019e8 <toggle>:
    19e8:	80 e0       	ldi	r24, 0x00	; 0
    19ea:	60 e0       	ldi	r22, 0x00	; 0
    19ec:	0e 94 68 08 	call	0x10d0	; 0x10d0 <MDIO_vTogPinVal>
    19f0:	08 95       	ret

000019f2 <__udivmodsi4>:
    19f2:	a1 e2       	ldi	r26, 0x21	; 33
    19f4:	1a 2e       	mov	r1, r26
    19f6:	aa 1b       	sub	r26, r26
    19f8:	bb 1b       	sub	r27, r27
    19fa:	fd 01       	movw	r30, r26
    19fc:	0d c0       	rjmp	.+26     	; 0x1a18 <__udivmodsi4_ep>

000019fe <__udivmodsi4_loop>:
    19fe:	aa 1f       	adc	r26, r26
    1a00:	bb 1f       	adc	r27, r27
    1a02:	ee 1f       	adc	r30, r30
    1a04:	ff 1f       	adc	r31, r31
    1a06:	a2 17       	cp	r26, r18
    1a08:	b3 07       	cpc	r27, r19
    1a0a:	e4 07       	cpc	r30, r20
    1a0c:	f5 07       	cpc	r31, r21
    1a0e:	20 f0       	brcs	.+8      	; 0x1a18 <__udivmodsi4_ep>
    1a10:	a2 1b       	sub	r26, r18
    1a12:	b3 0b       	sbc	r27, r19
    1a14:	e4 0b       	sbc	r30, r20
    1a16:	f5 0b       	sbc	r31, r21

00001a18 <__udivmodsi4_ep>:
    1a18:	66 1f       	adc	r22, r22
    1a1a:	77 1f       	adc	r23, r23
    1a1c:	88 1f       	adc	r24, r24
    1a1e:	99 1f       	adc	r25, r25
    1a20:	1a 94       	dec	r1
    1a22:	69 f7       	brne	.-38     	; 0x19fe <__udivmodsi4_loop>
    1a24:	60 95       	com	r22
    1a26:	70 95       	com	r23
    1a28:	80 95       	com	r24
    1a2a:	90 95       	com	r25
    1a2c:	9b 01       	movw	r18, r22
    1a2e:	ac 01       	movw	r20, r24
    1a30:	bd 01       	movw	r22, r26
    1a32:	cf 01       	movw	r24, r30
    1a34:	08 95       	ret

00001a36 <__prologue_saves__>:
    1a36:	2f 92       	push	r2
    1a38:	3f 92       	push	r3
    1a3a:	4f 92       	push	r4
    1a3c:	5f 92       	push	r5
    1a3e:	6f 92       	push	r6
    1a40:	7f 92       	push	r7
    1a42:	8f 92       	push	r8
    1a44:	9f 92       	push	r9
    1a46:	af 92       	push	r10
    1a48:	bf 92       	push	r11
    1a4a:	cf 92       	push	r12
    1a4c:	df 92       	push	r13
    1a4e:	ef 92       	push	r14
    1a50:	ff 92       	push	r15
    1a52:	0f 93       	push	r16
    1a54:	1f 93       	push	r17
    1a56:	cf 93       	push	r28
    1a58:	df 93       	push	r29
    1a5a:	cd b7       	in	r28, 0x3d	; 61
    1a5c:	de b7       	in	r29, 0x3e	; 62
    1a5e:	ca 1b       	sub	r28, r26
    1a60:	db 0b       	sbc	r29, r27
    1a62:	0f b6       	in	r0, 0x3f	; 63
    1a64:	f8 94       	cli
    1a66:	de bf       	out	0x3e, r29	; 62
    1a68:	0f be       	out	0x3f, r0	; 63
    1a6a:	cd bf       	out	0x3d, r28	; 61
    1a6c:	09 94       	ijmp

00001a6e <__epilogue_restores__>:
    1a6e:	2a 88       	ldd	r2, Y+18	; 0x12
    1a70:	39 88       	ldd	r3, Y+17	; 0x11
    1a72:	48 88       	ldd	r4, Y+16	; 0x10
    1a74:	5f 84       	ldd	r5, Y+15	; 0x0f
    1a76:	6e 84       	ldd	r6, Y+14	; 0x0e
    1a78:	7d 84       	ldd	r7, Y+13	; 0x0d
    1a7a:	8c 84       	ldd	r8, Y+12	; 0x0c
    1a7c:	9b 84       	ldd	r9, Y+11	; 0x0b
    1a7e:	aa 84       	ldd	r10, Y+10	; 0x0a
    1a80:	b9 84       	ldd	r11, Y+9	; 0x09
    1a82:	c8 84       	ldd	r12, Y+8	; 0x08
    1a84:	df 80       	ldd	r13, Y+7	; 0x07
    1a86:	ee 80       	ldd	r14, Y+6	; 0x06
    1a88:	fd 80       	ldd	r15, Y+5	; 0x05
    1a8a:	0c 81       	ldd	r16, Y+4	; 0x04
    1a8c:	1b 81       	ldd	r17, Y+3	; 0x03
    1a8e:	aa 81       	ldd	r26, Y+2	; 0x02
    1a90:	b9 81       	ldd	r27, Y+1	; 0x01
    1a92:	ce 0f       	add	r28, r30
    1a94:	d1 1d       	adc	r29, r1
    1a96:	0f b6       	in	r0, 0x3f	; 63
    1a98:	f8 94       	cli
    1a9a:	de bf       	out	0x3e, r29	; 62
    1a9c:	0f be       	out	0x3f, r0	; 63
    1a9e:	cd bf       	out	0x3d, r28	; 61
    1aa0:	ed 01       	movw	r28, r26
    1aa2:	08 95       	ret

00001aa4 <_exit>:
    1aa4:	f8 94       	cli

00001aa6 <__stop_program>:
    1aa6:	ff cf       	rjmp	.-2      	; 0x1aa6 <__stop_program>
