
Drivers.elf:     file format elf32-avr

Sections:
Idx Name          Size      VMA       LMA       File off  Algn
  0 .text         00006426  00000000  00000000  00000094  2**1
                  CONTENTS, ALLOC, LOAD, READONLY, CODE
  1 .data         00000030  00800060  00006426  000064ba  2**0
                  CONTENTS, ALLOC, LOAD, DATA
  2 .bss          000004eb  00800090  00800090  000064ea  2**0
                  ALLOC
  3 .stab         00009d2c  00000000  00000000  000064ec  2**2
                  CONTENTS, READONLY, DEBUGGING
  4 .stabstr      0000435b  00000000  00000000  00010218  2**0
                  CONTENTS, READONLY, DEBUGGING
  5 .debug_aranges 00000140  00000000  00000000  00014573  2**0
                  CONTENTS, READONLY, DEBUGGING
  6 .debug_pubnames 00000170  00000000  00000000  000146b3  2**0
                  CONTENTS, READONLY, DEBUGGING
  7 .debug_info   00001c49  00000000  00000000  00014823  2**0
                  CONTENTS, READONLY, DEBUGGING
  8 .debug_abbrev 00000eeb  00000000  00000000  0001646c  2**0
                  CONTENTS, READONLY, DEBUGGING
  9 .debug_line   00000dad  00000000  00000000  00017357  2**0
                  CONTENTS, READONLY, DEBUGGING
 10 .debug_frame  00000160  00000000  00000000  00018104  2**2
                  CONTENTS, READONLY, DEBUGGING
 11 .debug_str    0000028d  00000000  00000000  00018264  2**0
                  CONTENTS, READONLY, DEBUGGING
 12 .debug_loc    000007ce  00000000  00000000  000184f1  2**0
                  CONTENTS, READONLY, DEBUGGING
 13 .debug_ranges 00000050  00000000  00000000  00018cbf  2**0
                  CONTENTS, READONLY, DEBUGGING

Disassembly of section .text:

00000000 <__vectors>:
       0:	0c 94 2a 00 	jmp	0x54	; 0x54 <__ctors_end>
       4:	0c 94 24 0d 	jmp	0x1a48	; 0x1a48 <__vector_1>
       8:	0c 94 f1 0c 	jmp	0x19e2	; 0x19e2 <__vector_2>
       c:	0c 94 be 0c 	jmp	0x197c	; 0x197c <__vector_3>
      10:	0c 94 47 00 	jmp	0x8e	; 0x8e <__bad_interrupt>
      14:	0c 94 47 00 	jmp	0x8e	; 0x8e <__bad_interrupt>
      18:	0c 94 c0 0b 	jmp	0x1780	; 0x1780 <__vector_6>
      1c:	0c 94 37 24 	jmp	0x486e	; 0x486e <__vector_7>
      20:	0c 94 47 00 	jmp	0x8e	; 0x8e <__bad_interrupt>
      24:	0c 94 47 00 	jmp	0x8e	; 0x8e <__bad_interrupt>
      28:	0c 94 5d 0b 	jmp	0x16ba	; 0x16ba <__vector_10>
      2c:	0c 94 f5 0a 	jmp	0x15ea	; 0x15ea <__vector_11>
      30:	0c 94 47 00 	jmp	0x8e	; 0x8e <__bad_interrupt>
      34:	0c 94 47 00 	jmp	0x8e	; 0x8e <__bad_interrupt>
      38:	0c 94 47 00 	jmp	0x8e	; 0x8e <__bad_interrupt>
      3c:	0c 94 47 00 	jmp	0x8e	; 0x8e <__bad_interrupt>
      40:	0c 94 47 00 	jmp	0x8e	; 0x8e <__bad_interrupt>
      44:	0c 94 47 00 	jmp	0x8e	; 0x8e <__bad_interrupt>
      48:	0c 94 47 00 	jmp	0x8e	; 0x8e <__bad_interrupt>
      4c:	0c 94 47 00 	jmp	0x8e	; 0x8e <__bad_interrupt>
      50:	0c 94 47 00 	jmp	0x8e	; 0x8e <__bad_interrupt>

00000054 <__ctors_end>:
      54:	11 24       	eor	r1, r1
      56:	1f be       	out	0x3f, r1	; 63
      58:	cf e5       	ldi	r28, 0x5F	; 95
      5a:	d8 e0       	ldi	r29, 0x08	; 8
      5c:	de bf       	out	0x3e, r29	; 62
      5e:	cd bf       	out	0x3d, r28	; 61

00000060 <__do_copy_data>:
      60:	10 e0       	ldi	r17, 0x00	; 0
      62:	a0 e6       	ldi	r26, 0x60	; 96
      64:	b0 e0       	ldi	r27, 0x00	; 0
      66:	e6 e2       	ldi	r30, 0x26	; 38
      68:	f4 e6       	ldi	r31, 0x64	; 100
      6a:	02 c0       	rjmp	.+4      	; 0x70 <.do_copy_data_start>

0000006c <.do_copy_data_loop>:
      6c:	05 90       	lpm	r0, Z+
      6e:	0d 92       	st	X+, r0

00000070 <.do_copy_data_start>:
      70:	a0 39       	cpi	r26, 0x90	; 144
      72:	b1 07       	cpc	r27, r17
      74:	d9 f7       	brne	.-10     	; 0x6c <.do_copy_data_loop>

00000076 <__do_clear_bss>:
      76:	15 e0       	ldi	r17, 0x05	; 5
      78:	a0 e9       	ldi	r26, 0x90	; 144
      7a:	b0 e0       	ldi	r27, 0x00	; 0
      7c:	01 c0       	rjmp	.+2      	; 0x80 <.do_clear_bss_start>

0000007e <.do_clear_bss_loop>:
      7e:	1d 92       	st	X+, r1

00000080 <.do_clear_bss_start>:
      80:	ab 37       	cpi	r26, 0x7B	; 123
      82:	b1 07       	cpc	r27, r17
      84:	e1 f7       	brne	.-8      	; 0x7e <.do_clear_bss_loop>
      86:	0e 94 65 31 	call	0x62ca	; 0x62ca <main>
      8a:	0c 94 11 32 	jmp	0x6422	; 0x6422 <_exit>

0000008e <__bad_interrupt>:
      8e:	0c 94 00 00 	jmp	0	; 0x0 <__vectors>

00000092 <__fixunssfsi>:
      92:	ef 92       	push	r14
      94:	ff 92       	push	r15
      96:	0f 93       	push	r16
      98:	1f 93       	push	r17
      9a:	7b 01       	movw	r14, r22
      9c:	8c 01       	movw	r16, r24
      9e:	20 e0       	ldi	r18, 0x00	; 0
      a0:	30 e0       	ldi	r19, 0x00	; 0
      a2:	40 e0       	ldi	r20, 0x00	; 0
      a4:	5f e4       	ldi	r21, 0x4F	; 79
      a6:	0e 94 49 03 	call	0x692	; 0x692 <__gesf2>
      aa:	88 23       	and	r24, r24
      ac:	8c f0       	brlt	.+34     	; 0xd0 <__fixunssfsi+0x3e>
      ae:	c8 01       	movw	r24, r16
      b0:	b7 01       	movw	r22, r14
      b2:	20 e0       	ldi	r18, 0x00	; 0
      b4:	30 e0       	ldi	r19, 0x00	; 0
      b6:	40 e0       	ldi	r20, 0x00	; 0
      b8:	5f e4       	ldi	r21, 0x4F	; 79
      ba:	0e 94 c1 01 	call	0x382	; 0x382 <__subsf3>
      be:	0e 94 a9 03 	call	0x752	; 0x752 <__fixsfsi>
      c2:	9b 01       	movw	r18, r22
      c4:	ac 01       	movw	r20, r24
      c6:	20 50       	subi	r18, 0x00	; 0
      c8:	30 40       	sbci	r19, 0x00	; 0
      ca:	40 40       	sbci	r20, 0x00	; 0
      cc:	50 48       	sbci	r21, 0x80	; 128
      ce:	06 c0       	rjmp	.+12     	; 0xdc <__fixunssfsi+0x4a>
      d0:	c8 01       	movw	r24, r16
      d2:	b7 01       	movw	r22, r14
      d4:	0e 94 a9 03 	call	0x752	; 0x752 <__fixsfsi>
      d8:	9b 01       	movw	r18, r22
      da:	ac 01       	movw	r20, r24
      dc:	b9 01       	movw	r22, r18
      de:	ca 01       	movw	r24, r20
      e0:	1f 91       	pop	r17
      e2:	0f 91       	pop	r16
      e4:	ff 90       	pop	r15
      e6:	ef 90       	pop	r14
      e8:	08 95       	ret

000000ea <_fpadd_parts>:
      ea:	a0 e0       	ldi	r26, 0x00	; 0
      ec:	b0 e0       	ldi	r27, 0x00	; 0
      ee:	eb e7       	ldi	r30, 0x7B	; 123
      f0:	f0 e0       	ldi	r31, 0x00	; 0
      f2:	0c 94 bb 31 	jmp	0x6376	; 0x6376 <__prologue_saves__>
      f6:	dc 01       	movw	r26, r24
      f8:	2b 01       	movw	r4, r22
      fa:	fa 01       	movw	r30, r20
      fc:	9c 91       	ld	r25, X
      fe:	92 30       	cpi	r25, 0x02	; 2
     100:	08 f4       	brcc	.+2      	; 0x104 <_fpadd_parts+0x1a>
     102:	39 c1       	rjmp	.+626    	; 0x376 <_fpadd_parts+0x28c>
     104:	eb 01       	movw	r28, r22
     106:	88 81       	ld	r24, Y
     108:	82 30       	cpi	r24, 0x02	; 2
     10a:	08 f4       	brcc	.+2      	; 0x10e <_fpadd_parts+0x24>
     10c:	33 c1       	rjmp	.+614    	; 0x374 <_fpadd_parts+0x28a>
     10e:	94 30       	cpi	r25, 0x04	; 4
     110:	69 f4       	brne	.+26     	; 0x12c <_fpadd_parts+0x42>
     112:	84 30       	cpi	r24, 0x04	; 4
     114:	09 f0       	breq	.+2      	; 0x118 <_fpadd_parts+0x2e>
     116:	2f c1       	rjmp	.+606    	; 0x376 <_fpadd_parts+0x28c>
     118:	11 96       	adiw	r26, 0x01	; 1
     11a:	9c 91       	ld	r25, X
     11c:	11 97       	sbiw	r26, 0x01	; 1
     11e:	89 81       	ldd	r24, Y+1	; 0x01
     120:	98 17       	cp	r25, r24
     122:	09 f4       	brne	.+2      	; 0x126 <_fpadd_parts+0x3c>
     124:	28 c1       	rjmp	.+592    	; 0x376 <_fpadd_parts+0x28c>
     126:	ab e7       	ldi	r26, 0x7B	; 123
     128:	b0 e0       	ldi	r27, 0x00	; 0
     12a:	25 c1       	rjmp	.+586    	; 0x376 <_fpadd_parts+0x28c>
     12c:	84 30       	cpi	r24, 0x04	; 4
     12e:	09 f4       	brne	.+2      	; 0x132 <_fpadd_parts+0x48>
     130:	21 c1       	rjmp	.+578    	; 0x374 <_fpadd_parts+0x28a>
     132:	82 30       	cpi	r24, 0x02	; 2
     134:	a9 f4       	brne	.+42     	; 0x160 <_fpadd_parts+0x76>
     136:	92 30       	cpi	r25, 0x02	; 2
     138:	09 f0       	breq	.+2      	; 0x13c <_fpadd_parts+0x52>
     13a:	1d c1       	rjmp	.+570    	; 0x376 <_fpadd_parts+0x28c>
     13c:	9a 01       	movw	r18, r20
     13e:	ad 01       	movw	r20, r26
     140:	88 e0       	ldi	r24, 0x08	; 8
     142:	ea 01       	movw	r28, r20
     144:	09 90       	ld	r0, Y+
     146:	ae 01       	movw	r20, r28
     148:	e9 01       	movw	r28, r18
     14a:	09 92       	st	Y+, r0
     14c:	9e 01       	movw	r18, r28
     14e:	81 50       	subi	r24, 0x01	; 1
     150:	c1 f7       	brne	.-16     	; 0x142 <_fpadd_parts+0x58>
     152:	e2 01       	movw	r28, r4
     154:	89 81       	ldd	r24, Y+1	; 0x01
     156:	11 96       	adiw	r26, 0x01	; 1
     158:	9c 91       	ld	r25, X
     15a:	89 23       	and	r24, r25
     15c:	81 83       	std	Z+1, r24	; 0x01
     15e:	08 c1       	rjmp	.+528    	; 0x370 <_fpadd_parts+0x286>
     160:	92 30       	cpi	r25, 0x02	; 2
     162:	09 f4       	brne	.+2      	; 0x166 <_fpadd_parts+0x7c>
     164:	07 c1       	rjmp	.+526    	; 0x374 <_fpadd_parts+0x28a>
     166:	12 96       	adiw	r26, 0x02	; 2
     168:	2d 90       	ld	r2, X+
     16a:	3c 90       	ld	r3, X
     16c:	13 97       	sbiw	r26, 0x03	; 3
     16e:	eb 01       	movw	r28, r22
     170:	8a 81       	ldd	r24, Y+2	; 0x02
     172:	9b 81       	ldd	r25, Y+3	; 0x03
     174:	14 96       	adiw	r26, 0x04	; 4
     176:	ad 90       	ld	r10, X+
     178:	bd 90       	ld	r11, X+
     17a:	cd 90       	ld	r12, X+
     17c:	dc 90       	ld	r13, X
     17e:	17 97       	sbiw	r26, 0x07	; 7
     180:	ec 80       	ldd	r14, Y+4	; 0x04
     182:	fd 80       	ldd	r15, Y+5	; 0x05
     184:	0e 81       	ldd	r16, Y+6	; 0x06
     186:	1f 81       	ldd	r17, Y+7	; 0x07
     188:	91 01       	movw	r18, r2
     18a:	28 1b       	sub	r18, r24
     18c:	39 0b       	sbc	r19, r25
     18e:	b9 01       	movw	r22, r18
     190:	37 ff       	sbrs	r19, 7
     192:	04 c0       	rjmp	.+8      	; 0x19c <_fpadd_parts+0xb2>
     194:	66 27       	eor	r22, r22
     196:	77 27       	eor	r23, r23
     198:	62 1b       	sub	r22, r18
     19a:	73 0b       	sbc	r23, r19
     19c:	60 32       	cpi	r22, 0x20	; 32
     19e:	71 05       	cpc	r23, r1
     1a0:	0c f0       	brlt	.+2      	; 0x1a4 <_fpadd_parts+0xba>
     1a2:	61 c0       	rjmp	.+194    	; 0x266 <_fpadd_parts+0x17c>
     1a4:	12 16       	cp	r1, r18
     1a6:	13 06       	cpc	r1, r19
     1a8:	6c f5       	brge	.+90     	; 0x204 <_fpadd_parts+0x11a>
     1aa:	37 01       	movw	r6, r14
     1ac:	48 01       	movw	r8, r16
     1ae:	06 2e       	mov	r0, r22
     1b0:	04 c0       	rjmp	.+8      	; 0x1ba <_fpadd_parts+0xd0>
     1b2:	96 94       	lsr	r9
     1b4:	87 94       	ror	r8
     1b6:	77 94       	ror	r7
     1b8:	67 94       	ror	r6
     1ba:	0a 94       	dec	r0
     1bc:	d2 f7       	brpl	.-12     	; 0x1b2 <_fpadd_parts+0xc8>
     1be:	21 e0       	ldi	r18, 0x01	; 1
     1c0:	30 e0       	ldi	r19, 0x00	; 0
     1c2:	40 e0       	ldi	r20, 0x00	; 0
     1c4:	50 e0       	ldi	r21, 0x00	; 0
     1c6:	04 c0       	rjmp	.+8      	; 0x1d0 <_fpadd_parts+0xe6>
     1c8:	22 0f       	add	r18, r18
     1ca:	33 1f       	adc	r19, r19
     1cc:	44 1f       	adc	r20, r20
     1ce:	55 1f       	adc	r21, r21
     1d0:	6a 95       	dec	r22
     1d2:	d2 f7       	brpl	.-12     	; 0x1c8 <_fpadd_parts+0xde>
     1d4:	21 50       	subi	r18, 0x01	; 1
     1d6:	30 40       	sbci	r19, 0x00	; 0
     1d8:	40 40       	sbci	r20, 0x00	; 0
     1da:	50 40       	sbci	r21, 0x00	; 0
     1dc:	2e 21       	and	r18, r14
     1de:	3f 21       	and	r19, r15
     1e0:	40 23       	and	r20, r16
     1e2:	51 23       	and	r21, r17
     1e4:	21 15       	cp	r18, r1
     1e6:	31 05       	cpc	r19, r1
     1e8:	41 05       	cpc	r20, r1
     1ea:	51 05       	cpc	r21, r1
     1ec:	21 f0       	breq	.+8      	; 0x1f6 <_fpadd_parts+0x10c>
     1ee:	21 e0       	ldi	r18, 0x01	; 1
     1f0:	30 e0       	ldi	r19, 0x00	; 0
     1f2:	40 e0       	ldi	r20, 0x00	; 0
     1f4:	50 e0       	ldi	r21, 0x00	; 0
     1f6:	79 01       	movw	r14, r18
     1f8:	8a 01       	movw	r16, r20
     1fa:	e6 28       	or	r14, r6
     1fc:	f7 28       	or	r15, r7
     1fe:	08 29       	or	r16, r8
     200:	19 29       	or	r17, r9
     202:	3c c0       	rjmp	.+120    	; 0x27c <_fpadd_parts+0x192>
     204:	23 2b       	or	r18, r19
     206:	d1 f1       	breq	.+116    	; 0x27c <_fpadd_parts+0x192>
     208:	26 0e       	add	r2, r22
     20a:	37 1e       	adc	r3, r23
     20c:	35 01       	movw	r6, r10
     20e:	46 01       	movw	r8, r12
     210:	06 2e       	mov	r0, r22
     212:	04 c0       	rjmp	.+8      	; 0x21c <_fpadd_parts+0x132>
     214:	96 94       	lsr	r9
     216:	87 94       	ror	r8
     218:	77 94       	ror	r7
     21a:	67 94       	ror	r6
     21c:	0a 94       	dec	r0
     21e:	d2 f7       	brpl	.-12     	; 0x214 <_fpadd_parts+0x12a>
     220:	21 e0       	ldi	r18, 0x01	; 1
     222:	30 e0       	ldi	r19, 0x00	; 0
     224:	40 e0       	ldi	r20, 0x00	; 0
     226:	50 e0       	ldi	r21, 0x00	; 0
     228:	04 c0       	rjmp	.+8      	; 0x232 <_fpadd_parts+0x148>
     22a:	22 0f       	add	r18, r18
     22c:	33 1f       	adc	r19, r19
     22e:	44 1f       	adc	r20, r20
     230:	55 1f       	adc	r21, r21
     232:	6a 95       	dec	r22
     234:	d2 f7       	brpl	.-12     	; 0x22a <_fpadd_parts+0x140>
     236:	21 50       	subi	r18, 0x01	; 1
     238:	30 40       	sbci	r19, 0x00	; 0
     23a:	40 40       	sbci	r20, 0x00	; 0
     23c:	50 40       	sbci	r21, 0x00	; 0
     23e:	2a 21       	and	r18, r10
     240:	3b 21       	and	r19, r11
     242:	4c 21       	and	r20, r12
     244:	5d 21       	and	r21, r13
     246:	21 15       	cp	r18, r1
     248:	31 05       	cpc	r19, r1
     24a:	41 05       	cpc	r20, r1
     24c:	51 05       	cpc	r21, r1
     24e:	21 f0       	breq	.+8      	; 0x258 <_fpadd_parts+0x16e>
     250:	21 e0       	ldi	r18, 0x01	; 1
     252:	30 e0       	ldi	r19, 0x00	; 0
     254:	40 e0       	ldi	r20, 0x00	; 0
     256:	50 e0       	ldi	r21, 0x00	; 0
     258:	59 01       	movw	r10, r18
     25a:	6a 01       	movw	r12, r20
     25c:	a6 28       	or	r10, r6
     25e:	b7 28       	or	r11, r7
     260:	c8 28       	or	r12, r8
     262:	d9 28       	or	r13, r9
     264:	0b c0       	rjmp	.+22     	; 0x27c <_fpadd_parts+0x192>
     266:	82 15       	cp	r24, r2
     268:	93 05       	cpc	r25, r3
     26a:	2c f0       	brlt	.+10     	; 0x276 <_fpadd_parts+0x18c>
     26c:	1c 01       	movw	r2, r24
     26e:	aa 24       	eor	r10, r10
     270:	bb 24       	eor	r11, r11
     272:	65 01       	movw	r12, r10
     274:	03 c0       	rjmp	.+6      	; 0x27c <_fpadd_parts+0x192>
     276:	ee 24       	eor	r14, r14
     278:	ff 24       	eor	r15, r15
     27a:	87 01       	movw	r16, r14
     27c:	11 96       	adiw	r26, 0x01	; 1
     27e:	9c 91       	ld	r25, X
     280:	d2 01       	movw	r26, r4
     282:	11 96       	adiw	r26, 0x01	; 1
     284:	8c 91       	ld	r24, X
     286:	98 17       	cp	r25, r24
     288:	09 f4       	brne	.+2      	; 0x28c <_fpadd_parts+0x1a2>
     28a:	45 c0       	rjmp	.+138    	; 0x316 <_fpadd_parts+0x22c>
     28c:	99 23       	and	r25, r25
     28e:	39 f0       	breq	.+14     	; 0x29e <_fpadd_parts+0x1b4>
     290:	a8 01       	movw	r20, r16
     292:	97 01       	movw	r18, r14
     294:	2a 19       	sub	r18, r10
     296:	3b 09       	sbc	r19, r11
     298:	4c 09       	sbc	r20, r12
     29a:	5d 09       	sbc	r21, r13
     29c:	06 c0       	rjmp	.+12     	; 0x2aa <_fpadd_parts+0x1c0>
     29e:	a6 01       	movw	r20, r12
     2a0:	95 01       	movw	r18, r10
     2a2:	2e 19       	sub	r18, r14
     2a4:	3f 09       	sbc	r19, r15
     2a6:	40 0b       	sbc	r20, r16
     2a8:	51 0b       	sbc	r21, r17
     2aa:	57 fd       	sbrc	r21, 7
     2ac:	08 c0       	rjmp	.+16     	; 0x2be <_fpadd_parts+0x1d4>
     2ae:	11 82       	std	Z+1, r1	; 0x01
     2b0:	33 82       	std	Z+3, r3	; 0x03
     2b2:	22 82       	std	Z+2, r2	; 0x02
     2b4:	24 83       	std	Z+4, r18	; 0x04
     2b6:	35 83       	std	Z+5, r19	; 0x05
     2b8:	46 83       	std	Z+6, r20	; 0x06
     2ba:	57 83       	std	Z+7, r21	; 0x07
     2bc:	1d c0       	rjmp	.+58     	; 0x2f8 <_fpadd_parts+0x20e>
     2be:	81 e0       	ldi	r24, 0x01	; 1
     2c0:	81 83       	std	Z+1, r24	; 0x01
     2c2:	33 82       	std	Z+3, r3	; 0x03
     2c4:	22 82       	std	Z+2, r2	; 0x02
     2c6:	88 27       	eor	r24, r24
     2c8:	99 27       	eor	r25, r25
     2ca:	dc 01       	movw	r26, r24
     2cc:	82 1b       	sub	r24, r18
     2ce:	93 0b       	sbc	r25, r19
     2d0:	a4 0b       	sbc	r26, r20
     2d2:	b5 0b       	sbc	r27, r21
     2d4:	84 83       	std	Z+4, r24	; 0x04
     2d6:	95 83       	std	Z+5, r25	; 0x05
     2d8:	a6 83       	std	Z+6, r26	; 0x06
     2da:	b7 83       	std	Z+7, r27	; 0x07
     2dc:	0d c0       	rjmp	.+26     	; 0x2f8 <_fpadd_parts+0x20e>
     2de:	22 0f       	add	r18, r18
     2e0:	33 1f       	adc	r19, r19
     2e2:	44 1f       	adc	r20, r20
     2e4:	55 1f       	adc	r21, r21
     2e6:	24 83       	std	Z+4, r18	; 0x04
     2e8:	35 83       	std	Z+5, r19	; 0x05
     2ea:	46 83       	std	Z+6, r20	; 0x06
     2ec:	57 83       	std	Z+7, r21	; 0x07
     2ee:	82 81       	ldd	r24, Z+2	; 0x02
     2f0:	93 81       	ldd	r25, Z+3	; 0x03
     2f2:	01 97       	sbiw	r24, 0x01	; 1
     2f4:	93 83       	std	Z+3, r25	; 0x03
     2f6:	82 83       	std	Z+2, r24	; 0x02
     2f8:	24 81       	ldd	r18, Z+4	; 0x04
     2fa:	35 81       	ldd	r19, Z+5	; 0x05
     2fc:	46 81       	ldd	r20, Z+6	; 0x06
     2fe:	57 81       	ldd	r21, Z+7	; 0x07
     300:	da 01       	movw	r26, r20
     302:	c9 01       	movw	r24, r18
     304:	01 97       	sbiw	r24, 0x01	; 1
     306:	a1 09       	sbc	r26, r1
     308:	b1 09       	sbc	r27, r1
     30a:	8f 5f       	subi	r24, 0xFF	; 255
     30c:	9f 4f       	sbci	r25, 0xFF	; 255
     30e:	af 4f       	sbci	r26, 0xFF	; 255
     310:	bf 43       	sbci	r27, 0x3F	; 63
     312:	28 f3       	brcs	.-54     	; 0x2de <_fpadd_parts+0x1f4>
     314:	0b c0       	rjmp	.+22     	; 0x32c <_fpadd_parts+0x242>
     316:	91 83       	std	Z+1, r25	; 0x01
     318:	33 82       	std	Z+3, r3	; 0x03
     31a:	22 82       	std	Z+2, r2	; 0x02
     31c:	ea 0c       	add	r14, r10
     31e:	fb 1c       	adc	r15, r11
     320:	0c 1d       	adc	r16, r12
     322:	1d 1d       	adc	r17, r13
     324:	e4 82       	std	Z+4, r14	; 0x04
     326:	f5 82       	std	Z+5, r15	; 0x05
     328:	06 83       	std	Z+6, r16	; 0x06
     32a:	17 83       	std	Z+7, r17	; 0x07
     32c:	83 e0       	ldi	r24, 0x03	; 3
     32e:	80 83       	st	Z, r24
     330:	24 81       	ldd	r18, Z+4	; 0x04
     332:	35 81       	ldd	r19, Z+5	; 0x05
     334:	46 81       	ldd	r20, Z+6	; 0x06
     336:	57 81       	ldd	r21, Z+7	; 0x07
     338:	57 ff       	sbrs	r21, 7
     33a:	1a c0       	rjmp	.+52     	; 0x370 <_fpadd_parts+0x286>
     33c:	c9 01       	movw	r24, r18
     33e:	aa 27       	eor	r26, r26
     340:	97 fd       	sbrc	r25, 7
     342:	a0 95       	com	r26
     344:	ba 2f       	mov	r27, r26
     346:	81 70       	andi	r24, 0x01	; 1
     348:	90 70       	andi	r25, 0x00	; 0
     34a:	a0 70       	andi	r26, 0x00	; 0
     34c:	b0 70       	andi	r27, 0x00	; 0
     34e:	56 95       	lsr	r21
     350:	47 95       	ror	r20
     352:	37 95       	ror	r19
     354:	27 95       	ror	r18
     356:	82 2b       	or	r24, r18
     358:	93 2b       	or	r25, r19
     35a:	a4 2b       	or	r26, r20
     35c:	b5 2b       	or	r27, r21
     35e:	84 83       	std	Z+4, r24	; 0x04
     360:	95 83       	std	Z+5, r25	; 0x05
     362:	a6 83       	std	Z+6, r26	; 0x06
     364:	b7 83       	std	Z+7, r27	; 0x07
     366:	82 81       	ldd	r24, Z+2	; 0x02
     368:	93 81       	ldd	r25, Z+3	; 0x03
     36a:	01 96       	adiw	r24, 0x01	; 1
     36c:	93 83       	std	Z+3, r25	; 0x03
     36e:	82 83       	std	Z+2, r24	; 0x02
     370:	df 01       	movw	r26, r30
     372:	01 c0       	rjmp	.+2      	; 0x376 <_fpadd_parts+0x28c>
     374:	d2 01       	movw	r26, r4
     376:	cd 01       	movw	r24, r26
     378:	cd b7       	in	r28, 0x3d	; 61
     37a:	de b7       	in	r29, 0x3e	; 62
     37c:	e2 e1       	ldi	r30, 0x12	; 18
     37e:	0c 94 d7 31 	jmp	0x63ae	; 0x63ae <__epilogue_restores__>

00000382 <__subsf3>:
     382:	a0 e2       	ldi	r26, 0x20	; 32
     384:	b0 e0       	ldi	r27, 0x00	; 0
     386:	e7 ec       	ldi	r30, 0xC7	; 199
     388:	f1 e0       	ldi	r31, 0x01	; 1
     38a:	0c 94 c7 31 	jmp	0x638e	; 0x638e <__prologue_saves__+0x18>
     38e:	69 83       	std	Y+1, r22	; 0x01
     390:	7a 83       	std	Y+2, r23	; 0x02
     392:	8b 83       	std	Y+3, r24	; 0x03
     394:	9c 83       	std	Y+4, r25	; 0x04
     396:	2d 83       	std	Y+5, r18	; 0x05
     398:	3e 83       	std	Y+6, r19	; 0x06
     39a:	4f 83       	std	Y+7, r20	; 0x07
     39c:	58 87       	std	Y+8, r21	; 0x08
     39e:	e9 e0       	ldi	r30, 0x09	; 9
     3a0:	ee 2e       	mov	r14, r30
     3a2:	f1 2c       	mov	r15, r1
     3a4:	ec 0e       	add	r14, r28
     3a6:	fd 1e       	adc	r15, r29
     3a8:	ce 01       	movw	r24, r28
     3aa:	01 96       	adiw	r24, 0x01	; 1
     3ac:	b7 01       	movw	r22, r14
     3ae:	0e 94 d2 04 	call	0x9a4	; 0x9a4 <__unpack_f>
     3b2:	8e 01       	movw	r16, r28
     3b4:	0f 5e       	subi	r16, 0xEF	; 239
     3b6:	1f 4f       	sbci	r17, 0xFF	; 255
     3b8:	ce 01       	movw	r24, r28
     3ba:	05 96       	adiw	r24, 0x05	; 5
     3bc:	b8 01       	movw	r22, r16
     3be:	0e 94 d2 04 	call	0x9a4	; 0x9a4 <__unpack_f>
     3c2:	8a 89       	ldd	r24, Y+18	; 0x12
     3c4:	91 e0       	ldi	r25, 0x01	; 1
     3c6:	89 27       	eor	r24, r25
     3c8:	8a 8b       	std	Y+18, r24	; 0x12
     3ca:	c7 01       	movw	r24, r14
     3cc:	b8 01       	movw	r22, r16
     3ce:	ae 01       	movw	r20, r28
     3d0:	47 5e       	subi	r20, 0xE7	; 231
     3d2:	5f 4f       	sbci	r21, 0xFF	; 255
     3d4:	0e 94 75 00 	call	0xea	; 0xea <_fpadd_parts>
     3d8:	0e 94 fd 03 	call	0x7fa	; 0x7fa <__pack_f>
     3dc:	a0 96       	adiw	r28, 0x20	; 32
     3de:	e6 e0       	ldi	r30, 0x06	; 6
     3e0:	0c 94 e3 31 	jmp	0x63c6	; 0x63c6 <__epilogue_restores__+0x18>

000003e4 <__addsf3>:
     3e4:	a0 e2       	ldi	r26, 0x20	; 32
     3e6:	b0 e0       	ldi	r27, 0x00	; 0
     3e8:	e8 ef       	ldi	r30, 0xF8	; 248
     3ea:	f1 e0       	ldi	r31, 0x01	; 1
     3ec:	0c 94 c7 31 	jmp	0x638e	; 0x638e <__prologue_saves__+0x18>
     3f0:	69 83       	std	Y+1, r22	; 0x01
     3f2:	7a 83       	std	Y+2, r23	; 0x02
     3f4:	8b 83       	std	Y+3, r24	; 0x03
     3f6:	9c 83       	std	Y+4, r25	; 0x04
     3f8:	2d 83       	std	Y+5, r18	; 0x05
     3fa:	3e 83       	std	Y+6, r19	; 0x06
     3fc:	4f 83       	std	Y+7, r20	; 0x07
     3fe:	58 87       	std	Y+8, r21	; 0x08
     400:	f9 e0       	ldi	r31, 0x09	; 9
     402:	ef 2e       	mov	r14, r31
     404:	f1 2c       	mov	r15, r1
     406:	ec 0e       	add	r14, r28
     408:	fd 1e       	adc	r15, r29
     40a:	ce 01       	movw	r24, r28
     40c:	01 96       	adiw	r24, 0x01	; 1
     40e:	b7 01       	movw	r22, r14
     410:	0e 94 d2 04 	call	0x9a4	; 0x9a4 <__unpack_f>
     414:	8e 01       	movw	r16, r28
     416:	0f 5e       	subi	r16, 0xEF	; 239
     418:	1f 4f       	sbci	r17, 0xFF	; 255
     41a:	ce 01       	movw	r24, r28
     41c:	05 96       	adiw	r24, 0x05	; 5
     41e:	b8 01       	movw	r22, r16
     420:	0e 94 d2 04 	call	0x9a4	; 0x9a4 <__unpack_f>
     424:	c7 01       	movw	r24, r14
     426:	b8 01       	movw	r22, r16
     428:	ae 01       	movw	r20, r28
     42a:	47 5e       	subi	r20, 0xE7	; 231
     42c:	5f 4f       	sbci	r21, 0xFF	; 255
     42e:	0e 94 75 00 	call	0xea	; 0xea <_fpadd_parts>
     432:	0e 94 fd 03 	call	0x7fa	; 0x7fa <__pack_f>
     436:	a0 96       	adiw	r28, 0x20	; 32
     438:	e6 e0       	ldi	r30, 0x06	; 6
     43a:	0c 94 e3 31 	jmp	0x63c6	; 0x63c6 <__epilogue_restores__+0x18>

0000043e <__mulsf3>:
     43e:	a0 e2       	ldi	r26, 0x20	; 32
     440:	b0 e0       	ldi	r27, 0x00	; 0
     442:	e5 e2       	ldi	r30, 0x25	; 37
     444:	f2 e0       	ldi	r31, 0x02	; 2
     446:	0c 94 bb 31 	jmp	0x6376	; 0x6376 <__prologue_saves__>
     44a:	69 83       	std	Y+1, r22	; 0x01
     44c:	7a 83       	std	Y+2, r23	; 0x02
     44e:	8b 83       	std	Y+3, r24	; 0x03
     450:	9c 83       	std	Y+4, r25	; 0x04
     452:	2d 83       	std	Y+5, r18	; 0x05
     454:	3e 83       	std	Y+6, r19	; 0x06
     456:	4f 83       	std	Y+7, r20	; 0x07
     458:	58 87       	std	Y+8, r21	; 0x08
     45a:	ce 01       	movw	r24, r28
     45c:	01 96       	adiw	r24, 0x01	; 1
     45e:	be 01       	movw	r22, r28
     460:	67 5f       	subi	r22, 0xF7	; 247
     462:	7f 4f       	sbci	r23, 0xFF	; 255
     464:	0e 94 d2 04 	call	0x9a4	; 0x9a4 <__unpack_f>
     468:	ce 01       	movw	r24, r28
     46a:	05 96       	adiw	r24, 0x05	; 5
     46c:	be 01       	movw	r22, r28
     46e:	6f 5e       	subi	r22, 0xEF	; 239
     470:	7f 4f       	sbci	r23, 0xFF	; 255
     472:	0e 94 d2 04 	call	0x9a4	; 0x9a4 <__unpack_f>
     476:	99 85       	ldd	r25, Y+9	; 0x09
     478:	92 30       	cpi	r25, 0x02	; 2
     47a:	88 f0       	brcs	.+34     	; 0x49e <__mulsf3+0x60>
     47c:	89 89       	ldd	r24, Y+17	; 0x11
     47e:	82 30       	cpi	r24, 0x02	; 2
     480:	c8 f0       	brcs	.+50     	; 0x4b4 <__mulsf3+0x76>
     482:	94 30       	cpi	r25, 0x04	; 4
     484:	19 f4       	brne	.+6      	; 0x48c <__mulsf3+0x4e>
     486:	82 30       	cpi	r24, 0x02	; 2
     488:	51 f4       	brne	.+20     	; 0x49e <__mulsf3+0x60>
     48a:	04 c0       	rjmp	.+8      	; 0x494 <__mulsf3+0x56>
     48c:	84 30       	cpi	r24, 0x04	; 4
     48e:	29 f4       	brne	.+10     	; 0x49a <__mulsf3+0x5c>
     490:	92 30       	cpi	r25, 0x02	; 2
     492:	81 f4       	brne	.+32     	; 0x4b4 <__mulsf3+0x76>
     494:	8b e7       	ldi	r24, 0x7B	; 123
     496:	90 e0       	ldi	r25, 0x00	; 0
     498:	c6 c0       	rjmp	.+396    	; 0x626 <__mulsf3+0x1e8>
     49a:	92 30       	cpi	r25, 0x02	; 2
     49c:	49 f4       	brne	.+18     	; 0x4b0 <__mulsf3+0x72>
     49e:	20 e0       	ldi	r18, 0x00	; 0
     4a0:	9a 85       	ldd	r25, Y+10	; 0x0a
     4a2:	8a 89       	ldd	r24, Y+18	; 0x12
     4a4:	98 13       	cpse	r25, r24
     4a6:	21 e0       	ldi	r18, 0x01	; 1
     4a8:	2a 87       	std	Y+10, r18	; 0x0a
     4aa:	ce 01       	movw	r24, r28
     4ac:	09 96       	adiw	r24, 0x09	; 9
     4ae:	bb c0       	rjmp	.+374    	; 0x626 <__mulsf3+0x1e8>
     4b0:	82 30       	cpi	r24, 0x02	; 2
     4b2:	49 f4       	brne	.+18     	; 0x4c6 <__mulsf3+0x88>
     4b4:	20 e0       	ldi	r18, 0x00	; 0
     4b6:	9a 85       	ldd	r25, Y+10	; 0x0a
     4b8:	8a 89       	ldd	r24, Y+18	; 0x12
     4ba:	98 13       	cpse	r25, r24
     4bc:	21 e0       	ldi	r18, 0x01	; 1
     4be:	2a 8b       	std	Y+18, r18	; 0x12
     4c0:	ce 01       	movw	r24, r28
     4c2:	41 96       	adiw	r24, 0x11	; 17
     4c4:	b0 c0       	rjmp	.+352    	; 0x626 <__mulsf3+0x1e8>
     4c6:	2d 84       	ldd	r2, Y+13	; 0x0d
     4c8:	3e 84       	ldd	r3, Y+14	; 0x0e
     4ca:	4f 84       	ldd	r4, Y+15	; 0x0f
     4cc:	58 88       	ldd	r5, Y+16	; 0x10
     4ce:	6d 88       	ldd	r6, Y+21	; 0x15
     4d0:	7e 88       	ldd	r7, Y+22	; 0x16
     4d2:	8f 88       	ldd	r8, Y+23	; 0x17
     4d4:	98 8c       	ldd	r9, Y+24	; 0x18
     4d6:	ee 24       	eor	r14, r14
     4d8:	ff 24       	eor	r15, r15
     4da:	87 01       	movw	r16, r14
     4dc:	aa 24       	eor	r10, r10
     4de:	bb 24       	eor	r11, r11
     4e0:	65 01       	movw	r12, r10
     4e2:	40 e0       	ldi	r20, 0x00	; 0
     4e4:	50 e0       	ldi	r21, 0x00	; 0
     4e6:	60 e0       	ldi	r22, 0x00	; 0
     4e8:	70 e0       	ldi	r23, 0x00	; 0
     4ea:	e0 e0       	ldi	r30, 0x00	; 0
     4ec:	f0 e0       	ldi	r31, 0x00	; 0
     4ee:	c1 01       	movw	r24, r2
     4f0:	81 70       	andi	r24, 0x01	; 1
     4f2:	90 70       	andi	r25, 0x00	; 0
     4f4:	89 2b       	or	r24, r25
     4f6:	e9 f0       	breq	.+58     	; 0x532 <__mulsf3+0xf4>
     4f8:	e6 0c       	add	r14, r6
     4fa:	f7 1c       	adc	r15, r7
     4fc:	08 1d       	adc	r16, r8
     4fe:	19 1d       	adc	r17, r9
     500:	9a 01       	movw	r18, r20
     502:	ab 01       	movw	r20, r22
     504:	2a 0d       	add	r18, r10
     506:	3b 1d       	adc	r19, r11
     508:	4c 1d       	adc	r20, r12
     50a:	5d 1d       	adc	r21, r13
     50c:	80 e0       	ldi	r24, 0x00	; 0
     50e:	90 e0       	ldi	r25, 0x00	; 0
     510:	a0 e0       	ldi	r26, 0x00	; 0
     512:	b0 e0       	ldi	r27, 0x00	; 0
     514:	e6 14       	cp	r14, r6
     516:	f7 04       	cpc	r15, r7
     518:	08 05       	cpc	r16, r8
     51a:	19 05       	cpc	r17, r9
     51c:	20 f4       	brcc	.+8      	; 0x526 <__mulsf3+0xe8>
     51e:	81 e0       	ldi	r24, 0x01	; 1
     520:	90 e0       	ldi	r25, 0x00	; 0
     522:	a0 e0       	ldi	r26, 0x00	; 0
     524:	b0 e0       	ldi	r27, 0x00	; 0
     526:	ba 01       	movw	r22, r20
     528:	a9 01       	movw	r20, r18
     52a:	48 0f       	add	r20, r24
     52c:	59 1f       	adc	r21, r25
     52e:	6a 1f       	adc	r22, r26
     530:	7b 1f       	adc	r23, r27
     532:	aa 0c       	add	r10, r10
     534:	bb 1c       	adc	r11, r11
     536:	cc 1c       	adc	r12, r12
     538:	dd 1c       	adc	r13, r13
     53a:	97 fe       	sbrs	r9, 7
     53c:	08 c0       	rjmp	.+16     	; 0x54e <__mulsf3+0x110>
     53e:	81 e0       	ldi	r24, 0x01	; 1
     540:	90 e0       	ldi	r25, 0x00	; 0
     542:	a0 e0       	ldi	r26, 0x00	; 0
     544:	b0 e0       	ldi	r27, 0x00	; 0
     546:	a8 2a       	or	r10, r24
     548:	b9 2a       	or	r11, r25
     54a:	ca 2a       	or	r12, r26
     54c:	db 2a       	or	r13, r27
     54e:	31 96       	adiw	r30, 0x01	; 1
     550:	e0 32       	cpi	r30, 0x20	; 32
     552:	f1 05       	cpc	r31, r1
     554:	49 f0       	breq	.+18     	; 0x568 <__mulsf3+0x12a>
     556:	66 0c       	add	r6, r6
     558:	77 1c       	adc	r7, r7
     55a:	88 1c       	adc	r8, r8
     55c:	99 1c       	adc	r9, r9
     55e:	56 94       	lsr	r5
     560:	47 94       	ror	r4
     562:	37 94       	ror	r3
     564:	27 94       	ror	r2
     566:	c3 cf       	rjmp	.-122    	; 0x4ee <__mulsf3+0xb0>
     568:	fa 85       	ldd	r31, Y+10	; 0x0a
     56a:	ea 89       	ldd	r30, Y+18	; 0x12
     56c:	2b 89       	ldd	r18, Y+19	; 0x13
     56e:	3c 89       	ldd	r19, Y+20	; 0x14
     570:	8b 85       	ldd	r24, Y+11	; 0x0b
     572:	9c 85       	ldd	r25, Y+12	; 0x0c
     574:	28 0f       	add	r18, r24
     576:	39 1f       	adc	r19, r25
     578:	2e 5f       	subi	r18, 0xFE	; 254
     57a:	3f 4f       	sbci	r19, 0xFF	; 255
     57c:	17 c0       	rjmp	.+46     	; 0x5ac <__mulsf3+0x16e>
     57e:	ca 01       	movw	r24, r20
     580:	81 70       	andi	r24, 0x01	; 1
     582:	90 70       	andi	r25, 0x00	; 0
     584:	89 2b       	or	r24, r25
     586:	61 f0       	breq	.+24     	; 0x5a0 <__mulsf3+0x162>
     588:	16 95       	lsr	r17
     58a:	07 95       	ror	r16
     58c:	f7 94       	ror	r15
     58e:	e7 94       	ror	r14
     590:	80 e0       	ldi	r24, 0x00	; 0
     592:	90 e0       	ldi	r25, 0x00	; 0
     594:	a0 e0       	ldi	r26, 0x00	; 0
     596:	b0 e8       	ldi	r27, 0x80	; 128
     598:	e8 2a       	or	r14, r24
     59a:	f9 2a       	or	r15, r25
     59c:	0a 2b       	or	r16, r26
     59e:	1b 2b       	or	r17, r27
     5a0:	76 95       	lsr	r23
     5a2:	67 95       	ror	r22
     5a4:	57 95       	ror	r21
     5a6:	47 95       	ror	r20
     5a8:	2f 5f       	subi	r18, 0xFF	; 255
     5aa:	3f 4f       	sbci	r19, 0xFF	; 255
     5ac:	77 fd       	sbrc	r23, 7
     5ae:	e7 cf       	rjmp	.-50     	; 0x57e <__mulsf3+0x140>
     5b0:	0c c0       	rjmp	.+24     	; 0x5ca <__mulsf3+0x18c>
     5b2:	44 0f       	add	r20, r20
     5b4:	55 1f       	adc	r21, r21
     5b6:	66 1f       	adc	r22, r22
     5b8:	77 1f       	adc	r23, r23
     5ba:	17 fd       	sbrc	r17, 7
     5bc:	41 60       	ori	r20, 0x01	; 1
     5be:	ee 0c       	add	r14, r14
     5c0:	ff 1c       	adc	r15, r15
     5c2:	00 1f       	adc	r16, r16
     5c4:	11 1f       	adc	r17, r17
     5c6:	21 50       	subi	r18, 0x01	; 1
     5c8:	30 40       	sbci	r19, 0x00	; 0
     5ca:	40 30       	cpi	r20, 0x00	; 0
     5cc:	90 e0       	ldi	r25, 0x00	; 0
     5ce:	59 07       	cpc	r21, r25
     5d0:	90 e0       	ldi	r25, 0x00	; 0
     5d2:	69 07       	cpc	r22, r25
     5d4:	90 e4       	ldi	r25, 0x40	; 64
     5d6:	79 07       	cpc	r23, r25
     5d8:	60 f3       	brcs	.-40     	; 0x5b2 <__mulsf3+0x174>
     5da:	2b 8f       	std	Y+27, r18	; 0x1b
     5dc:	3c 8f       	std	Y+28, r19	; 0x1c
     5de:	db 01       	movw	r26, r22
     5e0:	ca 01       	movw	r24, r20
     5e2:	8f 77       	andi	r24, 0x7F	; 127
     5e4:	90 70       	andi	r25, 0x00	; 0
     5e6:	a0 70       	andi	r26, 0x00	; 0
     5e8:	b0 70       	andi	r27, 0x00	; 0
     5ea:	80 34       	cpi	r24, 0x40	; 64
     5ec:	91 05       	cpc	r25, r1
     5ee:	a1 05       	cpc	r26, r1
     5f0:	b1 05       	cpc	r27, r1
     5f2:	61 f4       	brne	.+24     	; 0x60c <__mulsf3+0x1ce>
     5f4:	47 fd       	sbrc	r20, 7
     5f6:	0a c0       	rjmp	.+20     	; 0x60c <__mulsf3+0x1ce>
     5f8:	e1 14       	cp	r14, r1
     5fa:	f1 04       	cpc	r15, r1
     5fc:	01 05       	cpc	r16, r1
     5fe:	11 05       	cpc	r17, r1
     600:	29 f0       	breq	.+10     	; 0x60c <__mulsf3+0x1ce>
     602:	40 5c       	subi	r20, 0xC0	; 192
     604:	5f 4f       	sbci	r21, 0xFF	; 255
     606:	6f 4f       	sbci	r22, 0xFF	; 255
     608:	7f 4f       	sbci	r23, 0xFF	; 255
     60a:	40 78       	andi	r20, 0x80	; 128
     60c:	1a 8e       	std	Y+26, r1	; 0x1a
     60e:	fe 17       	cp	r31, r30
     610:	11 f0       	breq	.+4      	; 0x616 <__mulsf3+0x1d8>
     612:	81 e0       	ldi	r24, 0x01	; 1
     614:	8a 8f       	std	Y+26, r24	; 0x1a
     616:	4d 8f       	std	Y+29, r20	; 0x1d
     618:	5e 8f       	std	Y+30, r21	; 0x1e
     61a:	6f 8f       	std	Y+31, r22	; 0x1f
     61c:	78 a3       	std	Y+32, r23	; 0x20
     61e:	83 e0       	ldi	r24, 0x03	; 3
     620:	89 8f       	std	Y+25, r24	; 0x19
     622:	ce 01       	movw	r24, r28
     624:	49 96       	adiw	r24, 0x19	; 25
     626:	0e 94 fd 03 	call	0x7fa	; 0x7fa <__pack_f>
     62a:	a0 96       	adiw	r28, 0x20	; 32
     62c:	e2 e1       	ldi	r30, 0x12	; 18
     62e:	0c 94 d7 31 	jmp	0x63ae	; 0x63ae <__epilogue_restores__>

00000632 <__gtsf2>:
     632:	a8 e1       	ldi	r26, 0x18	; 24
     634:	b0 e0       	ldi	r27, 0x00	; 0
     636:	ef e1       	ldi	r30, 0x1F	; 31
     638:	f3 e0       	ldi	r31, 0x03	; 3
     63a:	0c 94 c7 31 	jmp	0x638e	; 0x638e <__prologue_saves__+0x18>
     63e:	69 83       	std	Y+1, r22	; 0x01
     640:	7a 83       	std	Y+2, r23	; 0x02
     642:	8b 83       	std	Y+3, r24	; 0x03
     644:	9c 83       	std	Y+4, r25	; 0x04
     646:	2d 83       	std	Y+5, r18	; 0x05
     648:	3e 83       	std	Y+6, r19	; 0x06
     64a:	4f 83       	std	Y+7, r20	; 0x07
     64c:	58 87       	std	Y+8, r21	; 0x08
     64e:	89 e0       	ldi	r24, 0x09	; 9
     650:	e8 2e       	mov	r14, r24
     652:	f1 2c       	mov	r15, r1
     654:	ec 0e       	add	r14, r28
     656:	fd 1e       	adc	r15, r29
     658:	ce 01       	movw	r24, r28
     65a:	01 96       	adiw	r24, 0x01	; 1
     65c:	b7 01       	movw	r22, r14
     65e:	0e 94 d2 04 	call	0x9a4	; 0x9a4 <__unpack_f>
     662:	8e 01       	movw	r16, r28
     664:	0f 5e       	subi	r16, 0xEF	; 239
     666:	1f 4f       	sbci	r17, 0xFF	; 255
     668:	ce 01       	movw	r24, r28
     66a:	05 96       	adiw	r24, 0x05	; 5
     66c:	b8 01       	movw	r22, r16
     66e:	0e 94 d2 04 	call	0x9a4	; 0x9a4 <__unpack_f>
     672:	89 85       	ldd	r24, Y+9	; 0x09
     674:	82 30       	cpi	r24, 0x02	; 2
     676:	40 f0       	brcs	.+16     	; 0x688 <__gtsf2+0x56>
     678:	89 89       	ldd	r24, Y+17	; 0x11
     67a:	82 30       	cpi	r24, 0x02	; 2
     67c:	28 f0       	brcs	.+10     	; 0x688 <__gtsf2+0x56>
     67e:	c7 01       	movw	r24, r14
     680:	b8 01       	movw	r22, r16
     682:	0e 94 4a 05 	call	0xa94	; 0xa94 <__fpcmp_parts_f>
     686:	01 c0       	rjmp	.+2      	; 0x68a <__gtsf2+0x58>
     688:	8f ef       	ldi	r24, 0xFF	; 255
     68a:	68 96       	adiw	r28, 0x18	; 24
     68c:	e6 e0       	ldi	r30, 0x06	; 6
     68e:	0c 94 e3 31 	jmp	0x63c6	; 0x63c6 <__epilogue_restores__+0x18>

00000692 <__gesf2>:
     692:	a8 e1       	ldi	r26, 0x18	; 24
     694:	b0 e0       	ldi	r27, 0x00	; 0
     696:	ef e4       	ldi	r30, 0x4F	; 79
     698:	f3 e0       	ldi	r31, 0x03	; 3
     69a:	0c 94 c7 31 	jmp	0x638e	; 0x638e <__prologue_saves__+0x18>
     69e:	69 83       	std	Y+1, r22	; 0x01
     6a0:	7a 83       	std	Y+2, r23	; 0x02
     6a2:	8b 83       	std	Y+3, r24	; 0x03
     6a4:	9c 83       	std	Y+4, r25	; 0x04
     6a6:	2d 83       	std	Y+5, r18	; 0x05
     6a8:	3e 83       	std	Y+6, r19	; 0x06
     6aa:	4f 83       	std	Y+7, r20	; 0x07
     6ac:	58 87       	std	Y+8, r21	; 0x08
     6ae:	89 e0       	ldi	r24, 0x09	; 9
     6b0:	e8 2e       	mov	r14, r24
     6b2:	f1 2c       	mov	r15, r1
     6b4:	ec 0e       	add	r14, r28
     6b6:	fd 1e       	adc	r15, r29
     6b8:	ce 01       	movw	r24, r28
     6ba:	01 96       	adiw	r24, 0x01	; 1
     6bc:	b7 01       	movw	r22, r14
     6be:	0e 94 d2 04 	call	0x9a4	; 0x9a4 <__unpack_f>
     6c2:	8e 01       	movw	r16, r28
     6c4:	0f 5e       	subi	r16, 0xEF	; 239
     6c6:	1f 4f       	sbci	r17, 0xFF	; 255
     6c8:	ce 01       	movw	r24, r28
     6ca:	05 96       	adiw	r24, 0x05	; 5
     6cc:	b8 01       	movw	r22, r16
     6ce:	0e 94 d2 04 	call	0x9a4	; 0x9a4 <__unpack_f>
     6d2:	89 85       	ldd	r24, Y+9	; 0x09
     6d4:	82 30       	cpi	r24, 0x02	; 2
     6d6:	40 f0       	brcs	.+16     	; 0x6e8 <__gesf2+0x56>
     6d8:	89 89       	ldd	r24, Y+17	; 0x11
     6da:	82 30       	cpi	r24, 0x02	; 2
     6dc:	28 f0       	brcs	.+10     	; 0x6e8 <__gesf2+0x56>
     6de:	c7 01       	movw	r24, r14
     6e0:	b8 01       	movw	r22, r16
     6e2:	0e 94 4a 05 	call	0xa94	; 0xa94 <__fpcmp_parts_f>
     6e6:	01 c0       	rjmp	.+2      	; 0x6ea <__gesf2+0x58>
     6e8:	8f ef       	ldi	r24, 0xFF	; 255
     6ea:	68 96       	adiw	r28, 0x18	; 24
     6ec:	e6 e0       	ldi	r30, 0x06	; 6
     6ee:	0c 94 e3 31 	jmp	0x63c6	; 0x63c6 <__epilogue_restores__+0x18>

000006f2 <__ltsf2>:
     6f2:	a8 e1       	ldi	r26, 0x18	; 24
     6f4:	b0 e0       	ldi	r27, 0x00	; 0
     6f6:	ef e7       	ldi	r30, 0x7F	; 127
     6f8:	f3 e0       	ldi	r31, 0x03	; 3
     6fa:	0c 94 c7 31 	jmp	0x638e	; 0x638e <__prologue_saves__+0x18>
     6fe:	69 83       	std	Y+1, r22	; 0x01
     700:	7a 83       	std	Y+2, r23	; 0x02
     702:	8b 83       	std	Y+3, r24	; 0x03
     704:	9c 83       	std	Y+4, r25	; 0x04
     706:	2d 83       	std	Y+5, r18	; 0x05
     708:	3e 83       	std	Y+6, r19	; 0x06
     70a:	4f 83       	std	Y+7, r20	; 0x07
     70c:	58 87       	std	Y+8, r21	; 0x08
     70e:	89 e0       	ldi	r24, 0x09	; 9
     710:	e8 2e       	mov	r14, r24
     712:	f1 2c       	mov	r15, r1
     714:	ec 0e       	add	r14, r28
     716:	fd 1e       	adc	r15, r29
     718:	ce 01       	movw	r24, r28
     71a:	01 96       	adiw	r24, 0x01	; 1
     71c:	b7 01       	movw	r22, r14
     71e:	0e 94 d2 04 	call	0x9a4	; 0x9a4 <__unpack_f>
     722:	8e 01       	movw	r16, r28
     724:	0f 5e       	subi	r16, 0xEF	; 239
     726:	1f 4f       	sbci	r17, 0xFF	; 255
     728:	ce 01       	movw	r24, r28
     72a:	05 96       	adiw	r24, 0x05	; 5
     72c:	b8 01       	movw	r22, r16
     72e:	0e 94 d2 04 	call	0x9a4	; 0x9a4 <__unpack_f>
     732:	89 85       	ldd	r24, Y+9	; 0x09
     734:	82 30       	cpi	r24, 0x02	; 2
     736:	40 f0       	brcs	.+16     	; 0x748 <__ltsf2+0x56>
     738:	89 89       	ldd	r24, Y+17	; 0x11
     73a:	82 30       	cpi	r24, 0x02	; 2
     73c:	28 f0       	brcs	.+10     	; 0x748 <__ltsf2+0x56>
     73e:	c7 01       	movw	r24, r14
     740:	b8 01       	movw	r22, r16
     742:	0e 94 4a 05 	call	0xa94	; 0xa94 <__fpcmp_parts_f>
     746:	01 c0       	rjmp	.+2      	; 0x74a <__ltsf2+0x58>
     748:	81 e0       	ldi	r24, 0x01	; 1
     74a:	68 96       	adiw	r28, 0x18	; 24
     74c:	e6 e0       	ldi	r30, 0x06	; 6
     74e:	0c 94 e3 31 	jmp	0x63c6	; 0x63c6 <__epilogue_restores__+0x18>

00000752 <__fixsfsi>:
     752:	ac e0       	ldi	r26, 0x0C	; 12
     754:	b0 e0       	ldi	r27, 0x00	; 0
     756:	ef ea       	ldi	r30, 0xAF	; 175
     758:	f3 e0       	ldi	r31, 0x03	; 3
     75a:	0c 94 cb 31 	jmp	0x6396	; 0x6396 <__prologue_saves__+0x20>
     75e:	69 83       	std	Y+1, r22	; 0x01
     760:	7a 83       	std	Y+2, r23	; 0x02
     762:	8b 83       	std	Y+3, r24	; 0x03
     764:	9c 83       	std	Y+4, r25	; 0x04
     766:	ce 01       	movw	r24, r28
     768:	01 96       	adiw	r24, 0x01	; 1
     76a:	be 01       	movw	r22, r28
     76c:	6b 5f       	subi	r22, 0xFB	; 251
     76e:	7f 4f       	sbci	r23, 0xFF	; 255
     770:	0e 94 d2 04 	call	0x9a4	; 0x9a4 <__unpack_f>
     774:	8d 81       	ldd	r24, Y+5	; 0x05
     776:	82 30       	cpi	r24, 0x02	; 2
     778:	61 f1       	breq	.+88     	; 0x7d2 <__fixsfsi+0x80>
     77a:	82 30       	cpi	r24, 0x02	; 2
     77c:	50 f1       	brcs	.+84     	; 0x7d2 <__fixsfsi+0x80>
     77e:	84 30       	cpi	r24, 0x04	; 4
     780:	21 f4       	brne	.+8      	; 0x78a <__fixsfsi+0x38>
     782:	8e 81       	ldd	r24, Y+6	; 0x06
     784:	88 23       	and	r24, r24
     786:	51 f1       	breq	.+84     	; 0x7dc <__fixsfsi+0x8a>
     788:	2e c0       	rjmp	.+92     	; 0x7e6 <__fixsfsi+0x94>
     78a:	2f 81       	ldd	r18, Y+7	; 0x07
     78c:	38 85       	ldd	r19, Y+8	; 0x08
     78e:	37 fd       	sbrc	r19, 7
     790:	20 c0       	rjmp	.+64     	; 0x7d2 <__fixsfsi+0x80>
     792:	6e 81       	ldd	r22, Y+6	; 0x06
     794:	2f 31       	cpi	r18, 0x1F	; 31
     796:	31 05       	cpc	r19, r1
     798:	1c f0       	brlt	.+6      	; 0x7a0 <__fixsfsi+0x4e>
     79a:	66 23       	and	r22, r22
     79c:	f9 f0       	breq	.+62     	; 0x7dc <__fixsfsi+0x8a>
     79e:	23 c0       	rjmp	.+70     	; 0x7e6 <__fixsfsi+0x94>
     7a0:	8e e1       	ldi	r24, 0x1E	; 30
     7a2:	90 e0       	ldi	r25, 0x00	; 0
     7a4:	82 1b       	sub	r24, r18
     7a6:	93 0b       	sbc	r25, r19
     7a8:	29 85       	ldd	r18, Y+9	; 0x09
     7aa:	3a 85       	ldd	r19, Y+10	; 0x0a
     7ac:	4b 85       	ldd	r20, Y+11	; 0x0b
     7ae:	5c 85       	ldd	r21, Y+12	; 0x0c
     7b0:	04 c0       	rjmp	.+8      	; 0x7ba <__fixsfsi+0x68>
     7b2:	56 95       	lsr	r21
     7b4:	47 95       	ror	r20
     7b6:	37 95       	ror	r19
     7b8:	27 95       	ror	r18
     7ba:	8a 95       	dec	r24
     7bc:	d2 f7       	brpl	.-12     	; 0x7b2 <__fixsfsi+0x60>
     7be:	66 23       	and	r22, r22
     7c0:	b1 f0       	breq	.+44     	; 0x7ee <__fixsfsi+0x9c>
     7c2:	50 95       	com	r21
     7c4:	40 95       	com	r20
     7c6:	30 95       	com	r19
     7c8:	21 95       	neg	r18
     7ca:	3f 4f       	sbci	r19, 0xFF	; 255
     7cc:	4f 4f       	sbci	r20, 0xFF	; 255
     7ce:	5f 4f       	sbci	r21, 0xFF	; 255
     7d0:	0e c0       	rjmp	.+28     	; 0x7ee <__fixsfsi+0x9c>
     7d2:	20 e0       	ldi	r18, 0x00	; 0
     7d4:	30 e0       	ldi	r19, 0x00	; 0
     7d6:	40 e0       	ldi	r20, 0x00	; 0
     7d8:	50 e0       	ldi	r21, 0x00	; 0
     7da:	09 c0       	rjmp	.+18     	; 0x7ee <__fixsfsi+0x9c>
     7dc:	2f ef       	ldi	r18, 0xFF	; 255
     7de:	3f ef       	ldi	r19, 0xFF	; 255
     7e0:	4f ef       	ldi	r20, 0xFF	; 255
     7e2:	5f e7       	ldi	r21, 0x7F	; 127
     7e4:	04 c0       	rjmp	.+8      	; 0x7ee <__fixsfsi+0x9c>
     7e6:	20 e0       	ldi	r18, 0x00	; 0
     7e8:	30 e0       	ldi	r19, 0x00	; 0
     7ea:	40 e0       	ldi	r20, 0x00	; 0
     7ec:	50 e8       	ldi	r21, 0x80	; 128
     7ee:	b9 01       	movw	r22, r18
     7f0:	ca 01       	movw	r24, r20
     7f2:	2c 96       	adiw	r28, 0x0c	; 12
     7f4:	e2 e0       	ldi	r30, 0x02	; 2
     7f6:	0c 94 e7 31 	jmp	0x63ce	; 0x63ce <__epilogue_restores__+0x20>

000007fa <__pack_f>:
     7fa:	df 92       	push	r13
     7fc:	ef 92       	push	r14
     7fe:	ff 92       	push	r15
     800:	0f 93       	push	r16
     802:	1f 93       	push	r17
     804:	fc 01       	movw	r30, r24
     806:	e4 80       	ldd	r14, Z+4	; 0x04
     808:	f5 80       	ldd	r15, Z+5	; 0x05
     80a:	06 81       	ldd	r16, Z+6	; 0x06
     80c:	17 81       	ldd	r17, Z+7	; 0x07
     80e:	d1 80       	ldd	r13, Z+1	; 0x01
     810:	80 81       	ld	r24, Z
     812:	82 30       	cpi	r24, 0x02	; 2
     814:	48 f4       	brcc	.+18     	; 0x828 <__pack_f+0x2e>
     816:	80 e0       	ldi	r24, 0x00	; 0
     818:	90 e0       	ldi	r25, 0x00	; 0
     81a:	a0 e1       	ldi	r26, 0x10	; 16
     81c:	b0 e0       	ldi	r27, 0x00	; 0
     81e:	e8 2a       	or	r14, r24
     820:	f9 2a       	or	r15, r25
     822:	0a 2b       	or	r16, r26
     824:	1b 2b       	or	r17, r27
     826:	a5 c0       	rjmp	.+330    	; 0x972 <__stack+0x113>
     828:	84 30       	cpi	r24, 0x04	; 4
     82a:	09 f4       	brne	.+2      	; 0x82e <__pack_f+0x34>
     82c:	9f c0       	rjmp	.+318    	; 0x96c <__stack+0x10d>
     82e:	82 30       	cpi	r24, 0x02	; 2
     830:	21 f4       	brne	.+8      	; 0x83a <__pack_f+0x40>
     832:	ee 24       	eor	r14, r14
     834:	ff 24       	eor	r15, r15
     836:	87 01       	movw	r16, r14
     838:	05 c0       	rjmp	.+10     	; 0x844 <__pack_f+0x4a>
     83a:	e1 14       	cp	r14, r1
     83c:	f1 04       	cpc	r15, r1
     83e:	01 05       	cpc	r16, r1
     840:	11 05       	cpc	r17, r1
     842:	19 f4       	brne	.+6      	; 0x84a <__pack_f+0x50>
     844:	e0 e0       	ldi	r30, 0x00	; 0
     846:	f0 e0       	ldi	r31, 0x00	; 0
     848:	96 c0       	rjmp	.+300    	; 0x976 <__stack+0x117>
     84a:	62 81       	ldd	r22, Z+2	; 0x02
     84c:	73 81       	ldd	r23, Z+3	; 0x03
     84e:	9f ef       	ldi	r25, 0xFF	; 255
     850:	62 38       	cpi	r22, 0x82	; 130
     852:	79 07       	cpc	r23, r25
     854:	0c f0       	brlt	.+2      	; 0x858 <__pack_f+0x5e>
     856:	5b c0       	rjmp	.+182    	; 0x90e <__stack+0xaf>
     858:	22 e8       	ldi	r18, 0x82	; 130
     85a:	3f ef       	ldi	r19, 0xFF	; 255
     85c:	26 1b       	sub	r18, r22
     85e:	37 0b       	sbc	r19, r23
     860:	2a 31       	cpi	r18, 0x1A	; 26
     862:	31 05       	cpc	r19, r1
     864:	2c f0       	brlt	.+10     	; 0x870 <__stack+0x11>
     866:	20 e0       	ldi	r18, 0x00	; 0
     868:	30 e0       	ldi	r19, 0x00	; 0
     86a:	40 e0       	ldi	r20, 0x00	; 0
     86c:	50 e0       	ldi	r21, 0x00	; 0
     86e:	2a c0       	rjmp	.+84     	; 0x8c4 <__stack+0x65>
     870:	b8 01       	movw	r22, r16
     872:	a7 01       	movw	r20, r14
     874:	02 2e       	mov	r0, r18
     876:	04 c0       	rjmp	.+8      	; 0x880 <__stack+0x21>
     878:	76 95       	lsr	r23
     87a:	67 95       	ror	r22
     87c:	57 95       	ror	r21
     87e:	47 95       	ror	r20
     880:	0a 94       	dec	r0
     882:	d2 f7       	brpl	.-12     	; 0x878 <__stack+0x19>
     884:	81 e0       	ldi	r24, 0x01	; 1
     886:	90 e0       	ldi	r25, 0x00	; 0
     888:	a0 e0       	ldi	r26, 0x00	; 0
     88a:	b0 e0       	ldi	r27, 0x00	; 0
     88c:	04 c0       	rjmp	.+8      	; 0x896 <__stack+0x37>
     88e:	88 0f       	add	r24, r24
     890:	99 1f       	adc	r25, r25
     892:	aa 1f       	adc	r26, r26
     894:	bb 1f       	adc	r27, r27
     896:	2a 95       	dec	r18
     898:	d2 f7       	brpl	.-12     	; 0x88e <__stack+0x2f>
     89a:	01 97       	sbiw	r24, 0x01	; 1
     89c:	a1 09       	sbc	r26, r1
     89e:	b1 09       	sbc	r27, r1
     8a0:	8e 21       	and	r24, r14
     8a2:	9f 21       	and	r25, r15
     8a4:	a0 23       	and	r26, r16
     8a6:	b1 23       	and	r27, r17
     8a8:	00 97       	sbiw	r24, 0x00	; 0
     8aa:	a1 05       	cpc	r26, r1
     8ac:	b1 05       	cpc	r27, r1
     8ae:	21 f0       	breq	.+8      	; 0x8b8 <__stack+0x59>
     8b0:	81 e0       	ldi	r24, 0x01	; 1
     8b2:	90 e0       	ldi	r25, 0x00	; 0
     8b4:	a0 e0       	ldi	r26, 0x00	; 0
     8b6:	b0 e0       	ldi	r27, 0x00	; 0
     8b8:	9a 01       	movw	r18, r20
     8ba:	ab 01       	movw	r20, r22
     8bc:	28 2b       	or	r18, r24
     8be:	39 2b       	or	r19, r25
     8c0:	4a 2b       	or	r20, r26
     8c2:	5b 2b       	or	r21, r27
     8c4:	da 01       	movw	r26, r20
     8c6:	c9 01       	movw	r24, r18
     8c8:	8f 77       	andi	r24, 0x7F	; 127
     8ca:	90 70       	andi	r25, 0x00	; 0
     8cc:	a0 70       	andi	r26, 0x00	; 0
     8ce:	b0 70       	andi	r27, 0x00	; 0
     8d0:	80 34       	cpi	r24, 0x40	; 64
     8d2:	91 05       	cpc	r25, r1
     8d4:	a1 05       	cpc	r26, r1
     8d6:	b1 05       	cpc	r27, r1
     8d8:	39 f4       	brne	.+14     	; 0x8e8 <__stack+0x89>
     8da:	27 ff       	sbrs	r18, 7
     8dc:	09 c0       	rjmp	.+18     	; 0x8f0 <__stack+0x91>
     8de:	20 5c       	subi	r18, 0xC0	; 192
     8e0:	3f 4f       	sbci	r19, 0xFF	; 255
     8e2:	4f 4f       	sbci	r20, 0xFF	; 255
     8e4:	5f 4f       	sbci	r21, 0xFF	; 255
     8e6:	04 c0       	rjmp	.+8      	; 0x8f0 <__stack+0x91>
     8e8:	21 5c       	subi	r18, 0xC1	; 193
     8ea:	3f 4f       	sbci	r19, 0xFF	; 255
     8ec:	4f 4f       	sbci	r20, 0xFF	; 255
     8ee:	5f 4f       	sbci	r21, 0xFF	; 255
     8f0:	e0 e0       	ldi	r30, 0x00	; 0
     8f2:	f0 e0       	ldi	r31, 0x00	; 0
     8f4:	20 30       	cpi	r18, 0x00	; 0
     8f6:	a0 e0       	ldi	r26, 0x00	; 0
     8f8:	3a 07       	cpc	r19, r26
     8fa:	a0 e0       	ldi	r26, 0x00	; 0
     8fc:	4a 07       	cpc	r20, r26
     8fe:	a0 e4       	ldi	r26, 0x40	; 64
     900:	5a 07       	cpc	r21, r26
     902:	10 f0       	brcs	.+4      	; 0x908 <__stack+0xa9>
     904:	e1 e0       	ldi	r30, 0x01	; 1
     906:	f0 e0       	ldi	r31, 0x00	; 0
     908:	79 01       	movw	r14, r18
     90a:	8a 01       	movw	r16, r20
     90c:	27 c0       	rjmp	.+78     	; 0x95c <__stack+0xfd>
     90e:	60 38       	cpi	r22, 0x80	; 128
     910:	71 05       	cpc	r23, r1
     912:	64 f5       	brge	.+88     	; 0x96c <__stack+0x10d>
     914:	fb 01       	movw	r30, r22
     916:	e1 58       	subi	r30, 0x81	; 129
     918:	ff 4f       	sbci	r31, 0xFF	; 255
     91a:	d8 01       	movw	r26, r16
     91c:	c7 01       	movw	r24, r14
     91e:	8f 77       	andi	r24, 0x7F	; 127
     920:	90 70       	andi	r25, 0x00	; 0
     922:	a0 70       	andi	r26, 0x00	; 0
     924:	b0 70       	andi	r27, 0x00	; 0
     926:	80 34       	cpi	r24, 0x40	; 64
     928:	91 05       	cpc	r25, r1
     92a:	a1 05       	cpc	r26, r1
     92c:	b1 05       	cpc	r27, r1
     92e:	39 f4       	brne	.+14     	; 0x93e <__stack+0xdf>
     930:	e7 fe       	sbrs	r14, 7
     932:	0d c0       	rjmp	.+26     	; 0x94e <__stack+0xef>
     934:	80 e4       	ldi	r24, 0x40	; 64
     936:	90 e0       	ldi	r25, 0x00	; 0
     938:	a0 e0       	ldi	r26, 0x00	; 0
     93a:	b0 e0       	ldi	r27, 0x00	; 0
     93c:	04 c0       	rjmp	.+8      	; 0x946 <__stack+0xe7>
     93e:	8f e3       	ldi	r24, 0x3F	; 63
     940:	90 e0       	ldi	r25, 0x00	; 0
     942:	a0 e0       	ldi	r26, 0x00	; 0
     944:	b0 e0       	ldi	r27, 0x00	; 0
     946:	e8 0e       	add	r14, r24
     948:	f9 1e       	adc	r15, r25
     94a:	0a 1f       	adc	r16, r26
     94c:	1b 1f       	adc	r17, r27
     94e:	17 ff       	sbrs	r17, 7
     950:	05 c0       	rjmp	.+10     	; 0x95c <__stack+0xfd>
     952:	16 95       	lsr	r17
     954:	07 95       	ror	r16
     956:	f7 94       	ror	r15
     958:	e7 94       	ror	r14
     95a:	31 96       	adiw	r30, 0x01	; 1
     95c:	87 e0       	ldi	r24, 0x07	; 7
     95e:	16 95       	lsr	r17
     960:	07 95       	ror	r16
     962:	f7 94       	ror	r15
     964:	e7 94       	ror	r14
     966:	8a 95       	dec	r24
     968:	d1 f7       	brne	.-12     	; 0x95e <__stack+0xff>
     96a:	05 c0       	rjmp	.+10     	; 0x976 <__stack+0x117>
     96c:	ee 24       	eor	r14, r14
     96e:	ff 24       	eor	r15, r15
     970:	87 01       	movw	r16, r14
     972:	ef ef       	ldi	r30, 0xFF	; 255
     974:	f0 e0       	ldi	r31, 0x00	; 0
     976:	6e 2f       	mov	r22, r30
     978:	67 95       	ror	r22
     97a:	66 27       	eor	r22, r22
     97c:	67 95       	ror	r22
     97e:	90 2f       	mov	r25, r16
     980:	9f 77       	andi	r25, 0x7F	; 127
     982:	d7 94       	ror	r13
     984:	dd 24       	eor	r13, r13
     986:	d7 94       	ror	r13
     988:	8e 2f       	mov	r24, r30
     98a:	86 95       	lsr	r24
     98c:	49 2f       	mov	r20, r25
     98e:	46 2b       	or	r20, r22
     990:	58 2f       	mov	r21, r24
     992:	5d 29       	or	r21, r13
     994:	b7 01       	movw	r22, r14
     996:	ca 01       	movw	r24, r20
     998:	1f 91       	pop	r17
     99a:	0f 91       	pop	r16
     99c:	ff 90       	pop	r15
     99e:	ef 90       	pop	r14
     9a0:	df 90       	pop	r13
     9a2:	08 95       	ret

000009a4 <__unpack_f>:
     9a4:	fc 01       	movw	r30, r24
     9a6:	db 01       	movw	r26, r22
     9a8:	40 81       	ld	r20, Z
     9aa:	51 81       	ldd	r21, Z+1	; 0x01
     9ac:	22 81       	ldd	r18, Z+2	; 0x02
     9ae:	62 2f       	mov	r22, r18
     9b0:	6f 77       	andi	r22, 0x7F	; 127
     9b2:	70 e0       	ldi	r23, 0x00	; 0
     9b4:	22 1f       	adc	r18, r18
     9b6:	22 27       	eor	r18, r18
     9b8:	22 1f       	adc	r18, r18
     9ba:	93 81       	ldd	r25, Z+3	; 0x03
     9bc:	89 2f       	mov	r24, r25
     9be:	88 0f       	add	r24, r24
     9c0:	82 2b       	or	r24, r18
     9c2:	28 2f       	mov	r18, r24
     9c4:	30 e0       	ldi	r19, 0x00	; 0
     9c6:	99 1f       	adc	r25, r25
     9c8:	99 27       	eor	r25, r25
     9ca:	99 1f       	adc	r25, r25
     9cc:	11 96       	adiw	r26, 0x01	; 1
     9ce:	9c 93       	st	X, r25
     9d0:	11 97       	sbiw	r26, 0x01	; 1
     9d2:	21 15       	cp	r18, r1
     9d4:	31 05       	cpc	r19, r1
     9d6:	a9 f5       	brne	.+106    	; 0xa42 <__unpack_f+0x9e>
     9d8:	41 15       	cp	r20, r1
     9da:	51 05       	cpc	r21, r1
     9dc:	61 05       	cpc	r22, r1
     9de:	71 05       	cpc	r23, r1
     9e0:	11 f4       	brne	.+4      	; 0x9e6 <__unpack_f+0x42>
     9e2:	82 e0       	ldi	r24, 0x02	; 2
     9e4:	37 c0       	rjmp	.+110    	; 0xa54 <__unpack_f+0xb0>
     9e6:	82 e8       	ldi	r24, 0x82	; 130
     9e8:	9f ef       	ldi	r25, 0xFF	; 255
     9ea:	13 96       	adiw	r26, 0x03	; 3
     9ec:	9c 93       	st	X, r25
     9ee:	8e 93       	st	-X, r24
     9f0:	12 97       	sbiw	r26, 0x02	; 2
     9f2:	9a 01       	movw	r18, r20
     9f4:	ab 01       	movw	r20, r22
     9f6:	67 e0       	ldi	r22, 0x07	; 7
     9f8:	22 0f       	add	r18, r18
     9fa:	33 1f       	adc	r19, r19
     9fc:	44 1f       	adc	r20, r20
     9fe:	55 1f       	adc	r21, r21
     a00:	6a 95       	dec	r22
     a02:	d1 f7       	brne	.-12     	; 0x9f8 <__unpack_f+0x54>
     a04:	83 e0       	ldi	r24, 0x03	; 3
     a06:	8c 93       	st	X, r24
     a08:	0d c0       	rjmp	.+26     	; 0xa24 <__unpack_f+0x80>
     a0a:	22 0f       	add	r18, r18
     a0c:	33 1f       	adc	r19, r19
     a0e:	44 1f       	adc	r20, r20
     a10:	55 1f       	adc	r21, r21
     a12:	12 96       	adiw	r26, 0x02	; 2
     a14:	8d 91       	ld	r24, X+
     a16:	9c 91       	ld	r25, X
     a18:	13 97       	sbiw	r26, 0x03	; 3
     a1a:	01 97       	sbiw	r24, 0x01	; 1
     a1c:	13 96       	adiw	r26, 0x03	; 3
     a1e:	9c 93       	st	X, r25
     a20:	8e 93       	st	-X, r24
     a22:	12 97       	sbiw	r26, 0x02	; 2
     a24:	20 30       	cpi	r18, 0x00	; 0
     a26:	80 e0       	ldi	r24, 0x00	; 0
     a28:	38 07       	cpc	r19, r24
     a2a:	80 e0       	ldi	r24, 0x00	; 0
     a2c:	48 07       	cpc	r20, r24
     a2e:	80 e4       	ldi	r24, 0x40	; 64
     a30:	58 07       	cpc	r21, r24
     a32:	58 f3       	brcs	.-42     	; 0xa0a <__unpack_f+0x66>
     a34:	14 96       	adiw	r26, 0x04	; 4
     a36:	2d 93       	st	X+, r18
     a38:	3d 93       	st	X+, r19
     a3a:	4d 93       	st	X+, r20
     a3c:	5c 93       	st	X, r21
     a3e:	17 97       	sbiw	r26, 0x07	; 7
     a40:	08 95       	ret
     a42:	2f 3f       	cpi	r18, 0xFF	; 255
     a44:	31 05       	cpc	r19, r1
     a46:	79 f4       	brne	.+30     	; 0xa66 <__unpack_f+0xc2>
     a48:	41 15       	cp	r20, r1
     a4a:	51 05       	cpc	r21, r1
     a4c:	61 05       	cpc	r22, r1
     a4e:	71 05       	cpc	r23, r1
     a50:	19 f4       	brne	.+6      	; 0xa58 <__unpack_f+0xb4>
     a52:	84 e0       	ldi	r24, 0x04	; 4
     a54:	8c 93       	st	X, r24
     a56:	08 95       	ret
     a58:	64 ff       	sbrs	r22, 4
     a5a:	03 c0       	rjmp	.+6      	; 0xa62 <__unpack_f+0xbe>
     a5c:	81 e0       	ldi	r24, 0x01	; 1
     a5e:	8c 93       	st	X, r24
     a60:	12 c0       	rjmp	.+36     	; 0xa86 <__unpack_f+0xe2>
     a62:	1c 92       	st	X, r1
     a64:	10 c0       	rjmp	.+32     	; 0xa86 <__unpack_f+0xe2>
     a66:	2f 57       	subi	r18, 0x7F	; 127
     a68:	30 40       	sbci	r19, 0x00	; 0
     a6a:	13 96       	adiw	r26, 0x03	; 3
     a6c:	3c 93       	st	X, r19
     a6e:	2e 93       	st	-X, r18
     a70:	12 97       	sbiw	r26, 0x02	; 2
     a72:	83 e0       	ldi	r24, 0x03	; 3
     a74:	8c 93       	st	X, r24
     a76:	87 e0       	ldi	r24, 0x07	; 7
     a78:	44 0f       	add	r20, r20
     a7a:	55 1f       	adc	r21, r21
     a7c:	66 1f       	adc	r22, r22
     a7e:	77 1f       	adc	r23, r23
     a80:	8a 95       	dec	r24
     a82:	d1 f7       	brne	.-12     	; 0xa78 <__unpack_f+0xd4>
     a84:	70 64       	ori	r23, 0x40	; 64
     a86:	14 96       	adiw	r26, 0x04	; 4
     a88:	4d 93       	st	X+, r20
     a8a:	5d 93       	st	X+, r21
     a8c:	6d 93       	st	X+, r22
     a8e:	7c 93       	st	X, r23
     a90:	17 97       	sbiw	r26, 0x07	; 7
     a92:	08 95       	ret

00000a94 <__fpcmp_parts_f>:
     a94:	1f 93       	push	r17
     a96:	dc 01       	movw	r26, r24
     a98:	fb 01       	movw	r30, r22
     a9a:	9c 91       	ld	r25, X
     a9c:	92 30       	cpi	r25, 0x02	; 2
     a9e:	08 f4       	brcc	.+2      	; 0xaa2 <__fpcmp_parts_f+0xe>
     aa0:	47 c0       	rjmp	.+142    	; 0xb30 <__fpcmp_parts_f+0x9c>
     aa2:	80 81       	ld	r24, Z
     aa4:	82 30       	cpi	r24, 0x02	; 2
     aa6:	08 f4       	brcc	.+2      	; 0xaaa <__fpcmp_parts_f+0x16>
     aa8:	43 c0       	rjmp	.+134    	; 0xb30 <__fpcmp_parts_f+0x9c>
     aaa:	94 30       	cpi	r25, 0x04	; 4
     aac:	51 f4       	brne	.+20     	; 0xac2 <__fpcmp_parts_f+0x2e>
     aae:	11 96       	adiw	r26, 0x01	; 1
     ab0:	1c 91       	ld	r17, X
     ab2:	84 30       	cpi	r24, 0x04	; 4
     ab4:	99 f5       	brne	.+102    	; 0xb1c <__fpcmp_parts_f+0x88>
     ab6:	81 81       	ldd	r24, Z+1	; 0x01
     ab8:	68 2f       	mov	r22, r24
     aba:	70 e0       	ldi	r23, 0x00	; 0
     abc:	61 1b       	sub	r22, r17
     abe:	71 09       	sbc	r23, r1
     ac0:	3f c0       	rjmp	.+126    	; 0xb40 <__fpcmp_parts_f+0xac>
     ac2:	84 30       	cpi	r24, 0x04	; 4
     ac4:	21 f0       	breq	.+8      	; 0xace <__fpcmp_parts_f+0x3a>
     ac6:	92 30       	cpi	r25, 0x02	; 2
     ac8:	31 f4       	brne	.+12     	; 0xad6 <__fpcmp_parts_f+0x42>
     aca:	82 30       	cpi	r24, 0x02	; 2
     acc:	b9 f1       	breq	.+110    	; 0xb3c <__fpcmp_parts_f+0xa8>
     ace:	81 81       	ldd	r24, Z+1	; 0x01
     ad0:	88 23       	and	r24, r24
     ad2:	89 f1       	breq	.+98     	; 0xb36 <__fpcmp_parts_f+0xa2>
     ad4:	2d c0       	rjmp	.+90     	; 0xb30 <__fpcmp_parts_f+0x9c>
     ad6:	11 96       	adiw	r26, 0x01	; 1
     ad8:	1c 91       	ld	r17, X
     ada:	11 97       	sbiw	r26, 0x01	; 1
     adc:	82 30       	cpi	r24, 0x02	; 2
     ade:	f1 f0       	breq	.+60     	; 0xb1c <__fpcmp_parts_f+0x88>
     ae0:	81 81       	ldd	r24, Z+1	; 0x01
     ae2:	18 17       	cp	r17, r24
     ae4:	d9 f4       	brne	.+54     	; 0xb1c <__fpcmp_parts_f+0x88>
     ae6:	12 96       	adiw	r26, 0x02	; 2
     ae8:	2d 91       	ld	r18, X+
     aea:	3c 91       	ld	r19, X
     aec:	13 97       	sbiw	r26, 0x03	; 3
     aee:	82 81       	ldd	r24, Z+2	; 0x02
     af0:	93 81       	ldd	r25, Z+3	; 0x03
     af2:	82 17       	cp	r24, r18
     af4:	93 07       	cpc	r25, r19
     af6:	94 f0       	brlt	.+36     	; 0xb1c <__fpcmp_parts_f+0x88>
     af8:	28 17       	cp	r18, r24
     afa:	39 07       	cpc	r19, r25
     afc:	bc f0       	brlt	.+46     	; 0xb2c <__fpcmp_parts_f+0x98>
     afe:	14 96       	adiw	r26, 0x04	; 4
     b00:	8d 91       	ld	r24, X+
     b02:	9d 91       	ld	r25, X+
     b04:	0d 90       	ld	r0, X+
     b06:	bc 91       	ld	r27, X
     b08:	a0 2d       	mov	r26, r0
     b0a:	24 81       	ldd	r18, Z+4	; 0x04
     b0c:	35 81       	ldd	r19, Z+5	; 0x05
     b0e:	46 81       	ldd	r20, Z+6	; 0x06
     b10:	57 81       	ldd	r21, Z+7	; 0x07
     b12:	28 17       	cp	r18, r24
     b14:	39 07       	cpc	r19, r25
     b16:	4a 07       	cpc	r20, r26
     b18:	5b 07       	cpc	r21, r27
     b1a:	18 f4       	brcc	.+6      	; 0xb22 <__fpcmp_parts_f+0x8e>
     b1c:	11 23       	and	r17, r17
     b1e:	41 f0       	breq	.+16     	; 0xb30 <__fpcmp_parts_f+0x9c>
     b20:	0a c0       	rjmp	.+20     	; 0xb36 <__fpcmp_parts_f+0xa2>
     b22:	82 17       	cp	r24, r18
     b24:	93 07       	cpc	r25, r19
     b26:	a4 07       	cpc	r26, r20
     b28:	b5 07       	cpc	r27, r21
     b2a:	40 f4       	brcc	.+16     	; 0xb3c <__fpcmp_parts_f+0xa8>
     b2c:	11 23       	and	r17, r17
     b2e:	19 f0       	breq	.+6      	; 0xb36 <__fpcmp_parts_f+0xa2>
     b30:	61 e0       	ldi	r22, 0x01	; 1
     b32:	70 e0       	ldi	r23, 0x00	; 0
     b34:	05 c0       	rjmp	.+10     	; 0xb40 <__fpcmp_parts_f+0xac>
     b36:	6f ef       	ldi	r22, 0xFF	; 255
     b38:	7f ef       	ldi	r23, 0xFF	; 255
     b3a:	02 c0       	rjmp	.+4      	; 0xb40 <__fpcmp_parts_f+0xac>
     b3c:	60 e0       	ldi	r22, 0x00	; 0
     b3e:	70 e0       	ldi	r23, 0x00	; 0
     b40:	cb 01       	movw	r24, r22
     b42:	1f 91       	pop	r17
     b44:	08 95       	ret

00000b46 <RTOS_vScheduler>:
static u16    G_TaskTiming[MAX_NUM_OF_SYS_TASK] = {0};
Task_t Empty_struct = {0};


static void RTOS_vScheduler(void)
{
     b46:	df 93       	push	r29
     b48:	cf 93       	push	r28
     b4a:	0f 92       	push	r0
     b4c:	cd b7       	in	r28, 0x3d	; 61
     b4e:	de b7       	in	r29, 0x3e	; 62
    for(u8 L_u8counter = 0;L_u8counter< MAX_NUM_OF_SYS_TASK; L_u8counter++)
     b50:	19 82       	std	Y+1, r1	; 0x01
     b52:	74 c0       	rjmp	.+232    	; 0xc3c <RTOS_vScheduler+0xf6>
    {
        // check whether there is a task registered or not
        if(G_SysTasks[L_u8counter].TaskFunction != 0)
     b54:	89 81       	ldd	r24, Y+1	; 0x01
     b56:	28 2f       	mov	r18, r24
     b58:	30 e0       	ldi	r19, 0x00	; 0
     b5a:	c9 01       	movw	r24, r18
     b5c:	88 0f       	add	r24, r24
     b5e:	99 1f       	adc	r25, r25
     b60:	88 0f       	add	r24, r24
     b62:	99 1f       	adc	r25, r25
     b64:	82 0f       	add	r24, r18
     b66:	93 1f       	adc	r25, r19
     b68:	fc 01       	movw	r30, r24
     b6a:	e0 57       	subi	r30, 0x70	; 112
     b6c:	ff 4f       	sbci	r31, 0xFF	; 255
     b6e:	80 81       	ld	r24, Z
     b70:	91 81       	ldd	r25, Z+1	; 0x01
     b72:	00 97       	sbiw	r24, 0x00	; 0
     b74:	09 f4       	brne	.+2      	; 0xb78 <RTOS_vScheduler+0x32>
     b76:	5f c0       	rjmp	.+190    	; 0xc36 <RTOS_vScheduler+0xf0>
        {
            if(G_SysTasks[L_u8counter].State == Running)
     b78:	89 81       	ldd	r24, Y+1	; 0x01
     b7a:	28 2f       	mov	r18, r24
     b7c:	30 e0       	ldi	r19, 0x00	; 0
     b7e:	c9 01       	movw	r24, r18
     b80:	88 0f       	add	r24, r24
     b82:	99 1f       	adc	r25, r25
     b84:	88 0f       	add	r24, r24
     b86:	99 1f       	adc	r25, r25
     b88:	82 0f       	add	r24, r18
     b8a:	93 1f       	adc	r25, r19
     b8c:	fc 01       	movw	r30, r24
     b8e:	ec 56       	subi	r30, 0x6C	; 108
     b90:	ff 4f       	sbci	r31, 0xFF	; 255
     b92:	80 81       	ld	r24, Z
     b94:	81 30       	cpi	r24, 0x01	; 1
     b96:	09 f0       	breq	.+2      	; 0xb9a <RTOS_vScheduler+0x54>
     b98:	4e c0       	rjmp	.+156    	; 0xc36 <RTOS_vScheduler+0xf0>
            {
                // if time to run the task
                if ( G_TaskTiming[L_u8counter]  == 0)
     b9a:	89 81       	ldd	r24, Y+1	; 0x01
     b9c:	88 2f       	mov	r24, r24
     b9e:	90 e0       	ldi	r25, 0x00	; 0
     ba0:	88 0f       	add	r24, r24
     ba2:	99 1f       	adc	r25, r25
     ba4:	fc 01       	movw	r30, r24
     ba6:	ee 53       	subi	r30, 0x3E	; 62
     ba8:	ff 4f       	sbci	r31, 0xFF	; 255
     baa:	80 81       	ld	r24, Z
     bac:	91 81       	ldd	r25, Z+1	; 0x01
     bae:	00 97       	sbiw	r24, 0x00	; 0
     bb0:	61 f5       	brne	.+88     	; 0xc0a <RTOS_vScheduler+0xc4>
                {
                    // call function
                    G_SysTasks[L_u8counter].TaskFunction();
     bb2:	89 81       	ldd	r24, Y+1	; 0x01
     bb4:	28 2f       	mov	r18, r24
     bb6:	30 e0       	ldi	r19, 0x00	; 0
     bb8:	c9 01       	movw	r24, r18
     bba:	88 0f       	add	r24, r24
     bbc:	99 1f       	adc	r25, r25
     bbe:	88 0f       	add	r24, r24
     bc0:	99 1f       	adc	r25, r25
     bc2:	82 0f       	add	r24, r18
     bc4:	93 1f       	adc	r25, r19
     bc6:	fc 01       	movw	r30, r24
     bc8:	e0 57       	subi	r30, 0x70	; 112
     bca:	ff 4f       	sbci	r31, 0xFF	; 255
     bcc:	01 90       	ld	r0, Z+
     bce:	f0 81       	ld	r31, Z
     bd0:	e0 2d       	mov	r30, r0
     bd2:	09 95       	icall

                    // reload tasktiming with periodicity
                    G_TaskTiming[L_u8counter] =  G_SysTasks[L_u8counter].Periodicity;
     bd4:	89 81       	ldd	r24, Y+1	; 0x01
     bd6:	48 2f       	mov	r20, r24
     bd8:	50 e0       	ldi	r21, 0x00	; 0
     bda:	89 81       	ldd	r24, Y+1	; 0x01
     bdc:	28 2f       	mov	r18, r24
     bde:	30 e0       	ldi	r19, 0x00	; 0
     be0:	c9 01       	movw	r24, r18
     be2:	88 0f       	add	r24, r24
     be4:	99 1f       	adc	r25, r25
     be6:	88 0f       	add	r24, r24
     be8:	99 1f       	adc	r25, r25
     bea:	82 0f       	add	r24, r18
     bec:	93 1f       	adc	r25, r19
     bee:	fc 01       	movw	r30, r24
     bf0:	ee 56       	subi	r30, 0x6E	; 110
     bf2:	ff 4f       	sbci	r31, 0xFF	; 255
     bf4:	20 81       	ld	r18, Z
     bf6:	31 81       	ldd	r19, Z+1	; 0x01
     bf8:	ca 01       	movw	r24, r20
     bfa:	88 0f       	add	r24, r24
     bfc:	99 1f       	adc	r25, r25
     bfe:	fc 01       	movw	r30, r24
     c00:	ee 53       	subi	r30, 0x3E	; 62
     c02:	ff 4f       	sbci	r31, 0xFF	; 255
     c04:	31 83       	std	Z+1, r19	; 0x01
     c06:	20 83       	st	Z, r18
     c08:	16 c0       	rjmp	.+44     	; 0xc36 <RTOS_vScheduler+0xf0>

                }else{
                    G_TaskTiming[L_u8counter]--;
     c0a:	89 81       	ldd	r24, Y+1	; 0x01
     c0c:	28 2f       	mov	r18, r24
     c0e:	30 e0       	ldi	r19, 0x00	; 0
     c10:	c9 01       	movw	r24, r18
     c12:	88 0f       	add	r24, r24
     c14:	99 1f       	adc	r25, r25
     c16:	fc 01       	movw	r30, r24
     c18:	ee 53       	subi	r30, 0x3E	; 62
     c1a:	ff 4f       	sbci	r31, 0xFF	; 255
     c1c:	80 81       	ld	r24, Z
     c1e:	91 81       	ldd	r25, Z+1	; 0x01
     c20:	ac 01       	movw	r20, r24
     c22:	41 50       	subi	r20, 0x01	; 1
     c24:	50 40       	sbci	r21, 0x00	; 0
     c26:	c9 01       	movw	r24, r18
     c28:	88 0f       	add	r24, r24
     c2a:	99 1f       	adc	r25, r25
     c2c:	fc 01       	movw	r30, r24
     c2e:	ee 53       	subi	r30, 0x3E	; 62
     c30:	ff 4f       	sbci	r31, 0xFF	; 255
     c32:	51 83       	std	Z+1, r21	; 0x01
     c34:	40 83       	st	Z, r20
Task_t Empty_struct = {0};


static void RTOS_vScheduler(void)
{
    for(u8 L_u8counter = 0;L_u8counter< MAX_NUM_OF_SYS_TASK; L_u8counter++)
     c36:	89 81       	ldd	r24, Y+1	; 0x01
     c38:	8f 5f       	subi	r24, 0xFF	; 255
     c3a:	89 83       	std	Y+1, r24	; 0x01
     c3c:	89 81       	ldd	r24, Y+1	; 0x01
     c3e:	8a 30       	cpi	r24, 0x0A	; 10
     c40:	08 f4       	brcc	.+2      	; 0xc44 <RTOS_vScheduler+0xfe>
     c42:	88 cf       	rjmp	.-240    	; 0xb54 <RTOS_vScheduler+0xe>
                    G_TaskTiming[L_u8counter]--;
                }
            }
        }
    }
}
     c44:	0f 90       	pop	r0
     c46:	cf 91       	pop	r28
     c48:	df 91       	pop	r29
     c4a:	08 95       	ret

00000c4c <RTOS_vStartOS>:

void RTOS_vStartOS(void)
{
     c4c:	df 93       	push	r29
     c4e:	cf 93       	push	r28
     c50:	cd b7       	in	r28, 0x3d	; 61
     c52:	de b7       	in	r29, 0x3e	; 62
    MTIMERS_vInit(); // timer0 , enable interrupt
     c54:	0e 94 b7 08 	call	0x116e	; 0x116e <MTIMERS_vInit>
    MTIMERS_vSetInterval_CTC(RTOS_vScheduler, 40); // ps = 8, count=40 , ocr = 250. suppose required tick time = 10ms
     c58:	83 ea       	ldi	r24, 0xA3	; 163
     c5a:	95 e0       	ldi	r25, 0x05	; 5
     c5c:	48 e2       	ldi	r20, 0x28	; 40
     c5e:	50 e0       	ldi	r21, 0x00	; 0
     c60:	60 e0       	ldi	r22, 0x00	; 0
     c62:	70 e0       	ldi	r23, 0x00	; 0
     c64:	0e 94 56 0a 	call	0x14ac	; 0x14ac <MTIMERS_vSetInterval_CTC>
     MTIMERS_vSetCompareMatch(TIM_0,250);
     c68:	80 e0       	ldi	r24, 0x00	; 0
     c6a:	6a ef       	ldi	r22, 0xFA	; 250
     c6c:	70 e0       	ldi	r23, 0x00	; 0
     c6e:	0e 94 aa 09 	call	0x1354	; 0x1354 <MTIMERS_vSetCompareMatch>
    MTIMERS_vStartTimer(TIM_0);
     c72:	80 e0       	ldi	r24, 0x00	; 0
     c74:	0e 94 3d 09 	call	0x127a	; 0x127a <MTIMERS_vStartTimer>

}
     c78:	cf 91       	pop	r28
     c7a:	df 91       	pop	r29
     c7c:	08 95       	ret

00000c7e <RTOS_u8CreateTask>:

u8 RTOS_u8CreateTask(void (*Fptr)(void), u16 A_u16Periodicity, u8 A_u8Priority, u8 A_u8FirstDelay)
{
     c7e:	df 93       	push	r29
     c80:	cf 93       	push	r28
     c82:	cd b7       	in	r28, 0x3d	; 61
     c84:	de b7       	in	r29, 0x3e	; 62
     c86:	27 97       	sbiw	r28, 0x07	; 7
     c88:	0f b6       	in	r0, 0x3f	; 63
     c8a:	f8 94       	cli
     c8c:	de bf       	out	0x3e, r29	; 62
     c8e:	0f be       	out	0x3f, r0	; 63
     c90:	cd bf       	out	0x3d, r28	; 61
     c92:	9b 83       	std	Y+3, r25	; 0x03
     c94:	8a 83       	std	Y+2, r24	; 0x02
     c96:	7d 83       	std	Y+5, r23	; 0x05
     c98:	6c 83       	std	Y+4, r22	; 0x04
     c9a:	4e 83       	std	Y+6, r20	; 0x06
     c9c:	2f 83       	std	Y+7, r18	; 0x07
    u8 L_u8ErrorState = 0;
     c9e:	19 82       	std	Y+1, r1	; 0x01

    // range validation
    if((A_u8Priority >=0) && (A_u8Priority < MAX_NUM_OF_SYS_TASK))
     ca0:	8e 81       	ldd	r24, Y+6	; 0x06
     ca2:	8a 30       	cpi	r24, 0x0A	; 10
     ca4:	08 f0       	brcs	.+2      	; 0xca8 <RTOS_u8CreateTask+0x2a>
     ca6:	55 c0       	rjmp	.+170    	; 0xd52 <RTOS_u8CreateTask+0xd4>
    {
        // if this index is free (no tasks reserved here)
        if( G_SysTasks[A_u8Priority].TaskFunction == 0)
     ca8:	8e 81       	ldd	r24, Y+6	; 0x06
     caa:	28 2f       	mov	r18, r24
     cac:	30 e0       	ldi	r19, 0x00	; 0
     cae:	c9 01       	movw	r24, r18
     cb0:	88 0f       	add	r24, r24
     cb2:	99 1f       	adc	r25, r25
     cb4:	88 0f       	add	r24, r24
     cb6:	99 1f       	adc	r25, r25
     cb8:	82 0f       	add	r24, r18
     cba:	93 1f       	adc	r25, r19
     cbc:	fc 01       	movw	r30, r24
     cbe:	e0 57       	subi	r30, 0x70	; 112
     cc0:	ff 4f       	sbci	r31, 0xFF	; 255
     cc2:	80 81       	ld	r24, Z
     cc4:	91 81       	ldd	r25, Z+1	; 0x01
     cc6:	00 97       	sbiw	r24, 0x00	; 0
     cc8:	09 f0       	breq	.+2      	; 0xccc <RTOS_u8CreateTask+0x4e>
     cca:	40 c0       	rjmp	.+128    	; 0xd4c <RTOS_u8CreateTask+0xce>
        {
            G_SysTasks[A_u8Priority].TaskFunction =  Fptr;
     ccc:	8e 81       	ldd	r24, Y+6	; 0x06
     cce:	28 2f       	mov	r18, r24
     cd0:	30 e0       	ldi	r19, 0x00	; 0
     cd2:	c9 01       	movw	r24, r18
     cd4:	88 0f       	add	r24, r24
     cd6:	99 1f       	adc	r25, r25
     cd8:	88 0f       	add	r24, r24
     cda:	99 1f       	adc	r25, r25
     cdc:	82 0f       	add	r24, r18
     cde:	93 1f       	adc	r25, r19
     ce0:	fc 01       	movw	r30, r24
     ce2:	e0 57       	subi	r30, 0x70	; 112
     ce4:	ff 4f       	sbci	r31, 0xFF	; 255
     ce6:	8a 81       	ldd	r24, Y+2	; 0x02
     ce8:	9b 81       	ldd	r25, Y+3	; 0x03
     cea:	91 83       	std	Z+1, r25	; 0x01
     cec:	80 83       	st	Z, r24
            G_SysTasks[A_u8Priority].Periodicity  =  A_u16Periodicity;
     cee:	8e 81       	ldd	r24, Y+6	; 0x06
     cf0:	28 2f       	mov	r18, r24
     cf2:	30 e0       	ldi	r19, 0x00	; 0
     cf4:	c9 01       	movw	r24, r18
     cf6:	88 0f       	add	r24, r24
     cf8:	99 1f       	adc	r25, r25
     cfa:	88 0f       	add	r24, r24
     cfc:	99 1f       	adc	r25, r25
     cfe:	82 0f       	add	r24, r18
     d00:	93 1f       	adc	r25, r19
     d02:	fc 01       	movw	r30, r24
     d04:	ee 56       	subi	r30, 0x6E	; 110
     d06:	ff 4f       	sbci	r31, 0xFF	; 255
     d08:	8c 81       	ldd	r24, Y+4	; 0x04
     d0a:	9d 81       	ldd	r25, Y+5	; 0x05
     d0c:	91 83       	std	Z+1, r25	; 0x01
     d0e:	80 83       	st	Z, r24
            G_SysTasks[A_u8Priority].State        =  Running;
     d10:	8e 81       	ldd	r24, Y+6	; 0x06
     d12:	28 2f       	mov	r18, r24
     d14:	30 e0       	ldi	r19, 0x00	; 0
     d16:	c9 01       	movw	r24, r18
     d18:	88 0f       	add	r24, r24
     d1a:	99 1f       	adc	r25, r25
     d1c:	88 0f       	add	r24, r24
     d1e:	99 1f       	adc	r25, r25
     d20:	82 0f       	add	r24, r18
     d22:	93 1f       	adc	r25, r19
     d24:	fc 01       	movw	r30, r24
     d26:	ec 56       	subi	r30, 0x6C	; 108
     d28:	ff 4f       	sbci	r31, 0xFF	; 255
     d2a:	81 e0       	ldi	r24, 0x01	; 1
     d2c:	80 83       	st	Z, r24

            G_TaskTiming[A_u8Priority]            =  A_u8FirstDelay;
     d2e:	8e 81       	ldd	r24, Y+6	; 0x06
     d30:	28 2f       	mov	r18, r24
     d32:	30 e0       	ldi	r19, 0x00	; 0
     d34:	8f 81       	ldd	r24, Y+7	; 0x07
     d36:	48 2f       	mov	r20, r24
     d38:	50 e0       	ldi	r21, 0x00	; 0
     d3a:	c9 01       	movw	r24, r18
     d3c:	88 0f       	add	r24, r24
     d3e:	99 1f       	adc	r25, r25
     d40:	fc 01       	movw	r30, r24
     d42:	ee 53       	subi	r30, 0x3E	; 62
     d44:	ff 4f       	sbci	r31, 0xFF	; 255
     d46:	51 83       	std	Z+1, r21	; 0x01
     d48:	40 83       	st	Z, r20
     d4a:	05 c0       	rjmp	.+10     	; 0xd56 <RTOS_u8CreateTask+0xd8>
        }else{
            //  reserved task with the same priority
            L_u8ErrorState = PRIORITY_COLLISION;
     d4c:	82 e0       	ldi	r24, 0x02	; 2
     d4e:	89 83       	std	Y+1, r24	; 0x01
     d50:	02 c0       	rjmp	.+4      	; 0xd56 <RTOS_u8CreateTask+0xd8>
        }
    }else
    {
        L_u8ErrorState = OUT_OF_BOUNDRY;
     d52:	81 e0       	ldi	r24, 0x01	; 1
     d54:	89 83       	std	Y+1, r24	; 0x01
    }

    return L_u8ErrorState;
     d56:	89 81       	ldd	r24, Y+1	; 0x01
}
     d58:	27 96       	adiw	r28, 0x07	; 7
     d5a:	0f b6       	in	r0, 0x3f	; 63
     d5c:	f8 94       	cli
     d5e:	de bf       	out	0x3e, r29	; 62
     d60:	0f be       	out	0x3f, r0	; 63
     d62:	cd bf       	out	0x3d, r28	; 61
     d64:	cf 91       	pop	r28
     d66:	df 91       	pop	r29
     d68:	08 95       	ret

00000d6a <RTOS_DeleteTask>:

u8 RTOS_DeleteTask(u8 A_u8Priority)
{
     d6a:	df 93       	push	r29
     d6c:	cf 93       	push	r28
     d6e:	cd b7       	in	r28, 0x3d	; 61
     d70:	de b7       	in	r29, 0x3e	; 62
     d72:	27 97       	sbiw	r28, 0x07	; 7
     d74:	0f b6       	in	r0, 0x3f	; 63
     d76:	f8 94       	cli
     d78:	de bf       	out	0x3e, r29	; 62
     d7a:	0f be       	out	0x3f, r0	; 63
     d7c:	cd bf       	out	0x3d, r28	; 61
     d7e:	8a 83       	std	Y+2, r24	; 0x02
    u8 L_u8ErrorState = 0;
     d80:	19 82       	std	Y+1, r1	; 0x01

    // check whether there is a registered task??
    if(G_SysTasks[A_u8Priority].TaskFunction != 0)
     d82:	8a 81       	ldd	r24, Y+2	; 0x02
     d84:	28 2f       	mov	r18, r24
     d86:	30 e0       	ldi	r19, 0x00	; 0
     d88:	c9 01       	movw	r24, r18
     d8a:	88 0f       	add	r24, r24
     d8c:	99 1f       	adc	r25, r25
     d8e:	88 0f       	add	r24, r24
     d90:	99 1f       	adc	r25, r25
     d92:	82 0f       	add	r24, r18
     d94:	93 1f       	adc	r25, r19
     d96:	fc 01       	movw	r30, r24
     d98:	e0 57       	subi	r30, 0x70	; 112
     d9a:	ff 4f       	sbci	r31, 0xFF	; 255
     d9c:	80 81       	ld	r24, Z
     d9e:	91 81       	ldd	r25, Z+1	; 0x01
     da0:	00 97       	sbiw	r24, 0x00	; 0
     da2:	59 f1       	breq	.+86     	; 0xdfa <RTOS_DeleteTask+0x90>
    {
        G_SysTasks[A_u8Priority] = Empty_struct;
     da4:	8a 81       	ldd	r24, Y+2	; 0x02
     da6:	28 2f       	mov	r18, r24
     da8:	30 e0       	ldi	r19, 0x00	; 0
     daa:	c9 01       	movw	r24, r18
     dac:	88 0f       	add	r24, r24
     dae:	99 1f       	adc	r25, r25
     db0:	88 0f       	add	r24, r24
     db2:	99 1f       	adc	r25, r25
     db4:	82 0f       	add	r24, r18
     db6:	93 1f       	adc	r25, r19
     db8:	80 57       	subi	r24, 0x70	; 112
     dba:	9f 4f       	sbci	r25, 0xFF	; 255
     dbc:	9c 83       	std	Y+4, r25	; 0x04
     dbe:	8b 83       	std	Y+3, r24	; 0x03
     dc0:	86 ed       	ldi	r24, 0xD6	; 214
     dc2:	90 e0       	ldi	r25, 0x00	; 0
     dc4:	9e 83       	std	Y+6, r25	; 0x06
     dc6:	8d 83       	std	Y+5, r24	; 0x05
     dc8:	95 e0       	ldi	r25, 0x05	; 5
     dca:	9f 83       	std	Y+7, r25	; 0x07
     dcc:	ed 81       	ldd	r30, Y+5	; 0x05
     dce:	fe 81       	ldd	r31, Y+6	; 0x06
     dd0:	00 80       	ld	r0, Z
     dd2:	8d 81       	ldd	r24, Y+5	; 0x05
     dd4:	9e 81       	ldd	r25, Y+6	; 0x06
     dd6:	01 96       	adiw	r24, 0x01	; 1
     dd8:	9e 83       	std	Y+6, r25	; 0x06
     dda:	8d 83       	std	Y+5, r24	; 0x05
     ddc:	eb 81       	ldd	r30, Y+3	; 0x03
     dde:	fc 81       	ldd	r31, Y+4	; 0x04
     de0:	00 82       	st	Z, r0
     de2:	8b 81       	ldd	r24, Y+3	; 0x03
     de4:	9c 81       	ldd	r25, Y+4	; 0x04
     de6:	01 96       	adiw	r24, 0x01	; 1
     de8:	9c 83       	std	Y+4, r25	; 0x04
     dea:	8b 83       	std	Y+3, r24	; 0x03
     dec:	9f 81       	ldd	r25, Y+7	; 0x07
     dee:	91 50       	subi	r25, 0x01	; 1
     df0:	9f 83       	std	Y+7, r25	; 0x07
     df2:	ef 81       	ldd	r30, Y+7	; 0x07
     df4:	ee 23       	and	r30, r30
     df6:	51 f7       	brne	.-44     	; 0xdcc <RTOS_DeleteTask+0x62>
     df8:	02 c0       	rjmp	.+4      	; 0xdfe <RTOS_DeleteTask+0x94>
    }else
    {
        L_u8ErrorState = NO_TASK_EXISTS;
     dfa:	83 e0       	ldi	r24, 0x03	; 3
     dfc:	89 83       	std	Y+1, r24	; 0x01
    }

    return L_u8ErrorState;
     dfe:	89 81       	ldd	r24, Y+1	; 0x01
}
     e00:	27 96       	adiw	r28, 0x07	; 7
     e02:	0f b6       	in	r0, 0x3f	; 63
     e04:	f8 94       	cli
     e06:	de bf       	out	0x3e, r29	; 62
     e08:	0f be       	out	0x3f, r0	; 63
     e0a:	cd bf       	out	0x3d, r28	; 61
     e0c:	cf 91       	pop	r28
     e0e:	df 91       	pop	r29
     e10:	08 95       	ret

00000e12 <RTOS_SuspendTask>:


u8 RTOS_SuspendTask(u8 A_u8Priority)
{
     e12:	df 93       	push	r29
     e14:	cf 93       	push	r28
     e16:	00 d0       	rcall	.+0      	; 0xe18 <RTOS_SuspendTask+0x6>
     e18:	cd b7       	in	r28, 0x3d	; 61
     e1a:	de b7       	in	r29, 0x3e	; 62
     e1c:	8a 83       	std	Y+2, r24	; 0x02
    u8 L_u8ErrorState = 0;
     e1e:	19 82       	std	Y+1, r1	; 0x01

    // check whether there is a registered task??
    if(G_SysTasks[A_u8Priority].TaskFunction != 0)
     e20:	8a 81       	ldd	r24, Y+2	; 0x02
     e22:	28 2f       	mov	r18, r24
     e24:	30 e0       	ldi	r19, 0x00	; 0
     e26:	c9 01       	movw	r24, r18
     e28:	88 0f       	add	r24, r24
     e2a:	99 1f       	adc	r25, r25
     e2c:	88 0f       	add	r24, r24
     e2e:	99 1f       	adc	r25, r25
     e30:	82 0f       	add	r24, r18
     e32:	93 1f       	adc	r25, r19
     e34:	fc 01       	movw	r30, r24
     e36:	e0 57       	subi	r30, 0x70	; 112
     e38:	ff 4f       	sbci	r31, 0xFF	; 255
     e3a:	80 81       	ld	r24, Z
     e3c:	91 81       	ldd	r25, Z+1	; 0x01
     e3e:	00 97       	sbiw	r24, 0x00	; 0
     e40:	79 f0       	breq	.+30     	; 0xe60 <RTOS_SuspendTask+0x4e>
    {
        G_SysTasks[A_u8Priority].State = Suspended;
     e42:	8a 81       	ldd	r24, Y+2	; 0x02
     e44:	28 2f       	mov	r18, r24
     e46:	30 e0       	ldi	r19, 0x00	; 0
     e48:	c9 01       	movw	r24, r18
     e4a:	88 0f       	add	r24, r24
     e4c:	99 1f       	adc	r25, r25
     e4e:	88 0f       	add	r24, r24
     e50:	99 1f       	adc	r25, r25
     e52:	82 0f       	add	r24, r18
     e54:	93 1f       	adc	r25, r19
     e56:	fc 01       	movw	r30, r24
     e58:	ec 56       	subi	r30, 0x6C	; 108
     e5a:	ff 4f       	sbci	r31, 0xFF	; 255
     e5c:	10 82       	st	Z, r1
     e5e:	02 c0       	rjmp	.+4      	; 0xe64 <RTOS_SuspendTask+0x52>
    }else
    {
        L_u8ErrorState = NO_TASK_EXISTS;
     e60:	83 e0       	ldi	r24, 0x03	; 3
     e62:	89 83       	std	Y+1, r24	; 0x01
    }

    return L_u8ErrorState;
     e64:	89 81       	ldd	r24, Y+1	; 0x01
}
     e66:	0f 90       	pop	r0
     e68:	0f 90       	pop	r0
     e6a:	cf 91       	pop	r28
     e6c:	df 91       	pop	r29
     e6e:	08 95       	ret

00000e70 <RTOS_ResumeTask>:

u8 RTOS_ResumeTask(u8 A_u8Priority)
{
     e70:	df 93       	push	r29
     e72:	cf 93       	push	r28
     e74:	00 d0       	rcall	.+0      	; 0xe76 <RTOS_ResumeTask+0x6>
     e76:	cd b7       	in	r28, 0x3d	; 61
     e78:	de b7       	in	r29, 0x3e	; 62
     e7a:	8a 83       	std	Y+2, r24	; 0x02
    u8 L_u8ErrorState = 0;
     e7c:	19 82       	std	Y+1, r1	; 0x01

    // check whether there is a registered task??
    if(G_SysTasks[A_u8Priority].TaskFunction != 0)
     e7e:	8a 81       	ldd	r24, Y+2	; 0x02
     e80:	28 2f       	mov	r18, r24
     e82:	30 e0       	ldi	r19, 0x00	; 0
     e84:	c9 01       	movw	r24, r18
     e86:	88 0f       	add	r24, r24
     e88:	99 1f       	adc	r25, r25
     e8a:	88 0f       	add	r24, r24
     e8c:	99 1f       	adc	r25, r25
     e8e:	82 0f       	add	r24, r18
     e90:	93 1f       	adc	r25, r19
     e92:	fc 01       	movw	r30, r24
     e94:	e0 57       	subi	r30, 0x70	; 112
     e96:	ff 4f       	sbci	r31, 0xFF	; 255
     e98:	80 81       	ld	r24, Z
     e9a:	91 81       	ldd	r25, Z+1	; 0x01
     e9c:	00 97       	sbiw	r24, 0x00	; 0
     e9e:	81 f0       	breq	.+32     	; 0xec0 <RTOS_ResumeTask+0x50>
    {
        G_SysTasks[A_u8Priority].State = Running;
     ea0:	8a 81       	ldd	r24, Y+2	; 0x02
     ea2:	28 2f       	mov	r18, r24
     ea4:	30 e0       	ldi	r19, 0x00	; 0
     ea6:	c9 01       	movw	r24, r18
     ea8:	88 0f       	add	r24, r24
     eaa:	99 1f       	adc	r25, r25
     eac:	88 0f       	add	r24, r24
     eae:	99 1f       	adc	r25, r25
     eb0:	82 0f       	add	r24, r18
     eb2:	93 1f       	adc	r25, r19
     eb4:	fc 01       	movw	r30, r24
     eb6:	ec 56       	subi	r30, 0x6C	; 108
     eb8:	ff 4f       	sbci	r31, 0xFF	; 255
     eba:	81 e0       	ldi	r24, 0x01	; 1
     ebc:	80 83       	st	Z, r24
     ebe:	02 c0       	rjmp	.+4      	; 0xec4 <RTOS_ResumeTask+0x54>
    }else
    {
        L_u8ErrorState = NO_TASK_EXISTS;
     ec0:	83 e0       	ldi	r24, 0x03	; 3
     ec2:	89 83       	std	Y+1, r24	; 0x01
    }

    return L_u8ErrorState;
     ec4:	89 81       	ldd	r24, Y+1	; 0x01
}
     ec6:	0f 90       	pop	r0
     ec8:	0f 90       	pop	r0
     eca:	cf 91       	pop	r28
     ecc:	df 91       	pop	r29
     ece:	08 95       	ret

00000ed0 <MWDT_vEnable>:
#include "WDT_prv.h"
#include "WDT_int.h"
#include "WDT_cfg.h"

void MWDT_vEnable(void)
{
     ed0:	df 93       	push	r29
     ed2:	cf 93       	push	r28
     ed4:	cd b7       	in	r28, 0x3d	; 61
     ed6:	de b7       	in	r29, 0x3e	; 62
	SET_BIT(WDTCR , 3);
     ed8:	a1 e4       	ldi	r26, 0x41	; 65
     eda:	b0 e0       	ldi	r27, 0x00	; 0
     edc:	e1 e4       	ldi	r30, 0x41	; 65
     ede:	f0 e0       	ldi	r31, 0x00	; 0
     ee0:	80 81       	ld	r24, Z
     ee2:	88 60       	ori	r24, 0x08	; 8
     ee4:	8c 93       	st	X, r24
}
     ee6:	cf 91       	pop	r28
     ee8:	df 91       	pop	r29
     eea:	08 95       	ret

00000eec <MWDT_vDisable>:

void MWDT_vDisable(void)
{
     eec:	df 93       	push	r29
     eee:	cf 93       	push	r28
     ef0:	cd b7       	in	r28, 0x3d	; 61
     ef2:	de b7       	in	r29, 0x3e	; 62
	WDTCR |= 0b00011000 ;
     ef4:	a1 e4       	ldi	r26, 0x41	; 65
     ef6:	b0 e0       	ldi	r27, 0x00	; 0
     ef8:	e1 e4       	ldi	r30, 0x41	; 65
     efa:	f0 e0       	ldi	r31, 0x00	; 0
     efc:	80 81       	ld	r24, Z
     efe:	88 61       	ori	r24, 0x18	; 24
     f00:	8c 93       	st	X, r24

	WDTCR =	0;
     f02:	e1 e4       	ldi	r30, 0x41	; 65
     f04:	f0 e0       	ldi	r31, 0x00	; 0
     f06:	10 82       	st	Z, r1
}
     f08:	cf 91       	pop	r28
     f0a:	df 91       	pop	r29
     f0c:	08 95       	ret

00000f0e <MWDT_vSleep>:

void MWDT_vSleep(void)
{
     f0e:	df 93       	push	r29
     f10:	cf 93       	push	r28
     f12:	cd b7       	in	r28, 0x3d	; 61
     f14:	de b7       	in	r29, 0x3e	; 62
	WDTCR &=0xF8;
     f16:	a1 e4       	ldi	r26, 0x41	; 65
     f18:	b0 e0       	ldi	r27, 0x00	; 0
     f1a:	e1 e4       	ldi	r30, 0x41	; 65
     f1c:	f0 e0       	ldi	r31, 0x00	; 0
     f1e:	80 81       	ld	r24, Z
     f20:	88 7f       	andi	r24, 0xF8	; 248
     f22:	8c 93       	st	X, r24
	WDTCR |= WDT_PRESCALLER;
     f24:	a1 e4       	ldi	r26, 0x41	; 65
     f26:	b0 e0       	ldi	r27, 0x00	; 0
     f28:	e1 e4       	ldi	r30, 0x41	; 65
     f2a:	f0 e0       	ldi	r31, 0x00	; 0
     f2c:	80 81       	ld	r24, Z
     f2e:	87 60       	ori	r24, 0x07	; 7
     f30:	8c 93       	st	X, r24
}
     f32:	cf 91       	pop	r28
     f34:	df 91       	pop	r29
     f36:	08 95       	ret

00000f38 <MUART_vInit>:
#include "UART_prv.h"



void MUART_vInit(void)
{
     f38:	df 93       	push	r29
     f3a:	cf 93       	push	r28
     f3c:	cd b7       	in	r28, 0x3d	; 61
     f3e:	de b7       	in	r29, 0x3e	; 62
	//2 way communication
	UCSRB = 0b00011000;
     f40:	ea e2       	ldi	r30, 0x2A	; 42
     f42:	f0 e0       	ldi	r31, 0x00	; 0
     f44:	88 e1       	ldi	r24, 0x18	; 24
     f46:	80 83       	st	Z, r24
	//enable ucsrc |asyn|no parity| 1 stop bit |8bit data|
     UCSRC = 0b10000110;
     f48:	e0 e4       	ldi	r30, 0x40	; 64
     f4a:	f0 e0       	ldi	r31, 0x00	; 0
     f4c:	86 e8       	ldi	r24, 0x86	; 134
     f4e:	80 83       	st	Z, r24

     //boud rate 9600
     UBRRL = 51 ;
     f50:	e9 e2       	ldi	r30, 0x29	; 41
     f52:	f0 e0       	ldi	r31, 0x00	; 0
     f54:	83 e3       	ldi	r24, 0x33	; 51
     f56:	80 83       	st	Z, r24
     UBRRH = 0 ;
     f58:	e0 e4       	ldi	r30, 0x40	; 64
     f5a:	f0 e0       	ldi	r31, 0x00	; 0
     f5c:	10 82       	st	Z, r1


}
     f5e:	cf 91       	pop	r28
     f60:	df 91       	pop	r29
     f62:	08 95       	ret

00000f64 <MUART_vTransmit>:

void MUART_vTransmit(u8 A_u8Byte)
{
     f64:	df 93       	push	r29
     f66:	cf 93       	push	r28
     f68:	0f 92       	push	r0
     f6a:	cd b7       	in	r28, 0x3d	; 61
     f6c:	de b7       	in	r29, 0x3e	; 62
     f6e:	89 83       	std	Y+1, r24	; 0x01
   //UDR
	//wait till udr reg is ready
	while(!GET_BIT(UCSRA , 5));
     f70:	eb e2       	ldi	r30, 0x2B	; 43
     f72:	f0 e0       	ldi	r31, 0x00	; 0
     f74:	80 81       	ld	r24, Z
     f76:	82 95       	swap	r24
     f78:	86 95       	lsr	r24
     f7a:	87 70       	andi	r24, 0x07	; 7
     f7c:	88 2f       	mov	r24, r24
     f7e:	90 e0       	ldi	r25, 0x00	; 0
     f80:	81 70       	andi	r24, 0x01	; 1
     f82:	90 70       	andi	r25, 0x00	; 0
     f84:	00 97       	sbiw	r24, 0x00	; 0
     f86:	a1 f3       	breq	.-24     	; 0xf70 <MUART_vTransmit+0xc>

	UDR = A_u8Byte;
     f88:	ec e2       	ldi	r30, 0x2C	; 44
     f8a:	f0 e0       	ldi	r31, 0x00	; 0
     f8c:	89 81       	ldd	r24, Y+1	; 0x01
     f8e:	80 83       	st	Z, r24
}
     f90:	0f 90       	pop	r0
     f92:	cf 91       	pop	r28
     f94:	df 91       	pop	r29
     f96:	08 95       	ret

00000f98 <MUART_u8Receive>:

u8 MUART_u8Receive(void){
     f98:	df 93       	push	r29
     f9a:	cf 93       	push	r28
     f9c:	cd b7       	in	r28, 0x3d	; 61
     f9e:	de b7       	in	r29, 0x3e	; 62

	while(!GET_BIT(UCSRA , 7));
     fa0:	eb e2       	ldi	r30, 0x2B	; 43
     fa2:	f0 e0       	ldi	r31, 0x00	; 0
     fa4:	80 81       	ld	r24, Z
     fa6:	88 23       	and	r24, r24
     fa8:	dc f7       	brge	.-10     	; 0xfa0 <MUART_u8Receive+0x8>
	return UDR ;
     faa:	ec e2       	ldi	r30, 0x2C	; 44
     fac:	f0 e0       	ldi	r31, 0x00	; 0
     fae:	80 81       	ld	r24, Z

}
     fb0:	cf 91       	pop	r28
     fb2:	df 91       	pop	r29
     fb4:	08 95       	ret

00000fb6 <MTWI_vInit>:
#include "../../LIB/BIT_MATH.h"
#include "TWI_int.h"
#include "TWI_prv.h"

void MTWI_vInit(void)
{
     fb6:	df 93       	push	r29
     fb8:	cf 93       	push	r28
     fba:	cd b7       	in	r28, 0x3d	; 61
     fbc:	de b7       	in	r29, 0x3e	; 62


	TWBR = 32 ;
     fbe:	e0 e2       	ldi	r30, 0x20	; 32
     fc0:	f0 e0       	ldi	r31, 0x00	; 0
     fc2:	80 e2       	ldi	r24, 0x20	; 32
     fc4:	80 83       	st	Z, r24
}
     fc6:	cf 91       	pop	r28
     fc8:	df 91       	pop	r29
     fca:	08 95       	ret

00000fcc <MTWI_u8SendStartCondition>:

u8 MTWI_u8SendStartCondition(void)
{
     fcc:	df 93       	push	r29
     fce:	cf 93       	push	r28
     fd0:	cd b7       	in	r28, 0x3d	; 61
     fd2:	de b7       	in	r29, 0x3e	; 62
	TWCR = (1 << TWINT)|(1 << TWSTA)|(1<<TWEN);
     fd4:	e6 e5       	ldi	r30, 0x56	; 86
     fd6:	f0 e0       	ldi	r31, 0x00	; 0
     fd8:	84 ea       	ldi	r24, 0xA4	; 164
     fda:	80 83       	st	Z, r24

	while(!(TWCR & (1<<TWINT)));
     fdc:	e6 e5       	ldi	r30, 0x56	; 86
     fde:	f0 e0       	ldi	r31, 0x00	; 0
     fe0:	80 81       	ld	r24, Z
     fe2:	88 23       	and	r24, r24
     fe4:	dc f7       	brge	.-10     	; 0xfdc <MTWI_u8SendStartCondition+0x10>

	return (TWSR & 0xF8);
     fe6:	e1 e2       	ldi	r30, 0x21	; 33
     fe8:	f0 e0       	ldi	r31, 0x00	; 0
     fea:	80 81       	ld	r24, Z
     fec:	88 7f       	andi	r24, 0xF8	; 248



}
     fee:	cf 91       	pop	r28
     ff0:	df 91       	pop	r29
     ff2:	08 95       	ret

00000ff4 <MTWI_u8ReSendStartCondition>:

u8 MTWI_u8ReSendStartCondition(void)
{
     ff4:	df 93       	push	r29
     ff6:	cf 93       	push	r28
     ff8:	cd b7       	in	r28, 0x3d	; 61
     ffa:	de b7       	in	r29, 0x3e	; 62

	TWCR = (1 << TWINT)|(1 << TWSTA)|(1<<TWEN);
     ffc:	e6 e5       	ldi	r30, 0x56	; 86
     ffe:	f0 e0       	ldi	r31, 0x00	; 0
    1000:	84 ea       	ldi	r24, 0xA4	; 164
    1002:	80 83       	st	Z, r24

		while(!(TWCR & (1<<TWINT)));
    1004:	e6 e5       	ldi	r30, 0x56	; 86
    1006:	f0 e0       	ldi	r31, 0x00	; 0
    1008:	80 81       	ld	r24, Z
    100a:	88 23       	and	r24, r24
    100c:	dc f7       	brge	.-10     	; 0x1004 <MTWI_u8ReSendStartCondition+0x10>

		return (TWSR & 0xF8);
    100e:	e1 e2       	ldi	r30, 0x21	; 33
    1010:	f0 e0       	ldi	r31, 0x00	; 0
    1012:	80 81       	ld	r24, Z
    1014:	88 7f       	andi	r24, 0xF8	; 248

}
    1016:	cf 91       	pop	r28
    1018:	df 91       	pop	r29
    101a:	08 95       	ret

0000101c <MTWI_u8SendEndCondition>:

u8 MTWI_u8SendEndCondition(void)
{
    101c:	df 93       	push	r29
    101e:	cf 93       	push	r28
    1020:	cd b7       	in	r28, 0x3d	; 61
    1022:	de b7       	in	r29, 0x3e	; 62
	TWCR = (1 << TWINT)|(1 << TWSTA)|(1<<TWSTO);
    1024:	e6 e5       	ldi	r30, 0x56	; 86
    1026:	f0 e0       	ldi	r31, 0x00	; 0
    1028:	80 eb       	ldi	r24, 0xB0	; 176
    102a:	80 83       	st	Z, r24

	return (TWSR & 0xF8);
    102c:	e1 e2       	ldi	r30, 0x21	; 33
    102e:	f0 e0       	ldi	r31, 0x00	; 0
    1030:	80 81       	ld	r24, Z
    1032:	88 7f       	andi	r24, 0xF8	; 248

}
    1034:	cf 91       	pop	r28
    1036:	df 91       	pop	r29
    1038:	08 95       	ret

0000103a <MTWI_u8SendSLA_RW>:

u8 MTWI_u8SendSLA_RW(u8 A_u8SLA , u8 A_u8RW)
{
    103a:	df 93       	push	r29
    103c:	cf 93       	push	r28
    103e:	00 d0       	rcall	.+0      	; 0x1040 <MTWI_u8SendSLA_RW+0x6>
    1040:	cd b7       	in	r28, 0x3d	; 61
    1042:	de b7       	in	r29, 0x3e	; 62
    1044:	89 83       	std	Y+1, r24	; 0x01
    1046:	6a 83       	std	Y+2, r22	; 0x02
	TWDR = ( A_u8SLA << 1)|( A_u8RW) ;
    1048:	e3 e2       	ldi	r30, 0x23	; 35
    104a:	f0 e0       	ldi	r31, 0x00	; 0
    104c:	89 81       	ldd	r24, Y+1	; 0x01
    104e:	88 2f       	mov	r24, r24
    1050:	90 e0       	ldi	r25, 0x00	; 0
    1052:	88 0f       	add	r24, r24
    1054:	99 1f       	adc	r25, r25
    1056:	98 2f       	mov	r25, r24
    1058:	8a 81       	ldd	r24, Y+2	; 0x02
    105a:	89 2b       	or	r24, r25
    105c:	80 83       	st	Z, r24

	TWCR = (1<<TWINT) | (1<<TWEN);
    105e:	e6 e5       	ldi	r30, 0x56	; 86
    1060:	f0 e0       	ldi	r31, 0x00	; 0
    1062:	84 e8       	ldi	r24, 0x84	; 132
    1064:	80 83       	st	Z, r24

	CLR_BIT(TWCR , TWSTA);
    1066:	a6 e5       	ldi	r26, 0x56	; 86
    1068:	b0 e0       	ldi	r27, 0x00	; 0
    106a:	e6 e5       	ldi	r30, 0x56	; 86
    106c:	f0 e0       	ldi	r31, 0x00	; 0
    106e:	80 81       	ld	r24, Z
    1070:	8f 7d       	andi	r24, 0xDF	; 223
    1072:	8c 93       	st	X, r24

	while (!(TWCR & (1<<TWINT)));
    1074:	e6 e5       	ldi	r30, 0x56	; 86
    1076:	f0 e0       	ldi	r31, 0x00	; 0
    1078:	80 81       	ld	r24, Z
    107a:	88 23       	and	r24, r24
    107c:	dc f7       	brge	.-10     	; 0x1074 <MTWI_u8SendSLA_RW+0x3a>

	return (TWSR & 0xF8);
    107e:	e1 e2       	ldi	r30, 0x21	; 33
    1080:	f0 e0       	ldi	r31, 0x00	; 0
    1082:	80 81       	ld	r24, Z
    1084:	88 7f       	andi	r24, 0xF8	; 248


}
    1086:	0f 90       	pop	r0
    1088:	0f 90       	pop	r0
    108a:	cf 91       	pop	r28
    108c:	df 91       	pop	r29
    108e:	08 95       	ret

00001090 <MTWI_u8SendByte>:

u8 MTWI_u8SendByte(u8 A_u8Byte)
{
    1090:	df 93       	push	r29
    1092:	cf 93       	push	r28
    1094:	0f 92       	push	r0
    1096:	cd b7       	in	r28, 0x3d	; 61
    1098:	de b7       	in	r29, 0x3e	; 62
    109a:	89 83       	std	Y+1, r24	; 0x01
	TWDR = A_u8Byte;
    109c:	e3 e2       	ldi	r30, 0x23	; 35
    109e:	f0 e0       	ldi	r31, 0x00	; 0
    10a0:	89 81       	ldd	r24, Y+1	; 0x01
    10a2:	80 83       	st	Z, r24
	TWCR = (1<<TWINT) | (1<<TWEN);
    10a4:	e6 e5       	ldi	r30, 0x56	; 86
    10a6:	f0 e0       	ldi	r31, 0x00	; 0
    10a8:	84 e8       	ldi	r24, 0x84	; 132
    10aa:	80 83       	st	Z, r24

	while (!(TWCR & (1<<TWINT)));
    10ac:	e6 e5       	ldi	r30, 0x56	; 86
    10ae:	f0 e0       	ldi	r31, 0x00	; 0
    10b0:	80 81       	ld	r24, Z
    10b2:	88 23       	and	r24, r24
    10b4:	dc f7       	brge	.-10     	; 0x10ac <MTWI_u8SendByte+0x1c>

		return (TWSR & 0xF8);
    10b6:	e1 e2       	ldi	r30, 0x21	; 33
    10b8:	f0 e0       	ldi	r31, 0x00	; 0
    10ba:	80 81       	ld	r24, Z
    10bc:	88 7f       	andi	r24, 0xF8	; 248


}
    10be:	0f 90       	pop	r0
    10c0:	cf 91       	pop	r28
    10c2:	df 91       	pop	r29
    10c4:	08 95       	ret

000010c6 <MTWI_u8GetStatusCode>:

u8 MTWI_u8GetStatusCode(u8 A_stateval)
{
    10c6:	df 93       	push	r29
    10c8:	cf 93       	push	r28
    10ca:	0f 92       	push	r0
    10cc:	cd b7       	in	r28, 0x3d	; 61
    10ce:	de b7       	in	r29, 0x3e	; 62
    10d0:	89 83       	std	Y+1, r24	; 0x01

	return (TWSR & 0xF8);
    10d2:	e1 e2       	ldi	r30, 0x21	; 33
    10d4:	f0 e0       	ldi	r31, 0x00	; 0
    10d6:	80 81       	ld	r24, Z
    10d8:	88 7f       	andi	r24, 0xF8	; 248
}
    10da:	0f 90       	pop	r0
    10dc:	cf 91       	pop	r28
    10de:	df 91       	pop	r29
    10e0:	08 95       	ret

000010e2 <MTWI_u8RecevieByte>:
u8 MTWI_u8RecevieByte(u8 *ptrByte , u8 A_u8Ack_NAck)
{
    10e2:	df 93       	push	r29
    10e4:	cf 93       	push	r28
    10e6:	00 d0       	rcall	.+0      	; 0x10e8 <MTWI_u8RecevieByte+0x6>
    10e8:	00 d0       	rcall	.+0      	; 0x10ea <MTWI_u8RecevieByte+0x8>
    10ea:	0f 92       	push	r0
    10ec:	cd b7       	in	r28, 0x3d	; 61
    10ee:	de b7       	in	r29, 0x3e	; 62
    10f0:	9a 83       	std	Y+2, r25	; 0x02
    10f2:	89 83       	std	Y+1, r24	; 0x01
    10f4:	6b 83       	std	Y+3, r22	; 0x03
	switch(A_u8Ack_NAck)
    10f6:	8b 81       	ldd	r24, Y+3	; 0x03
    10f8:	28 2f       	mov	r18, r24
    10fa:	30 e0       	ldi	r19, 0x00	; 0
    10fc:	3d 83       	std	Y+5, r19	; 0x05
    10fe:	2c 83       	std	Y+4, r18	; 0x04
    1100:	8c 81       	ldd	r24, Y+4	; 0x04
    1102:	9d 81       	ldd	r25, Y+5	; 0x05
    1104:	00 97       	sbiw	r24, 0x00	; 0
    1106:	89 f0       	breq	.+34     	; 0x112a <MTWI_u8RecevieByte+0x48>
    1108:	2c 81       	ldd	r18, Y+4	; 0x04
    110a:	3d 81       	ldd	r19, Y+5	; 0x05
    110c:	21 30       	cpi	r18, 0x01	; 1
    110e:	31 05       	cpc	r19, r1
    1110:	b9 f4       	brne	.+46     	; 0x1140 <MTWI_u8RecevieByte+0x5e>
	{
	case TWI_ACK:
		TWCR = (1<<TWINT) | (1<<TWEN);
    1112:	e6 e5       	ldi	r30, 0x56	; 86
    1114:	f0 e0       	ldi	r31, 0x00	; 0
    1116:	84 e8       	ldi	r24, 0x84	; 132
    1118:	80 83       	st	Z, r24
		SET_BIT(TWCR , TWEA);
    111a:	a6 e5       	ldi	r26, 0x56	; 86
    111c:	b0 e0       	ldi	r27, 0x00	; 0
    111e:	e6 e5       	ldi	r30, 0x56	; 86
    1120:	f0 e0       	ldi	r31, 0x00	; 0
    1122:	80 81       	ld	r24, Z
    1124:	80 64       	ori	r24, 0x40	; 64
    1126:	8c 93       	st	X, r24
    1128:	0b c0       	rjmp	.+22     	; 0x1140 <MTWI_u8RecevieByte+0x5e>
		break ;
	case TWI_NACK:
		TWCR = (1<<TWINT) | (1<<TWEN);
    112a:	e6 e5       	ldi	r30, 0x56	; 86
    112c:	f0 e0       	ldi	r31, 0x00	; 0
    112e:	84 e8       	ldi	r24, 0x84	; 132
    1130:	80 83       	st	Z, r24
		CLR_BIT(TWCR , TWEA);
    1132:	a6 e5       	ldi	r26, 0x56	; 86
    1134:	b0 e0       	ldi	r27, 0x00	; 0
    1136:	e6 e5       	ldi	r30, 0x56	; 86
    1138:	f0 e0       	ldi	r31, 0x00	; 0
    113a:	80 81       	ld	r24, Z
    113c:	8f 7b       	andi	r24, 0xBF	; 191
    113e:	8c 93       	st	X, r24
		break;

	}

	while (!(TWCR & (1<<TWINT)));
    1140:	e6 e5       	ldi	r30, 0x56	; 86
    1142:	f0 e0       	ldi	r31, 0x00	; 0
    1144:	80 81       	ld	r24, Z
    1146:	88 23       	and	r24, r24
    1148:	dc f7       	brge	.-10     	; 0x1140 <MTWI_u8RecevieByte+0x5e>

	*ptrByte = TWDR;
    114a:	e3 e2       	ldi	r30, 0x23	; 35
    114c:	f0 e0       	ldi	r31, 0x00	; 0
    114e:	80 81       	ld	r24, Z
    1150:	e9 81       	ldd	r30, Y+1	; 0x01
    1152:	fa 81       	ldd	r31, Y+2	; 0x02
    1154:	80 83       	st	Z, r24

	return (TWSR & 0xF8);
    1156:	e1 e2       	ldi	r30, 0x21	; 33
    1158:	f0 e0       	ldi	r31, 0x00	; 0
    115a:	80 81       	ld	r24, Z
    115c:	88 7f       	andi	r24, 0xF8	; 248
}
    115e:	0f 90       	pop	r0
    1160:	0f 90       	pop	r0
    1162:	0f 90       	pop	r0
    1164:	0f 90       	pop	r0
    1166:	0f 90       	pop	r0
    1168:	cf 91       	pop	r28
    116a:	df 91       	pop	r29
    116c:	08 95       	ret

0000116e <MTIMERS_vInit>:

static u8 G_u8Time0Preload=0;
static  u32 G_32IntervalCount=0;

void MTIMERS_vInit(void)
{
    116e:	df 93       	push	r29
    1170:	cf 93       	push	r28
    1172:	cd b7       	in	r28, 0x3d	; 61
    1174:	de b7       	in	r29, 0x3e	; 62
#error "Wrong PWM mode"

#endif

#elif TIMER0_MODE == FAST_PWM
	SET_BIT(TCCR0,WGM01);
    1176:	a3 e5       	ldi	r26, 0x53	; 83
    1178:	b0 e0       	ldi	r27, 0x00	; 0
    117a:	e3 e5       	ldi	r30, 0x53	; 83
    117c:	f0 e0       	ldi	r31, 0x00	; 0
    117e:	80 81       	ld	r24, Z
    1180:	88 60       	ori	r24, 0x08	; 8
    1182:	8c 93       	st	X, r24
	SET_BIT(TCCR0,WGM00);
    1184:	a3 e5       	ldi	r26, 0x53	; 83
    1186:	b0 e0       	ldi	r27, 0x00	; 0
    1188:	e3 e5       	ldi	r30, 0x53	; 83
    118a:	f0 e0       	ldi	r31, 0x00	; 0
    118c:	80 81       	ld	r24, Z
    118e:	80 64       	ori	r24, 0x40	; 64
    1190:	8c 93       	st	X, r24

#if	PWM_OUTPUT_MODE ==	NON_INVERTING
	SET_BIT(TCCR0,COM01);
    1192:	a3 e5       	ldi	r26, 0x53	; 83
    1194:	b0 e0       	ldi	r27, 0x00	; 0
    1196:	e3 e5       	ldi	r30, 0x53	; 83
    1198:	f0 e0       	ldi	r31, 0x00	; 0
    119a:	80 81       	ld	r24, Z
    119c:	80 62       	ori	r24, 0x20	; 32
    119e:	8c 93       	st	X, r24
	CLR_BIT(TCCR0,COM00);
    11a0:	a3 e5       	ldi	r26, 0x53	; 83
    11a2:	b0 e0       	ldi	r27, 0x00	; 0
    11a4:	e3 e5       	ldi	r30, 0x53	; 83
    11a6:	f0 e0       	ldi	r31, 0x00	; 0
    11a8:	80 81       	ld	r24, Z
    11aa:	8f 7e       	andi	r24, 0xEF	; 239
    11ac:	8c 93       	st	X, r24
#error "Incorrect mode"

#endif

#if INTERRUPT_CONTROL == ENABLE
	MTIMERS_vEnableInterrupt(TIM_0, TIMER0_MODE);
    11ae:	80 e0       	ldi	r24, 0x00	; 0
    11b0:	63 e0       	ldi	r22, 0x03	; 3
    11b2:	0e 94 d6 09 	call	0x13ac	; 0x13ac <MTIMERS_vEnableInterrupt>
#error "Incorrect value"

#endif

	//STOP TIMER0
	CLR_BIT(TCCR0,CS00);
    11b6:	a3 e5       	ldi	r26, 0x53	; 83
    11b8:	b0 e0       	ldi	r27, 0x00	; 0
    11ba:	e3 e5       	ldi	r30, 0x53	; 83
    11bc:	f0 e0       	ldi	r31, 0x00	; 0
    11be:	80 81       	ld	r24, Z
    11c0:	8e 7f       	andi	r24, 0xFE	; 254
    11c2:	8c 93       	st	X, r24
	CLR_BIT(TCCR0,CS01);
    11c4:	a3 e5       	ldi	r26, 0x53	; 83
    11c6:	b0 e0       	ldi	r27, 0x00	; 0
    11c8:	e3 e5       	ldi	r30, 0x53	; 83
    11ca:	f0 e0       	ldi	r31, 0x00	; 0
    11cc:	80 81       	ld	r24, Z
    11ce:	8d 7f       	andi	r24, 0xFD	; 253
    11d0:	8c 93       	st	X, r24
	CLR_BIT(TCCR0,CS02);
    11d2:	a3 e5       	ldi	r26, 0x53	; 83
    11d4:	b0 e0       	ldi	r27, 0x00	; 0
    11d6:	e3 e5       	ldi	r30, 0x53	; 83
    11d8:	f0 e0       	ldi	r31, 0x00	; 0
    11da:	80 81       	ld	r24, Z
    11dc:	8b 7f       	andi	r24, 0xFB	; 251
    11de:	8c 93       	st	X, r24
// ONLY WITH PRESCALLER 8
	ICR1 = 20000;

#elif TIMER1_MODE == ICU

	CLR_BIT(TCCR1A , 0);
    11e0:	af e4       	ldi	r26, 0x4F	; 79
    11e2:	b0 e0       	ldi	r27, 0x00	; 0
    11e4:	ef e4       	ldi	r30, 0x4F	; 79
    11e6:	f0 e0       	ldi	r31, 0x00	; 0
    11e8:	80 81       	ld	r24, Z
    11ea:	8e 7f       	andi	r24, 0xFE	; 254
    11ec:	8c 93       	st	X, r24
	CLR_BIT(TCCR1A , 1);
    11ee:	af e4       	ldi	r26, 0x4F	; 79
    11f0:	b0 e0       	ldi	r27, 0x00	; 0
    11f2:	ef e4       	ldi	r30, 0x4F	; 79
    11f4:	f0 e0       	ldi	r31, 0x00	; 0
    11f6:	80 81       	ld	r24, Z
    11f8:	8d 7f       	andi	r24, 0xFD	; 253
    11fa:	8c 93       	st	X, r24
	CLR_BIT(TCCR1B , 3);
    11fc:	ae e4       	ldi	r26, 0x4E	; 78
    11fe:	b0 e0       	ldi	r27, 0x00	; 0
    1200:	ee e4       	ldi	r30, 0x4E	; 78
    1202:	f0 e0       	ldi	r31, 0x00	; 0
    1204:	80 81       	ld	r24, Z
    1206:	87 7f       	andi	r24, 0xF7	; 247
    1208:	8c 93       	st	X, r24
	CLR_BIT(TCCR1B , 4);
    120a:	ae e4       	ldi	r26, 0x4E	; 78
    120c:	b0 e0       	ldi	r27, 0x00	; 0
    120e:	ee e4       	ldi	r30, 0x4E	; 78
    1210:	f0 e0       	ldi	r31, 0x00	; 0
    1212:	80 81       	ld	r24, Z
    1214:	8f 7e       	andi	r24, 0xEF	; 239
    1216:	8c 93       	st	X, r24

	CLR_BIT(TCCR1A , 6);
    1218:	af e4       	ldi	r26, 0x4F	; 79
    121a:	b0 e0       	ldi	r27, 0x00	; 0
    121c:	ef e4       	ldi	r30, 0x4F	; 79
    121e:	f0 e0       	ldi	r31, 0x00	; 0
    1220:	80 81       	ld	r24, Z
    1222:	8f 7b       	andi	r24, 0xBF	; 191
    1224:	8c 93       	st	X, r24
	CLR_BIT(TCCR1A , 7);
    1226:	af e4       	ldi	r26, 0x4F	; 79
    1228:	b0 e0       	ldi	r27, 0x00	; 0
    122a:	ef e4       	ldi	r30, 0x4F	; 79
    122c:	f0 e0       	ldi	r31, 0x00	; 0
    122e:	80 81       	ld	r24, Z
    1230:	8f 77       	andi	r24, 0x7F	; 127
    1232:	8c 93       	st	X, r24
	//starting with rising edge
	SET_BIT(TCCR1B , 6);
    1234:	ae e4       	ldi	r26, 0x4E	; 78
    1236:	b0 e0       	ldi	r27, 0x00	; 0
    1238:	ee e4       	ldi	r30, 0x4E	; 78
    123a:	f0 e0       	ldi	r31, 0x00	; 0
    123c:	80 81       	ld	r24, Z
    123e:	80 64       	ori	r24, 0x40	; 64
    1240:	8c 93       	st	X, r24
#endif

#if INTERRUPT_CONTROL == ENABLE
	MTIMERS_vEnableInterrupt(TIM_1, TIMER1_MODE);
    1242:	81 e0       	ldi	r24, 0x01	; 1
    1244:	64 e0       	ldi	r22, 0x04	; 4
    1246:	0e 94 d6 09 	call	0x13ac	; 0x13ac <MTIMERS_vEnableInterrupt>
#elif INTERRUPT_CONTROL == DISABLE
	MTIMERS_vDisableInterrupt(TIM_1, TIMER1_MODE);
#endif

	//stop timer1
	CLR_BIT(TCCR1B,0);
    124a:	ae e4       	ldi	r26, 0x4E	; 78
    124c:	b0 e0       	ldi	r27, 0x00	; 0
    124e:	ee e4       	ldi	r30, 0x4E	; 78
    1250:	f0 e0       	ldi	r31, 0x00	; 0
    1252:	80 81       	ld	r24, Z
    1254:	8e 7f       	andi	r24, 0xFE	; 254
    1256:	8c 93       	st	X, r24
	CLR_BIT(TCCR1B,1);
    1258:	ae e4       	ldi	r26, 0x4E	; 78
    125a:	b0 e0       	ldi	r27, 0x00	; 0
    125c:	ee e4       	ldi	r30, 0x4E	; 78
    125e:	f0 e0       	ldi	r31, 0x00	; 0
    1260:	80 81       	ld	r24, Z
    1262:	8d 7f       	andi	r24, 0xFD	; 253
    1264:	8c 93       	st	X, r24
	CLR_BIT(TCCR1B,2);
    1266:	ae e4       	ldi	r26, 0x4E	; 78
    1268:	b0 e0       	ldi	r27, 0x00	; 0
    126a:	ee e4       	ldi	r30, 0x4E	; 78
    126c:	f0 e0       	ldi	r31, 0x00	; 0
    126e:	80 81       	ld	r24, Z
    1270:	8b 7f       	andi	r24, 0xFB	; 251
    1272:	8c 93       	st	X, r24

#endif
}
    1274:	cf 91       	pop	r28
    1276:	df 91       	pop	r29
    1278:	08 95       	ret

0000127a <MTIMERS_vStartTimer>:

void MTIMERS_vStartTimer(u8 A_u8TimerID)
{
    127a:	df 93       	push	r29
    127c:	cf 93       	push	r28
    127e:	0f 92       	push	r0
    1280:	cd b7       	in	r28, 0x3d	; 61
    1282:	de b7       	in	r29, 0x3e	; 62
    1284:	89 83       	std	Y+1, r24	; 0x01
	if (A_u8TimerID == TIM_0)
    1286:	89 81       	ldd	r24, Y+1	; 0x01
    1288:	88 23       	and	r24, r24
    128a:	41 f4       	brne	.+16     	; 0x129c <MTIMERS_vStartTimer+0x22>
	{
		TCCR0 = (TCCR0 & 0xF8) | (0x07 & CLK_SELECT_PRESCALER_TIM0) ;
    128c:	a3 e5       	ldi	r26, 0x53	; 83
    128e:	b0 e0       	ldi	r27, 0x00	; 0
    1290:	e3 e5       	ldi	r30, 0x53	; 83
    1292:	f0 e0       	ldi	r31, 0x00	; 0
    1294:	80 81       	ld	r24, Z
    1296:	88 7f       	andi	r24, 0xF8	; 248
    1298:	82 60       	ori	r24, 0x02	; 2
    129a:	8c 93       	st	X, r24

	}
	if (A_u8TimerID == TIM_1)
    129c:	89 81       	ldd	r24, Y+1	; 0x01
    129e:	81 30       	cpi	r24, 0x01	; 1
    12a0:	41 f4       	brne	.+16     	; 0x12b2 <MTIMERS_vStartTimer+0x38>
	{
		TCCR1B = (TCCR1B & 0xF8) | (0x07 & CLK_SELECT_PRESCALER_TIM1) ;
    12a2:	ae e4       	ldi	r26, 0x4E	; 78
    12a4:	b0 e0       	ldi	r27, 0x00	; 0
    12a6:	ee e4       	ldi	r30, 0x4E	; 78
    12a8:	f0 e0       	ldi	r31, 0x00	; 0
    12aa:	80 81       	ld	r24, Z
    12ac:	88 7f       	andi	r24, 0xF8	; 248
    12ae:	82 60       	ori	r24, 0x02	; 2
    12b0:	8c 93       	st	X, r24

	}
}
    12b2:	0f 90       	pop	r0
    12b4:	cf 91       	pop	r28
    12b6:	df 91       	pop	r29
    12b8:	08 95       	ret

000012ba <MTIMERS_vStopTimer>:
void MTIMERS_vStopTimer(u8 A_u8TimerID)
{
    12ba:	df 93       	push	r29
    12bc:	cf 93       	push	r28
    12be:	0f 92       	push	r0
    12c0:	cd b7       	in	r28, 0x3d	; 61
    12c2:	de b7       	in	r29, 0x3e	; 62
    12c4:	89 83       	std	Y+1, r24	; 0x01
	if (A_u8TimerID == TIM_0)
    12c6:	89 81       	ldd	r24, Y+1	; 0x01
    12c8:	88 23       	and	r24, r24
    12ca:	39 f4       	brne	.+14     	; 0x12da <MTIMERS_vStopTimer+0x20>
	{
		TCCR0 = (TCCR0 & 0xF8) | (0x07 & 0x00) ;
    12cc:	a3 e5       	ldi	r26, 0x53	; 83
    12ce:	b0 e0       	ldi	r27, 0x00	; 0
    12d0:	e3 e5       	ldi	r30, 0x53	; 83
    12d2:	f0 e0       	ldi	r31, 0x00	; 0
    12d4:	80 81       	ld	r24, Z
    12d6:	88 7f       	andi	r24, 0xF8	; 248
    12d8:	8c 93       	st	X, r24
	}

	if (A_u8TimerID == TIM_1)
    12da:	89 81       	ldd	r24, Y+1	; 0x01
    12dc:	81 30       	cpi	r24, 0x01	; 1
    12de:	39 f4       	brne	.+14     	; 0x12ee <MTIMERS_vStopTimer+0x34>
		{
			TCCR1B = (TCCR1B & 0xF8) | (0x07 & 0x00) ;
    12e0:	ae e4       	ldi	r26, 0x4E	; 78
    12e2:	b0 e0       	ldi	r27, 0x00	; 0
    12e4:	ee e4       	ldi	r30, 0x4E	; 78
    12e6:	f0 e0       	ldi	r31, 0x00	; 0
    12e8:	80 81       	ld	r24, Z
    12ea:	88 7f       	andi	r24, 0xF8	; 248
    12ec:	8c 93       	st	X, r24
		}
}
    12ee:	0f 90       	pop	r0
    12f0:	cf 91       	pop	r28
    12f2:	df 91       	pop	r29
    12f4:	08 95       	ret

000012f6 <MTIMERS_vSetPreloadValue>:

//ovf
void MTIMERS_vSetPreloadValue(u8 A_u8TimerID , u16 A_u16Preload)
{
    12f6:	df 93       	push	r29
    12f8:	cf 93       	push	r28
    12fa:	00 d0       	rcall	.+0      	; 0x12fc <MTIMERS_vSetPreloadValue+0x6>
    12fc:	00 d0       	rcall	.+0      	; 0x12fe <MTIMERS_vSetPreloadValue+0x8>
    12fe:	0f 92       	push	r0
    1300:	cd b7       	in	r28, 0x3d	; 61
    1302:	de b7       	in	r29, 0x3e	; 62
    1304:	89 83       	std	Y+1, r24	; 0x01
    1306:	7b 83       	std	Y+3, r23	; 0x03
    1308:	6a 83       	std	Y+2, r22	; 0x02
	switch(A_u8TimerID)
    130a:	89 81       	ldd	r24, Y+1	; 0x01
    130c:	28 2f       	mov	r18, r24
    130e:	30 e0       	ldi	r19, 0x00	; 0
    1310:	3d 83       	std	Y+5, r19	; 0x05
    1312:	2c 83       	std	Y+4, r18	; 0x04
    1314:	8c 81       	ldd	r24, Y+4	; 0x04
    1316:	9d 81       	ldd	r25, Y+5	; 0x05
    1318:	00 97       	sbiw	r24, 0x00	; 0
    131a:	31 f0       	breq	.+12     	; 0x1328 <MTIMERS_vSetPreloadValue+0x32>
    131c:	2c 81       	ldd	r18, Y+4	; 0x04
    131e:	3d 81       	ldd	r19, Y+5	; 0x05
    1320:	21 30       	cpi	r18, 0x01	; 1
    1322:	31 05       	cpc	r19, r1
    1324:	49 f0       	breq	.+18     	; 0x1338 <MTIMERS_vSetPreloadValue+0x42>
    1326:	0e c0       	rjmp	.+28     	; 0x1344 <MTIMERS_vSetPreloadValue+0x4e>
	{
	case TIM_0:
		TCNT0 = (u8)A_u16Preload;
    1328:	e2 e5       	ldi	r30, 0x52	; 82
    132a:	f0 e0       	ldi	r31, 0x00	; 0
    132c:	8a 81       	ldd	r24, Y+2	; 0x02
    132e:	80 83       	st	Z, r24
		G_u8Time0Preload = (u8)A_u16Preload;
    1330:	8a 81       	ldd	r24, Y+2	; 0x02
    1332:	80 93 e1 00 	sts	0x00E1, r24
    1336:	06 c0       	rjmp	.+12     	; 0x1344 <MTIMERS_vSetPreloadValue+0x4e>
		break;
	case TIM_1:
		TCNT1 = A_u16Preload;
    1338:	ec e4       	ldi	r30, 0x4C	; 76
    133a:	f0 e0       	ldi	r31, 0x00	; 0
    133c:	8a 81       	ldd	r24, Y+2	; 0x02
    133e:	9b 81       	ldd	r25, Y+3	; 0x03
    1340:	91 83       	std	Z+1, r25	; 0x01
    1342:	80 83       	st	Z, r24
		break;
	}
}
    1344:	0f 90       	pop	r0
    1346:	0f 90       	pop	r0
    1348:	0f 90       	pop	r0
    134a:	0f 90       	pop	r0
    134c:	0f 90       	pop	r0
    134e:	cf 91       	pop	r28
    1350:	df 91       	pop	r29
    1352:	08 95       	ret

00001354 <MTIMERS_vSetCompareMatch>:

//ctc
void MTIMERS_vSetCompareMatch(u8 A_u8TimerID , u16 A_u16OCR_val)
{
    1354:	df 93       	push	r29
    1356:	cf 93       	push	r28
    1358:	00 d0       	rcall	.+0      	; 0x135a <MTIMERS_vSetCompareMatch+0x6>
    135a:	00 d0       	rcall	.+0      	; 0x135c <MTIMERS_vSetCompareMatch+0x8>
    135c:	0f 92       	push	r0
    135e:	cd b7       	in	r28, 0x3d	; 61
    1360:	de b7       	in	r29, 0x3e	; 62
    1362:	89 83       	std	Y+1, r24	; 0x01
    1364:	7b 83       	std	Y+3, r23	; 0x03
    1366:	6a 83       	std	Y+2, r22	; 0x02
	switch(A_u8TimerID)
    1368:	89 81       	ldd	r24, Y+1	; 0x01
    136a:	28 2f       	mov	r18, r24
    136c:	30 e0       	ldi	r19, 0x00	; 0
    136e:	3d 83       	std	Y+5, r19	; 0x05
    1370:	2c 83       	std	Y+4, r18	; 0x04
    1372:	8c 81       	ldd	r24, Y+4	; 0x04
    1374:	9d 81       	ldd	r25, Y+5	; 0x05
    1376:	00 97       	sbiw	r24, 0x00	; 0
    1378:	31 f0       	breq	.+12     	; 0x1386 <MTIMERS_vSetCompareMatch+0x32>
    137a:	2c 81       	ldd	r18, Y+4	; 0x04
    137c:	3d 81       	ldd	r19, Y+5	; 0x05
    137e:	22 30       	cpi	r18, 0x02	; 2
    1380:	31 05       	cpc	r19, r1
    1382:	31 f0       	breq	.+12     	; 0x1390 <MTIMERS_vSetCompareMatch+0x3c>
    1384:	0b c0       	rjmp	.+22     	; 0x139c <MTIMERS_vSetCompareMatch+0x48>
	{
	case TIM_0:
		OCR0 = (u8)A_u16OCR_val;
    1386:	ec e5       	ldi	r30, 0x5C	; 92
    1388:	f0 e0       	ldi	r31, 0x00	; 0
    138a:	8a 81       	ldd	r24, Y+2	; 0x02
    138c:	80 83       	st	Z, r24
    138e:	06 c0       	rjmp	.+12     	; 0x139c <MTIMERS_vSetCompareMatch+0x48>
		break;

	case TIM_1_A:
		OCR1A = A_u16OCR_val;
    1390:	ea e4       	ldi	r30, 0x4A	; 74
    1392:	f0 e0       	ldi	r31, 0x00	; 0
    1394:	8a 81       	ldd	r24, Y+2	; 0x02
    1396:	9b 81       	ldd	r25, Y+3	; 0x03
    1398:	91 83       	std	Z+1, r25	; 0x01
    139a:	80 83       	st	Z, r24
		break;
	}
}
    139c:	0f 90       	pop	r0
    139e:	0f 90       	pop	r0
    13a0:	0f 90       	pop	r0
    13a2:	0f 90       	pop	r0
    13a4:	0f 90       	pop	r0
    13a6:	cf 91       	pop	r28
    13a8:	df 91       	pop	r29
    13aa:	08 95       	ret

000013ac <MTIMERS_vEnableInterrupt>:

void MTIMERS_vEnableInterrupt(u8 A_u8TimerID, u8 A_u8TimerMode)
{
    13ac:	df 93       	push	r29
    13ae:	cf 93       	push	r28
    13b0:	00 d0       	rcall	.+0      	; 0x13b2 <MTIMERS_vEnableInterrupt+0x6>
    13b2:	00 d0       	rcall	.+0      	; 0x13b4 <MTIMERS_vEnableInterrupt+0x8>
    13b4:	cd b7       	in	r28, 0x3d	; 61
    13b6:	de b7       	in	r29, 0x3e	; 62
    13b8:	89 83       	std	Y+1, r24	; 0x01
    13ba:	6a 83       	std	Y+2, r22	; 0x02
	if(A_u8TimerID == TIM_0)
    13bc:	89 81       	ldd	r24, Y+1	; 0x01
    13be:	88 23       	and	r24, r24
    13c0:	f1 f4       	brne	.+60     	; 0x13fe <MTIMERS_vEnableInterrupt+0x52>
	{
		switch(A_u8TimerMode)
    13c2:	8a 81       	ldd	r24, Y+2	; 0x02
    13c4:	28 2f       	mov	r18, r24
    13c6:	30 e0       	ldi	r19, 0x00	; 0
    13c8:	3c 83       	std	Y+4, r19	; 0x04
    13ca:	2b 83       	std	Y+3, r18	; 0x03
    13cc:	8b 81       	ldd	r24, Y+3	; 0x03
    13ce:	9c 81       	ldd	r25, Y+4	; 0x04
    13d0:	00 97       	sbiw	r24, 0x00	; 0
    13d2:	31 f0       	breq	.+12     	; 0x13e0 <MTIMERS_vEnableInterrupt+0x34>
    13d4:	2b 81       	ldd	r18, Y+3	; 0x03
    13d6:	3c 81       	ldd	r19, Y+4	; 0x04
    13d8:	21 30       	cpi	r18, 0x01	; 1
    13da:	31 05       	cpc	r19, r1
    13dc:	49 f0       	breq	.+18     	; 0x13f0 <MTIMERS_vEnableInterrupt+0x44>
    13de:	0f c0       	rjmp	.+30     	; 0x13fe <MTIMERS_vEnableInterrupt+0x52>
		{
		case NORMAL_OVERFLOW:
			SET_BIT(TIMSK,0);
    13e0:	a9 e5       	ldi	r26, 0x59	; 89
    13e2:	b0 e0       	ldi	r27, 0x00	; 0
    13e4:	e9 e5       	ldi	r30, 0x59	; 89
    13e6:	f0 e0       	ldi	r31, 0x00	; 0
    13e8:	80 81       	ld	r24, Z
    13ea:	81 60       	ori	r24, 0x01	; 1
    13ec:	8c 93       	st	X, r24
    13ee:	07 c0       	rjmp	.+14     	; 0x13fe <MTIMERS_vEnableInterrupt+0x52>
			break;

		case CTC:
			SET_BIT(TIMSK,1);
    13f0:	a9 e5       	ldi	r26, 0x59	; 89
    13f2:	b0 e0       	ldi	r27, 0x00	; 0
    13f4:	e9 e5       	ldi	r30, 0x59	; 89
    13f6:	f0 e0       	ldi	r31, 0x00	; 0
    13f8:	80 81       	ld	r24, Z
    13fa:	82 60       	ori	r24, 0x02	; 2
    13fc:	8c 93       	st	X, r24
			break;
		}
	}
	if(A_u8TimerID == TIM_1)
    13fe:	89 81       	ldd	r24, Y+1	; 0x01
    1400:	81 30       	cpi	r24, 0x01	; 1
    1402:	69 f4       	brne	.+26     	; 0x141e <MTIMERS_vEnableInterrupt+0x72>
	{
		switch(A_u8TimerMode)
    1404:	8a 81       	ldd	r24, Y+2	; 0x02
    1406:	88 2f       	mov	r24, r24
    1408:	90 e0       	ldi	r25, 0x00	; 0
    140a:	84 30       	cpi	r24, 0x04	; 4
    140c:	91 05       	cpc	r25, r1
    140e:	39 f4       	brne	.+14     	; 0x141e <MTIMERS_vEnableInterrupt+0x72>
		{
		case ICU:
			SET_BIT(TIMSK,5);
    1410:	a9 e5       	ldi	r26, 0x59	; 89
    1412:	b0 e0       	ldi	r27, 0x00	; 0
    1414:	e9 e5       	ldi	r30, 0x59	; 89
    1416:	f0 e0       	ldi	r31, 0x00	; 0
    1418:	80 81       	ld	r24, Z
    141a:	80 62       	ori	r24, 0x20	; 32
    141c:	8c 93       	st	X, r24
			break;
		}
   }

}
    141e:	0f 90       	pop	r0
    1420:	0f 90       	pop	r0
    1422:	0f 90       	pop	r0
    1424:	0f 90       	pop	r0
    1426:	cf 91       	pop	r28
    1428:	df 91       	pop	r29
    142a:	08 95       	ret

0000142c <MTIMERS_vDisableInterrupt>:
void MTIMERS_vDisableInterrupt(u8 A_u8TimerID, u8 A_u8TimerMode)
{
    142c:	df 93       	push	r29
    142e:	cf 93       	push	r28
    1430:	00 d0       	rcall	.+0      	; 0x1432 <MTIMERS_vDisableInterrupt+0x6>
    1432:	00 d0       	rcall	.+0      	; 0x1434 <MTIMERS_vDisableInterrupt+0x8>
    1434:	cd b7       	in	r28, 0x3d	; 61
    1436:	de b7       	in	r29, 0x3e	; 62
    1438:	89 83       	std	Y+1, r24	; 0x01
    143a:	6a 83       	std	Y+2, r22	; 0x02

	if(A_u8TimerID == TIM_0)
    143c:	89 81       	ldd	r24, Y+1	; 0x01
    143e:	88 23       	and	r24, r24
    1440:	f1 f4       	brne	.+60     	; 0x147e <MTIMERS_vDisableInterrupt+0x52>
	{
		switch(A_u8TimerMode)
    1442:	8a 81       	ldd	r24, Y+2	; 0x02
    1444:	28 2f       	mov	r18, r24
    1446:	30 e0       	ldi	r19, 0x00	; 0
    1448:	3c 83       	std	Y+4, r19	; 0x04
    144a:	2b 83       	std	Y+3, r18	; 0x03
    144c:	8b 81       	ldd	r24, Y+3	; 0x03
    144e:	9c 81       	ldd	r25, Y+4	; 0x04
    1450:	00 97       	sbiw	r24, 0x00	; 0
    1452:	31 f0       	breq	.+12     	; 0x1460 <MTIMERS_vDisableInterrupt+0x34>
    1454:	2b 81       	ldd	r18, Y+3	; 0x03
    1456:	3c 81       	ldd	r19, Y+4	; 0x04
    1458:	21 30       	cpi	r18, 0x01	; 1
    145a:	31 05       	cpc	r19, r1
    145c:	49 f0       	breq	.+18     	; 0x1470 <MTIMERS_vDisableInterrupt+0x44>
    145e:	0f c0       	rjmp	.+30     	; 0x147e <MTIMERS_vDisableInterrupt+0x52>
		{
		case NORMAL_OVERFLOW:
			CLR_BIT(TIMSK,0);
    1460:	a9 e5       	ldi	r26, 0x59	; 89
    1462:	b0 e0       	ldi	r27, 0x00	; 0
    1464:	e9 e5       	ldi	r30, 0x59	; 89
    1466:	f0 e0       	ldi	r31, 0x00	; 0
    1468:	80 81       	ld	r24, Z
    146a:	8e 7f       	andi	r24, 0xFE	; 254
    146c:	8c 93       	st	X, r24
    146e:	07 c0       	rjmp	.+14     	; 0x147e <MTIMERS_vDisableInterrupt+0x52>
			break;

		case CTC:
			CLR_BIT(TIMSK,1);
    1470:	a9 e5       	ldi	r26, 0x59	; 89
    1472:	b0 e0       	ldi	r27, 0x00	; 0
    1474:	e9 e5       	ldi	r30, 0x59	; 89
    1476:	f0 e0       	ldi	r31, 0x00	; 0
    1478:	80 81       	ld	r24, Z
    147a:	8d 7f       	andi	r24, 0xFD	; 253
    147c:	8c 93       	st	X, r24
			break;
		}
	}

	if(A_u8TimerID == TIM_1)
    147e:	89 81       	ldd	r24, Y+1	; 0x01
    1480:	81 30       	cpi	r24, 0x01	; 1
    1482:	69 f4       	brne	.+26     	; 0x149e <MTIMERS_vDisableInterrupt+0x72>
	{
		switch(A_u8TimerMode)
    1484:	8a 81       	ldd	r24, Y+2	; 0x02
    1486:	88 2f       	mov	r24, r24
    1488:	90 e0       	ldi	r25, 0x00	; 0
    148a:	84 30       	cpi	r24, 0x04	; 4
    148c:	91 05       	cpc	r25, r1
    148e:	39 f4       	brne	.+14     	; 0x149e <MTIMERS_vDisableInterrupt+0x72>
		{
		case ICU:
			CLR_BIT(TIMSK,5);
    1490:	a9 e5       	ldi	r26, 0x59	; 89
    1492:	b0 e0       	ldi	r27, 0x00	; 0
    1494:	e9 e5       	ldi	r30, 0x59	; 89
    1496:	f0 e0       	ldi	r31, 0x00	; 0
    1498:	80 81       	ld	r24, Z
    149a:	8f 7d       	andi	r24, 0xDF	; 223
    149c:	8c 93       	st	X, r24
			break;
		}
	}


}
    149e:	0f 90       	pop	r0
    14a0:	0f 90       	pop	r0
    14a2:	0f 90       	pop	r0
    14a4:	0f 90       	pop	r0
    14a6:	cf 91       	pop	r28
    14a8:	df 91       	pop	r29
    14aa:	08 95       	ret

000014ac <MTIMERS_vSetInterval_CTC>:


void MTIMERS_vSetInterval_CTC(void (*Fptr)(void),u32 A_u32IntervalCount)
{
    14ac:	df 93       	push	r29
    14ae:	cf 93       	push	r28
    14b0:	00 d0       	rcall	.+0      	; 0x14b2 <MTIMERS_vSetInterval_CTC+0x6>
    14b2:	00 d0       	rcall	.+0      	; 0x14b4 <MTIMERS_vSetInterval_CTC+0x8>
    14b4:	00 d0       	rcall	.+0      	; 0x14b6 <MTIMERS_vSetInterval_CTC+0xa>
    14b6:	cd b7       	in	r28, 0x3d	; 61
    14b8:	de b7       	in	r29, 0x3e	; 62
    14ba:	9a 83       	std	Y+2, r25	; 0x02
    14bc:	89 83       	std	Y+1, r24	; 0x01
    14be:	4b 83       	std	Y+3, r20	; 0x03
    14c0:	5c 83       	std	Y+4, r21	; 0x04
    14c2:	6d 83       	std	Y+5, r22	; 0x05
    14c4:	7e 83       	std	Y+6, r23	; 0x06
	G_32IntervalCount= A_u32IntervalCount;
    14c6:	8b 81       	ldd	r24, Y+3	; 0x03
    14c8:	9c 81       	ldd	r25, Y+4	; 0x04
    14ca:	ad 81       	ldd	r26, Y+5	; 0x05
    14cc:	be 81       	ldd	r27, Y+6	; 0x06
    14ce:	80 93 e2 00 	sts	0x00E2, r24
    14d2:	90 93 e3 00 	sts	0x00E3, r25
    14d6:	a0 93 e4 00 	sts	0x00E4, r26
    14da:	b0 93 e5 00 	sts	0x00E5, r27
	G_TIMER_CTC_CB = Fptr;
    14de:	89 81       	ldd	r24, Y+1	; 0x01
    14e0:	9a 81       	ldd	r25, Y+2	; 0x02
    14e2:	90 93 de 00 	sts	0x00DE, r25
    14e6:	80 93 dd 00 	sts	0x00DD, r24

}
    14ea:	26 96       	adiw	r28, 0x06	; 6
    14ec:	0f b6       	in	r0, 0x3f	; 63
    14ee:	f8 94       	cli
    14f0:	de bf       	out	0x3e, r29	; 62
    14f2:	0f be       	out	0x3f, r0	; 63
    14f4:	cd bf       	out	0x3d, r28	; 61
    14f6:	cf 91       	pop	r28
    14f8:	df 91       	pop	r29
    14fa:	08 95       	ret

000014fc <MTIMERS_vSetInterval_OVF>:

void MTIMERS_vSetInterval_OVF(void (*Fptr)(void),u32 A_u32IntervalCount)
{
    14fc:	df 93       	push	r29
    14fe:	cf 93       	push	r28
    1500:	00 d0       	rcall	.+0      	; 0x1502 <MTIMERS_vSetInterval_OVF+0x6>
    1502:	00 d0       	rcall	.+0      	; 0x1504 <MTIMERS_vSetInterval_OVF+0x8>
    1504:	00 d0       	rcall	.+0      	; 0x1506 <MTIMERS_vSetInterval_OVF+0xa>
    1506:	cd b7       	in	r28, 0x3d	; 61
    1508:	de b7       	in	r29, 0x3e	; 62
    150a:	9a 83       	std	Y+2, r25	; 0x02
    150c:	89 83       	std	Y+1, r24	; 0x01
    150e:	4b 83       	std	Y+3, r20	; 0x03
    1510:	5c 83       	std	Y+4, r21	; 0x04
    1512:	6d 83       	std	Y+5, r22	; 0x05
    1514:	7e 83       	std	Y+6, r23	; 0x06
	G_32IntervalCount= A_u32IntervalCount;
    1516:	8b 81       	ldd	r24, Y+3	; 0x03
    1518:	9c 81       	ldd	r25, Y+4	; 0x04
    151a:	ad 81       	ldd	r26, Y+5	; 0x05
    151c:	be 81       	ldd	r27, Y+6	; 0x06
    151e:	80 93 e2 00 	sts	0x00E2, r24
    1522:	90 93 e3 00 	sts	0x00E3, r25
    1526:	a0 93 e4 00 	sts	0x00E4, r26
    152a:	b0 93 e5 00 	sts	0x00E5, r27
	G_TIMER_OVF_CB = Fptr;
    152e:	89 81       	ldd	r24, Y+1	; 0x01
    1530:	9a 81       	ldd	r25, Y+2	; 0x02
    1532:	90 93 dc 00 	sts	0x00DC, r25
    1536:	80 93 db 00 	sts	0x00DB, r24

}
    153a:	26 96       	adiw	r28, 0x06	; 6
    153c:	0f b6       	in	r0, 0x3f	; 63
    153e:	f8 94       	cli
    1540:	de bf       	out	0x3e, r29	; 62
    1542:	0f be       	out	0x3f, r0	; 63
    1544:	cd bf       	out	0x3d, r28	; 61
    1546:	cf 91       	pop	r28
    1548:	df 91       	pop	r29
    154a:	08 95       	ret

0000154c <MTIMERS_vSetTrigger>:

 MTIMERS_vSetTrigger(u8 A_u8TriggerType)
 {
    154c:	df 93       	push	r29
    154e:	cf 93       	push	r28
    1550:	00 d0       	rcall	.+0      	; 0x1552 <MTIMERS_vSetTrigger+0x6>
    1552:	0f 92       	push	r0
    1554:	cd b7       	in	r28, 0x3d	; 61
    1556:	de b7       	in	r29, 0x3e	; 62
    1558:	89 83       	std	Y+1, r24	; 0x01
	 switch(A_u8TriggerType)
    155a:	89 81       	ldd	r24, Y+1	; 0x01
    155c:	28 2f       	mov	r18, r24
    155e:	30 e0       	ldi	r19, 0x00	; 0
    1560:	3b 83       	std	Y+3, r19	; 0x03
    1562:	2a 83       	std	Y+2, r18	; 0x02
    1564:	8a 81       	ldd	r24, Y+2	; 0x02
    1566:	9b 81       	ldd	r25, Y+3	; 0x03
    1568:	00 97       	sbiw	r24, 0x00	; 0
    156a:	31 f0       	breq	.+12     	; 0x1578 <MTIMERS_vSetTrigger+0x2c>
    156c:	2a 81       	ldd	r18, Y+2	; 0x02
    156e:	3b 81       	ldd	r19, Y+3	; 0x03
    1570:	21 30       	cpi	r18, 0x01	; 1
    1572:	31 05       	cpc	r19, r1
    1574:	49 f0       	breq	.+18     	; 0x1588 <MTIMERS_vSetTrigger+0x3c>
    1576:	0f c0       	rjmp	.+30     	; 0x1596 <MTIMERS_vSetTrigger+0x4a>
	 {
	 case TRIG_TYPE_RISING :
		 SET_BIT(TCCR1B , 6);
    1578:	ae e4       	ldi	r26, 0x4E	; 78
    157a:	b0 e0       	ldi	r27, 0x00	; 0
    157c:	ee e4       	ldi	r30, 0x4E	; 78
    157e:	f0 e0       	ldi	r31, 0x00	; 0
    1580:	80 81       	ld	r24, Z
    1582:	80 64       	ori	r24, 0x40	; 64
    1584:	8c 93       	st	X, r24
    1586:	07 c0       	rjmp	.+14     	; 0x1596 <MTIMERS_vSetTrigger+0x4a>
		 break;
	 case TRIG_TYPE_FALLING:
		 CLR_BIT(TCCR1B , 6);
    1588:	ae e4       	ldi	r26, 0x4E	; 78
    158a:	b0 e0       	ldi	r27, 0x00	; 0
    158c:	ee e4       	ldi	r30, 0x4E	; 78
    158e:	f0 e0       	ldi	r31, 0x00	; 0
    1590:	80 81       	ld	r24, Z
    1592:	8f 7b       	andi	r24, 0xBF	; 191
    1594:	8c 93       	st	X, r24
		 break;
	 }
	 SET_BIT(TIFR , 5);
    1596:	a8 e5       	ldi	r26, 0x58	; 88
    1598:	b0 e0       	ldi	r27, 0x00	; 0
    159a:	e8 e5       	ldi	r30, 0x58	; 88
    159c:	f0 e0       	ldi	r31, 0x00	; 0
    159e:	80 81       	ld	r24, Z
    15a0:	80 62       	ori	r24, 0x20	; 32
    15a2:	8c 93       	st	X, r24
 }
    15a4:	0f 90       	pop	r0
    15a6:	0f 90       	pop	r0
    15a8:	0f 90       	pop	r0
    15aa:	cf 91       	pop	r28
    15ac:	df 91       	pop	r29
    15ae:	08 95       	ret

000015b0 <MTIMERS_u16GetCapturedValue>:
 u16 MTIMERS_u16GetCapturedValue(void)
{
    15b0:	df 93       	push	r29
    15b2:	cf 93       	push	r28
    15b4:	cd b7       	in	r28, 0x3d	; 61
    15b6:	de b7       	in	r29, 0x3e	; 62
	return ICR1 ;
    15b8:	e6 e4       	ldi	r30, 0x46	; 70
    15ba:	f0 e0       	ldi	r31, 0x00	; 0
    15bc:	80 81       	ld	r24, Z
    15be:	91 81       	ldd	r25, Z+1	; 0x01
}
    15c0:	cf 91       	pop	r28
    15c2:	df 91       	pop	r29
    15c4:	08 95       	ret

000015c6 <MTIMERS_vSetICU_CB>:
MTIMERS_vSetICU_CB(void (*Fptr)(void))
{
    15c6:	df 93       	push	r29
    15c8:	cf 93       	push	r28
    15ca:	00 d0       	rcall	.+0      	; 0x15cc <MTIMERS_vSetICU_CB+0x6>
    15cc:	cd b7       	in	r28, 0x3d	; 61
    15ce:	de b7       	in	r29, 0x3e	; 62
    15d0:	9a 83       	std	Y+2, r25	; 0x02
    15d2:	89 83       	std	Y+1, r24	; 0x01
	G_TIMER_ICU_CB = Fptr ;
    15d4:	89 81       	ldd	r24, Y+1	; 0x01
    15d6:	9a 81       	ldd	r25, Y+2	; 0x02
    15d8:	90 93 e0 00 	sts	0x00E0, r25
    15dc:	80 93 df 00 	sts	0x00DF, r24
}
    15e0:	0f 90       	pop	r0
    15e2:	0f 90       	pop	r0
    15e4:	cf 91       	pop	r28
    15e6:	df 91       	pop	r29
    15e8:	08 95       	ret

000015ea <__vector_11>:

// tim0 overflow
void __vector_11(void) __attribute__((signal));
void __vector_11(void)
{
    15ea:	1f 92       	push	r1
    15ec:	0f 92       	push	r0
    15ee:	0f b6       	in	r0, 0x3f	; 63
    15f0:	0f 92       	push	r0
    15f2:	11 24       	eor	r1, r1
    15f4:	2f 93       	push	r18
    15f6:	3f 93       	push	r19
    15f8:	4f 93       	push	r20
    15fa:	5f 93       	push	r21
    15fc:	6f 93       	push	r22
    15fe:	7f 93       	push	r23
    1600:	8f 93       	push	r24
    1602:	9f 93       	push	r25
    1604:	af 93       	push	r26
    1606:	bf 93       	push	r27
    1608:	ef 93       	push	r30
    160a:	ff 93       	push	r31
    160c:	df 93       	push	r29
    160e:	cf 93       	push	r28
    1610:	cd b7       	in	r28, 0x3d	; 61
    1612:	de b7       	in	r29, 0x3e	; 62
	//A local static unsigned 32-bit variable used to count timer overflows."
	static u32 LS_u32T_OVF = 0;


	LS_u32T_OVF++;
    1614:	80 91 e6 00 	lds	r24, 0x00E6
    1618:	90 91 e7 00 	lds	r25, 0x00E7
    161c:	a0 91 e8 00 	lds	r26, 0x00E8
    1620:	b0 91 e9 00 	lds	r27, 0x00E9
    1624:	01 96       	adiw	r24, 0x01	; 1
    1626:	a1 1d       	adc	r26, r1
    1628:	b1 1d       	adc	r27, r1
    162a:	80 93 e6 00 	sts	0x00E6, r24
    162e:	90 93 e7 00 	sts	0x00E7, r25
    1632:	a0 93 e8 00 	sts	0x00E8, r26
    1636:	b0 93 e9 00 	sts	0x00E9, r27
	if(LS_u32T_OVF == G_32IntervalCount)
    163a:	20 91 e6 00 	lds	r18, 0x00E6
    163e:	30 91 e7 00 	lds	r19, 0x00E7
    1642:	40 91 e8 00 	lds	r20, 0x00E8
    1646:	50 91 e9 00 	lds	r21, 0x00E9
    164a:	80 91 e2 00 	lds	r24, 0x00E2
    164e:	90 91 e3 00 	lds	r25, 0x00E3
    1652:	a0 91 e4 00 	lds	r26, 0x00E4
    1656:	b0 91 e5 00 	lds	r27, 0x00E5
    165a:	28 17       	cp	r18, r24
    165c:	39 07       	cpc	r19, r25
    165e:	4a 07       	cpc	r20, r26
    1660:	5b 07       	cpc	r21, r27
    1662:	c1 f4       	brne	.+48     	; 0x1694 <__vector_11+0xaa>
	{
	    // Reload the preload value FOR THE NEXT INTERVAL
		TCNT0 = G_u8Time0Preload;
    1664:	e2 e5       	ldi	r30, 0x52	; 82
    1666:	f0 e0       	ldi	r31, 0x00	; 0
    1668:	80 91 e1 00 	lds	r24, 0x00E1
    166c:	80 83       	st	Z, r24

		if(G_TIMER_OVF_CB != NULL)
    166e:	80 91 db 00 	lds	r24, 0x00DB
    1672:	90 91 dc 00 	lds	r25, 0x00DC
    1676:	00 97       	sbiw	r24, 0x00	; 0
    1678:	29 f0       	breq	.+10     	; 0x1684 <__vector_11+0x9a>
		{
			G_TIMER_OVF_CB();
    167a:	e0 91 db 00 	lds	r30, 0x00DB
    167e:	f0 91 dc 00 	lds	r31, 0x00DC
    1682:	09 95       	icall
		}
		LS_u32T_OVF = 0;
    1684:	10 92 e6 00 	sts	0x00E6, r1
    1688:	10 92 e7 00 	sts	0x00E7, r1
    168c:	10 92 e8 00 	sts	0x00E8, r1
    1690:	10 92 e9 00 	sts	0x00E9, r1
	}

}
    1694:	cf 91       	pop	r28
    1696:	df 91       	pop	r29
    1698:	ff 91       	pop	r31
    169a:	ef 91       	pop	r30
    169c:	bf 91       	pop	r27
    169e:	af 91       	pop	r26
    16a0:	9f 91       	pop	r25
    16a2:	8f 91       	pop	r24
    16a4:	7f 91       	pop	r23
    16a6:	6f 91       	pop	r22
    16a8:	5f 91       	pop	r21
    16aa:	4f 91       	pop	r20
    16ac:	3f 91       	pop	r19
    16ae:	2f 91       	pop	r18
    16b0:	0f 90       	pop	r0
    16b2:	0f be       	out	0x3f, r0	; 63
    16b4:	0f 90       	pop	r0
    16b6:	1f 90       	pop	r1
    16b8:	18 95       	reti

000016ba <__vector_10>:

//tim0 ctc
void __vector_10(void) __attribute__((signal));
void __vector_10(void)
{
    16ba:	1f 92       	push	r1
    16bc:	0f 92       	push	r0
    16be:	0f b6       	in	r0, 0x3f	; 63
    16c0:	0f 92       	push	r0
    16c2:	11 24       	eor	r1, r1
    16c4:	2f 93       	push	r18
    16c6:	3f 93       	push	r19
    16c8:	4f 93       	push	r20
    16ca:	5f 93       	push	r21
    16cc:	6f 93       	push	r22
    16ce:	7f 93       	push	r23
    16d0:	8f 93       	push	r24
    16d2:	9f 93       	push	r25
    16d4:	af 93       	push	r26
    16d6:	bf 93       	push	r27
    16d8:	ef 93       	push	r30
    16da:	ff 93       	push	r31
    16dc:	df 93       	push	r29
    16de:	cf 93       	push	r28
    16e0:	cd b7       	in	r28, 0x3d	; 61
    16e2:	de b7       	in	r29, 0x3e	; 62
	static u32 LS_u32Counter = 0;
	LS_u32Counter++;
    16e4:	80 91 ea 00 	lds	r24, 0x00EA
    16e8:	90 91 eb 00 	lds	r25, 0x00EB
    16ec:	a0 91 ec 00 	lds	r26, 0x00EC
    16f0:	b0 91 ed 00 	lds	r27, 0x00ED
    16f4:	01 96       	adiw	r24, 0x01	; 1
    16f6:	a1 1d       	adc	r26, r1
    16f8:	b1 1d       	adc	r27, r1
    16fa:	80 93 ea 00 	sts	0x00EA, r24
    16fe:	90 93 eb 00 	sts	0x00EB, r25
    1702:	a0 93 ec 00 	sts	0x00EC, r26
    1706:	b0 93 ed 00 	sts	0x00ED, r27
	if(LS_u32Counter == G_32IntervalCount)
    170a:	20 91 ea 00 	lds	r18, 0x00EA
    170e:	30 91 eb 00 	lds	r19, 0x00EB
    1712:	40 91 ec 00 	lds	r20, 0x00EC
    1716:	50 91 ed 00 	lds	r21, 0x00ED
    171a:	80 91 e2 00 	lds	r24, 0x00E2
    171e:	90 91 e3 00 	lds	r25, 0x00E3
    1722:	a0 91 e4 00 	lds	r26, 0x00E4
    1726:	b0 91 e5 00 	lds	r27, 0x00E5
    172a:	28 17       	cp	r18, r24
    172c:	39 07       	cpc	r19, r25
    172e:	4a 07       	cpc	r20, r26
    1730:	5b 07       	cpc	r21, r27
    1732:	99 f4       	brne	.+38     	; 0x175a <__vector_10+0xa0>
	{
		if(G_TIMER_CTC_CB != NULL)
    1734:	80 91 dd 00 	lds	r24, 0x00DD
    1738:	90 91 de 00 	lds	r25, 0x00DE
    173c:	00 97       	sbiw	r24, 0x00	; 0
    173e:	29 f0       	breq	.+10     	; 0x174a <__vector_10+0x90>
		{
			G_TIMER_CTC_CB();
    1740:	e0 91 dd 00 	lds	r30, 0x00DD
    1744:	f0 91 de 00 	lds	r31, 0x00DE
    1748:	09 95       	icall
		}
		LS_u32Counter = 0;
    174a:	10 92 ea 00 	sts	0x00EA, r1
    174e:	10 92 eb 00 	sts	0x00EB, r1
    1752:	10 92 ec 00 	sts	0x00EC, r1
    1756:	10 92 ed 00 	sts	0x00ED, r1

	}
}
    175a:	cf 91       	pop	r28
    175c:	df 91       	pop	r29
    175e:	ff 91       	pop	r31
    1760:	ef 91       	pop	r30
    1762:	bf 91       	pop	r27
    1764:	af 91       	pop	r26
    1766:	9f 91       	pop	r25
    1768:	8f 91       	pop	r24
    176a:	7f 91       	pop	r23
    176c:	6f 91       	pop	r22
    176e:	5f 91       	pop	r21
    1770:	4f 91       	pop	r20
    1772:	3f 91       	pop	r19
    1774:	2f 91       	pop	r18
    1776:	0f 90       	pop	r0
    1778:	0f be       	out	0x3f, r0	; 63
    177a:	0f 90       	pop	r0
    177c:	1f 90       	pop	r1
    177e:	18 95       	reti

00001780 <__vector_6>:
//ICU
void __vector_6(void) __attribute__((signal));
void __vector_6(void)
{
    1780:	1f 92       	push	r1
    1782:	0f 92       	push	r0
    1784:	0f b6       	in	r0, 0x3f	; 63
    1786:	0f 92       	push	r0
    1788:	11 24       	eor	r1, r1
    178a:	2f 93       	push	r18
    178c:	3f 93       	push	r19
    178e:	4f 93       	push	r20
    1790:	5f 93       	push	r21
    1792:	6f 93       	push	r22
    1794:	7f 93       	push	r23
    1796:	8f 93       	push	r24
    1798:	9f 93       	push	r25
    179a:	af 93       	push	r26
    179c:	bf 93       	push	r27
    179e:	ef 93       	push	r30
    17a0:	ff 93       	push	r31
    17a2:	df 93       	push	r29
    17a4:	cf 93       	push	r28
    17a6:	cd b7       	in	r28, 0x3d	; 61
    17a8:	de b7       	in	r29, 0x3e	; 62
		if(G_TIMER_ICU_CB != NULL)
    17aa:	80 91 df 00 	lds	r24, 0x00DF
    17ae:	90 91 e0 00 	lds	r25, 0x00E0
    17b2:	00 97       	sbiw	r24, 0x00	; 0
    17b4:	29 f0       	breq	.+10     	; 0x17c0 <__vector_6+0x40>
		{
			G_TIMER_ICU_CB();
    17b6:	e0 91 df 00 	lds	r30, 0x00DF
    17ba:	f0 91 e0 00 	lds	r31, 0x00E0
    17be:	09 95       	icall
		}

}
    17c0:	cf 91       	pop	r28
    17c2:	df 91       	pop	r29
    17c4:	ff 91       	pop	r31
    17c6:	ef 91       	pop	r30
    17c8:	bf 91       	pop	r27
    17ca:	af 91       	pop	r26
    17cc:	9f 91       	pop	r25
    17ce:	8f 91       	pop	r24
    17d0:	7f 91       	pop	r23
    17d2:	6f 91       	pop	r22
    17d4:	5f 91       	pop	r21
    17d6:	4f 91       	pop	r20
    17d8:	3f 91       	pop	r19
    17da:	2f 91       	pop	r18
    17dc:	0f 90       	pop	r0
    17de:	0f be       	out	0x3f, r0	; 63
    17e0:	0f 90       	pop	r0
    17e2:	1f 90       	pop	r1
    17e4:	18 95       	reti

000017e6 <MSPI_vInit>:
#include "SPI_int.h"
#include "SPI_prv.h"
#include "SPI_cfg.h"

void MSPI_vInit(void)
{
    17e6:	df 93       	push	r29
    17e8:	cf 93       	push	r28
    17ea:	cd b7       	in	r28, 0x3d	; 61
    17ec:	de b7       	in	r29, 0x3e	; 62
#if SPI_MODE == SPI_MASTER
	MDIO_vSetPinDir(DIO_PORTB, DIO_PIN4, DIO_OUTPUT);   		// SS
    17ee:	81 e0       	ldi	r24, 0x01	; 1
    17f0:	64 e0       	ldi	r22, 0x04	; 4
    17f2:	41 e0       	ldi	r20, 0x01	; 1
    17f4:	0e 94 76 0d 	call	0x1aec	; 0x1aec <MDIO_vSetPinDir>
	MDIO_vSetPinDir(DIO_PORTB, DIO_PIN5, DIO_OUTPUT);           // MOSI
    17f8:	81 e0       	ldi	r24, 0x01	; 1
    17fa:	65 e0       	ldi	r22, 0x05	; 5
    17fc:	41 e0       	ldi	r20, 0x01	; 1
    17fe:	0e 94 76 0d 	call	0x1aec	; 0x1aec <MDIO_vSetPinDir>
	MDIO_vSetPinDir(DIO_PORTB, DIO_PIN7, DIO_OUTPUT);          	// sck
    1802:	81 e0       	ldi	r24, 0x01	; 1
    1804:	67 e0       	ldi	r22, 0x07	; 7
    1806:	41 e0       	ldi	r20, 0x01	; 1
    1808:	0e 94 76 0d 	call	0x1aec	; 0x1aec <MDIO_vSetPinDir>
	MDIO_vSetPinDir(DIO_PORTB, DIO_PIN6, DIO_INPUT);          	// MISO
    180c:	81 e0       	ldi	r24, 0x01	; 1
    180e:	66 e0       	ldi	r22, 0x06	; 6
    1810:	40 e0       	ldi	r20, 0x00	; 0
    1812:	0e 94 76 0d 	call	0x1aec	; 0x1aec <MDIO_vSetPinDir>
	MDIO_vSetPinVal(DIO_PORTB, DIO_PIN6, DIO_HIGH);				// pullup resistor
    1816:	81 e0       	ldi	r24, 0x01	; 1
    1818:	66 e0       	ldi	r22, 0x06	; 6
    181a:	41 e0       	ldi	r20, 0x01	; 1
    181c:	0e 94 6d 0e 	call	0x1cda	; 0x1cda <MDIO_vSetPinVal>

	// SPI enable | Master | pre_64
	SPCR = 0b01011010;      // MSTR = 1
    1820:	ed e2       	ldi	r30, 0x2D	; 45
    1822:	f0 e0       	ldi	r31, 0x00	; 0
    1824:	8a e5       	ldi	r24, 0x5A	; 90
    1826:	80 83       	st	Z, r24
    SPCR = 0b01001010;
	#endif


	//double speed disable
	CLR_BIT(SPSR, 0);
    1828:	ae e2       	ldi	r26, 0x2E	; 46
    182a:	b0 e0       	ldi	r27, 0x00	; 0
    182c:	ee e2       	ldi	r30, 0x2E	; 46
    182e:	f0 e0       	ldi	r31, 0x00	; 0
    1830:	80 81       	ld	r24, Z
    1832:	8e 7f       	andi	r24, 0xFE	; 254
    1834:	8c 93       	st	X, r24
}
    1836:	cf 91       	pop	r28
    1838:	df 91       	pop	r29
    183a:	08 95       	ret

0000183c <MSPI_vTransmit>:


void MSPI_vTransmit(u8 A_u8Byte)
{
    183c:	df 93       	push	r29
    183e:	cf 93       	push	r28
    1840:	0f 92       	push	r0
    1842:	cd b7       	in	r28, 0x3d	; 61
    1844:	de b7       	in	r29, 0x3e	; 62
    1846:	89 83       	std	Y+1, r24	; 0x01
	/* Start transmission */
	SPDR = A_u8Byte;
    1848:	ef e2       	ldi	r30, 0x2F	; 47
    184a:	f0 e0       	ldi	r31, 0x00	; 0
    184c:	89 81       	ldd	r24, Y+1	; 0x01
    184e:	80 83       	st	Z, r24

	/* Wait for transmission complete */
	while(!GET_BIT(SPSR, SPIF))
    1850:	ee e2       	ldi	r30, 0x2E	; 46
    1852:	f0 e0       	ldi	r31, 0x00	; 0
    1854:	80 81       	ld	r24, Z
    1856:	88 23       	and	r24, r24
    1858:	dc f7       	brge	.-10     	; 0x1850 <MSPI_vTransmit+0x14>
		;
}
    185a:	0f 90       	pop	r0
    185c:	cf 91       	pop	r28
    185e:	df 91       	pop	r29
    1860:	08 95       	ret

00001862 <MSPI_u8Receive>:
u8 MSPI_u8Receive(void)
{
    1862:	df 93       	push	r29
    1864:	cf 93       	push	r28
    1866:	cd b7       	in	r28, 0x3d	; 61
    1868:	de b7       	in	r29, 0x3e	; 62
	/* Wait for reception complete */
	while(!GET_BIT(SPSR, SPIF))
    186a:	ee e2       	ldi	r30, 0x2E	; 46
    186c:	f0 e0       	ldi	r31, 0x00	; 0
    186e:	80 81       	ld	r24, Z
    1870:	88 23       	and	r24, r24
    1872:	dc f7       	brge	.-10     	; 0x186a <MSPI_u8Receive+0x8>
		;
	/* Return data register */
	return SPDR;
    1874:	ef e2       	ldi	r30, 0x2F	; 47
    1876:	f0 e0       	ldi	r31, 0x00	; 0
    1878:	80 81       	ld	r24, Z
}
    187a:	cf 91       	pop	r28
    187c:	df 91       	pop	r29
    187e:	08 95       	ret

00001880 <MSPI_vTransceive>:


u8 MSPI_vTransceive(u8 A_u8Byte)
{
    1880:	df 93       	push	r29
    1882:	cf 93       	push	r28
    1884:	0f 92       	push	r0
    1886:	cd b7       	in	r28, 0x3d	; 61
    1888:	de b7       	in	r29, 0x3e	; 62
    188a:	89 83       	std	Y+1, r24	; 0x01
	/* Start transmission */
	SPDR = A_u8Byte;
    188c:	ef e2       	ldi	r30, 0x2F	; 47
    188e:	f0 e0       	ldi	r31, 0x00	; 0
    1890:	89 81       	ldd	r24, Y+1	; 0x01
    1892:	80 83       	st	Z, r24

	/* Wait for transmission complete */
	while(!GET_BIT(SPSR, SPIF))
    1894:	ee e2       	ldi	r30, 0x2E	; 46
    1896:	f0 e0       	ldi	r31, 0x00	; 0
    1898:	80 81       	ld	r24, Z
    189a:	88 23       	and	r24, r24
    189c:	dc f7       	brge	.-10     	; 0x1894 <MSPI_vTransceive+0x14>
		;

	/* Return data register */
	return SPDR;
    189e:	ef e2       	ldi	r30, 0x2F	; 47
    18a0:	f0 e0       	ldi	r31, 0x00	; 0
    18a2:	80 81       	ld	r24, Z

}
    18a4:	0f 90       	pop	r0
    18a6:	cf 91       	pop	r28
    18a8:	df 91       	pop	r29
    18aa:	08 95       	ret

000018ac <MGIE_vEnableGlobalInterrupt>:
#include "GIE_int.h"
#include "GIE_prv.h"


void MGIE_vEnableGlobalInterrupt(void)
{
    18ac:	df 93       	push	r29
    18ae:	cf 93       	push	r28
    18b0:	cd b7       	in	r28, 0x3d	; 61
    18b2:	de b7       	in	r29, 0x3e	; 62
	SET_BIT(SREG,7);
    18b4:	af e5       	ldi	r26, 0x5F	; 95
    18b6:	b0 e0       	ldi	r27, 0x00	; 0
    18b8:	ef e5       	ldi	r30, 0x5F	; 95
    18ba:	f0 e0       	ldi	r31, 0x00	; 0
    18bc:	80 81       	ld	r24, Z
    18be:	80 68       	ori	r24, 0x80	; 128
    18c0:	8c 93       	st	X, r24
}
    18c2:	cf 91       	pop	r28
    18c4:	df 91       	pop	r29
    18c6:	08 95       	ret

000018c8 <MGIE_vDisableGlobalInterrupt>:
void MGIE_vDisableGlobalInterrupt(void)
{
    18c8:	df 93       	push	r29
    18ca:	cf 93       	push	r28
    18cc:	cd b7       	in	r28, 0x3d	; 61
    18ce:	de b7       	in	r29, 0x3e	; 62
	CLR_BIT(SREG,7);
    18d0:	af e5       	ldi	r26, 0x5F	; 95
    18d2:	b0 e0       	ldi	r27, 0x00	; 0
    18d4:	ef e5       	ldi	r30, 0x5F	; 95
    18d6:	f0 e0       	ldi	r31, 0x00	; 0
    18d8:	80 81       	ld	r24, Z
    18da:	8f 77       	andi	r24, 0x7F	; 127
    18dc:	8c 93       	st	X, r24
}
    18de:	cf 91       	pop	r28
    18e0:	df 91       	pop	r29
    18e2:	08 95       	ret

000018e4 <MEXTI_vInit>:
//wild pointer
 static void (* G_EXTI_Callback[3])(void) = {NULL};


void MEXTI_vInit(void)
{
    18e4:	df 93       	push	r29
    18e6:	cf 93       	push	r28
    18e8:	cd b7       	in	r28, 0x3d	; 61
    18ea:	de b7       	in	r29, 0x3e	; 62
	// falling edge for INT0
	CLR_BIT(MCUCR,0);
	SET_BIT(MCUCR,1);
#elif EXTI_INT0_SENSE_CTRL == EXTI_RISING
	// rising edge for INT0
	SET_BIT(MCUCR,0);
    18ec:	a5 e5       	ldi	r26, 0x55	; 85
    18ee:	b0 e0       	ldi	r27, 0x00	; 0
    18f0:	e5 e5       	ldi	r30, 0x55	; 85
    18f2:	f0 e0       	ldi	r31, 0x00	; 0
    18f4:	80 81       	ld	r24, Z
    18f6:	81 60       	ori	r24, 0x01	; 1
    18f8:	8c 93       	st	X, r24
	SET_BIT(MCUCR,1);
    18fa:	a5 e5       	ldi	r26, 0x55	; 85
    18fc:	b0 e0       	ldi	r27, 0x00	; 0
    18fe:	e5 e5       	ldi	r30, 0x55	; 85
    1900:	f0 e0       	ldi	r31, 0x00	; 0
    1902:	80 81       	ld	r24, Z
    1904:	82 60       	ori	r24, 0x02	; 2
    1906:	8c 93       	st	X, r24
	CLR_BIT(MCUCR,1);
#else
#error "Sense control must be EXTI_FALLING , EXTI_RISING , EXTI_LOW_LVL or EXTI_ONCHANGE "
#endif
	/* Enable interrupt */
	SET_BIT(GICR,6);
    1908:	ab e5       	ldi	r26, 0x5B	; 91
    190a:	b0 e0       	ldi	r27, 0x00	; 0
    190c:	eb e5       	ldi	r30, 0x5B	; 91
    190e:	f0 e0       	ldi	r31, 0x00	; 0
    1910:	80 81       	ld	r24, Z
    1912:	80 64       	ori	r24, 0x40	; 64
    1914:	8c 93       	st	X, r24

#if EXTI_INT1_STATE == ENABLE
	/* Sense control */
#if EXTI_INT1_SENSE_CTRL == EXTI_FALLING
	// falling edge for INT1
	CLR_BIT(MCUCR,2);
    1916:	a5 e5       	ldi	r26, 0x55	; 85
    1918:	b0 e0       	ldi	r27, 0x00	; 0
    191a:	e5 e5       	ldi	r30, 0x55	; 85
    191c:	f0 e0       	ldi	r31, 0x00	; 0
    191e:	80 81       	ld	r24, Z
    1920:	8b 7f       	andi	r24, 0xFB	; 251
    1922:	8c 93       	st	X, r24
	SET_BIT(MCUCR,3);
    1924:	a5 e5       	ldi	r26, 0x55	; 85
    1926:	b0 e0       	ldi	r27, 0x00	; 0
    1928:	e5 e5       	ldi	r30, 0x55	; 85
    192a:	f0 e0       	ldi	r31, 0x00	; 0
    192c:	80 81       	ld	r24, Z
    192e:	88 60       	ori	r24, 0x08	; 8
    1930:	8c 93       	st	X, r24
	CLR_BIT(MCUCR,3);
#else
#error "Sense control must be EXTI_FALLING , EXTI_RISING , EXTI_LOW_LVL or EXTI_ONCHANGE "
#endif
	/* Enable interrupt */
	SET_BIT(GICR,7);
    1932:	ab e5       	ldi	r26, 0x5B	; 91
    1934:	b0 e0       	ldi	r27, 0x00	; 0
    1936:	eb e5       	ldi	r30, 0x5B	; 91
    1938:	f0 e0       	ldi	r31, 0x00	; 0
    193a:	80 81       	ld	r24, Z
    193c:	80 68       	ori	r24, 0x80	; 128
    193e:	8c 93       	st	X, r24
#endif
	/* Enable interrupt */
	SET_BIT(GICR,5);
#endif

}
    1940:	cf 91       	pop	r28
    1942:	df 91       	pop	r29
    1944:	08 95       	ret

00001946 <MEXTI_vCallBackFunction>:
void MEXTI_vCallBackFunction( void (*Fptr)(void), u8 A_u8InterruptNo)
{
    1946:	df 93       	push	r29
    1948:	cf 93       	push	r28
    194a:	00 d0       	rcall	.+0      	; 0x194c <MEXTI_vCallBackFunction+0x6>
    194c:	0f 92       	push	r0
    194e:	cd b7       	in	r28, 0x3d	; 61
    1950:	de b7       	in	r29, 0x3e	; 62
    1952:	9a 83       	std	Y+2, r25	; 0x02
    1954:	89 83       	std	Y+1, r24	; 0x01
    1956:	6b 83       	std	Y+3, r22	; 0x03
   G_EXTI_Callback[A_u8InterruptNo] = Fptr;
    1958:	8b 81       	ldd	r24, Y+3	; 0x03
    195a:	88 2f       	mov	r24, r24
    195c:	90 e0       	ldi	r25, 0x00	; 0
    195e:	88 0f       	add	r24, r24
    1960:	99 1f       	adc	r25, r25
    1962:	fc 01       	movw	r30, r24
    1964:	e2 51       	subi	r30, 0x12	; 18
    1966:	ff 4f       	sbci	r31, 0xFF	; 255
    1968:	89 81       	ldd	r24, Y+1	; 0x01
    196a:	9a 81       	ldd	r25, Y+2	; 0x02
    196c:	91 83       	std	Z+1, r25	; 0x01
    196e:	80 83       	st	Z, r24
}
    1970:	0f 90       	pop	r0
    1972:	0f 90       	pop	r0
    1974:	0f 90       	pop	r0
    1976:	cf 91       	pop	r28
    1978:	df 91       	pop	r29
    197a:	08 95       	ret

0000197c <__vector_3>:
void __vector_3(void) __attribute__((signal));
void __vector_3(void){
    197c:	1f 92       	push	r1
    197e:	0f 92       	push	r0
    1980:	0f b6       	in	r0, 0x3f	; 63
    1982:	0f 92       	push	r0
    1984:	11 24       	eor	r1, r1
    1986:	2f 93       	push	r18
    1988:	3f 93       	push	r19
    198a:	4f 93       	push	r20
    198c:	5f 93       	push	r21
    198e:	6f 93       	push	r22
    1990:	7f 93       	push	r23
    1992:	8f 93       	push	r24
    1994:	9f 93       	push	r25
    1996:	af 93       	push	r26
    1998:	bf 93       	push	r27
    199a:	ef 93       	push	r30
    199c:	ff 93       	push	r31
    199e:	df 93       	push	r29
    19a0:	cf 93       	push	r28
    19a2:	cd b7       	in	r28, 0x3d	; 61
    19a4:	de b7       	in	r29, 0x3e	; 62
	if(G_EXTI_Callback[EXTI_INT2_ID] != NULL)
    19a6:	80 91 f2 00 	lds	r24, 0x00F2
    19aa:	90 91 f3 00 	lds	r25, 0x00F3
    19ae:	00 97       	sbiw	r24, 0x00	; 0
    19b0:	29 f0       	breq	.+10     	; 0x19bc <__vector_3+0x40>
	{
		G_EXTI_Callback[EXTI_INT2_ID]();
    19b2:	e0 91 f2 00 	lds	r30, 0x00F2
    19b6:	f0 91 f3 00 	lds	r31, 0x00F3
    19ba:	09 95       	icall

	}
}
    19bc:	cf 91       	pop	r28
    19be:	df 91       	pop	r29
    19c0:	ff 91       	pop	r31
    19c2:	ef 91       	pop	r30
    19c4:	bf 91       	pop	r27
    19c6:	af 91       	pop	r26
    19c8:	9f 91       	pop	r25
    19ca:	8f 91       	pop	r24
    19cc:	7f 91       	pop	r23
    19ce:	6f 91       	pop	r22
    19d0:	5f 91       	pop	r21
    19d2:	4f 91       	pop	r20
    19d4:	3f 91       	pop	r19
    19d6:	2f 91       	pop	r18
    19d8:	0f 90       	pop	r0
    19da:	0f be       	out	0x3f, r0	; 63
    19dc:	0f 90       	pop	r0
    19de:	1f 90       	pop	r1
    19e0:	18 95       	reti

000019e2 <__vector_2>:
void __vector_2(void) __attribute__((signal));
void __vector_2(void){
    19e2:	1f 92       	push	r1
    19e4:	0f 92       	push	r0
    19e6:	0f b6       	in	r0, 0x3f	; 63
    19e8:	0f 92       	push	r0
    19ea:	11 24       	eor	r1, r1
    19ec:	2f 93       	push	r18
    19ee:	3f 93       	push	r19
    19f0:	4f 93       	push	r20
    19f2:	5f 93       	push	r21
    19f4:	6f 93       	push	r22
    19f6:	7f 93       	push	r23
    19f8:	8f 93       	push	r24
    19fa:	9f 93       	push	r25
    19fc:	af 93       	push	r26
    19fe:	bf 93       	push	r27
    1a00:	ef 93       	push	r30
    1a02:	ff 93       	push	r31
    1a04:	df 93       	push	r29
    1a06:	cf 93       	push	r28
    1a08:	cd b7       	in	r28, 0x3d	; 61
    1a0a:	de b7       	in	r29, 0x3e	; 62
	if(G_EXTI_Callback[EXTI_INT1_ID] != NULL)
    1a0c:	80 91 f0 00 	lds	r24, 0x00F0
    1a10:	90 91 f1 00 	lds	r25, 0x00F1
    1a14:	00 97       	sbiw	r24, 0x00	; 0
    1a16:	29 f0       	breq	.+10     	; 0x1a22 <__vector_2+0x40>
	{
		G_EXTI_Callback[EXTI_INT1_ID]();
    1a18:	e0 91 f0 00 	lds	r30, 0x00F0
    1a1c:	f0 91 f1 00 	lds	r31, 0x00F1
    1a20:	09 95       	icall

	}
}
    1a22:	cf 91       	pop	r28
    1a24:	df 91       	pop	r29
    1a26:	ff 91       	pop	r31
    1a28:	ef 91       	pop	r30
    1a2a:	bf 91       	pop	r27
    1a2c:	af 91       	pop	r26
    1a2e:	9f 91       	pop	r25
    1a30:	8f 91       	pop	r24
    1a32:	7f 91       	pop	r23
    1a34:	6f 91       	pop	r22
    1a36:	5f 91       	pop	r21
    1a38:	4f 91       	pop	r20
    1a3a:	3f 91       	pop	r19
    1a3c:	2f 91       	pop	r18
    1a3e:	0f 90       	pop	r0
    1a40:	0f be       	out	0x3f, r0	; 63
    1a42:	0f 90       	pop	r0
    1a44:	1f 90       	pop	r1
    1a46:	18 95       	reti

00001a48 <__vector_1>:
//Declaration for isr
//Function void and return void
void __vector_1(void) __attribute__((signal));
void __vector_1(void){
    1a48:	1f 92       	push	r1
    1a4a:	0f 92       	push	r0
    1a4c:	0f b6       	in	r0, 0x3f	; 63
    1a4e:	0f 92       	push	r0
    1a50:	11 24       	eor	r1, r1
    1a52:	2f 93       	push	r18
    1a54:	3f 93       	push	r19
    1a56:	4f 93       	push	r20
    1a58:	5f 93       	push	r21
    1a5a:	6f 93       	push	r22
    1a5c:	7f 93       	push	r23
    1a5e:	8f 93       	push	r24
    1a60:	9f 93       	push	r25
    1a62:	af 93       	push	r26
    1a64:	bf 93       	push	r27
    1a66:	ef 93       	push	r30
    1a68:	ff 93       	push	r31
    1a6a:	df 93       	push	r29
    1a6c:	cf 93       	push	r28
    1a6e:	cd b7       	in	r28, 0x3d	; 61
    1a70:	de b7       	in	r29, 0x3e	; 62
	if(G_EXTI_Callback[EXTI_INT0_ID] != NULL)
    1a72:	80 91 ee 00 	lds	r24, 0x00EE
    1a76:	90 91 ef 00 	lds	r25, 0x00EF
    1a7a:	00 97       	sbiw	r24, 0x00	; 0
    1a7c:	29 f0       	breq	.+10     	; 0x1a88 <__vector_1+0x40>
	{
		G_EXTI_Callback[EXTI_INT0_ID]();
    1a7e:	e0 91 ee 00 	lds	r30, 0x00EE
    1a82:	f0 91 ef 00 	lds	r31, 0x00EF
    1a86:	09 95       	icall

	}
}
    1a88:	cf 91       	pop	r28
    1a8a:	df 91       	pop	r29
    1a8c:	ff 91       	pop	r31
    1a8e:	ef 91       	pop	r30
    1a90:	bf 91       	pop	r27
    1a92:	af 91       	pop	r26
    1a94:	9f 91       	pop	r25
    1a96:	8f 91       	pop	r24
    1a98:	7f 91       	pop	r23
    1a9a:	6f 91       	pop	r22
    1a9c:	5f 91       	pop	r21
    1a9e:	4f 91       	pop	r20
    1aa0:	3f 91       	pop	r19
    1aa2:	2f 91       	pop	r18
    1aa4:	0f 90       	pop	r0
    1aa6:	0f be       	out	0x3f, r0	; 63
    1aa8:	0f 90       	pop	r0
    1aaa:	1f 90       	pop	r1
    1aac:	18 95       	reti

00001aae <MDIO_vInit>:

#include "DIO_int.h"
#include "DIO_prv.h"

void MDIO_vInit(void)
{
    1aae:	df 93       	push	r29
    1ab0:	cf 93       	push	r28
    1ab2:	cd b7       	in	r28, 0x3d	; 61
    1ab4:	de b7       	in	r29, 0x3e	; 62
	DDRA  = 0;
    1ab6:	ea e3       	ldi	r30, 0x3A	; 58
    1ab8:	f0 e0       	ldi	r31, 0x00	; 0
    1aba:	10 82       	st	Z, r1
	DDRB  = 0;
    1abc:	e7 e3       	ldi	r30, 0x37	; 55
    1abe:	f0 e0       	ldi	r31, 0x00	; 0
    1ac0:	10 82       	st	Z, r1
	DDRC  = 0;
    1ac2:	e4 e3       	ldi	r30, 0x34	; 52
    1ac4:	f0 e0       	ldi	r31, 0x00	; 0
    1ac6:	10 82       	st	Z, r1
	DDRD  = 0;
    1ac8:	e1 e3       	ldi	r30, 0x31	; 49
    1aca:	f0 e0       	ldi	r31, 0x00	; 0
    1acc:	10 82       	st	Z, r1

	PORTA = 0;
    1ace:	eb e3       	ldi	r30, 0x3B	; 59
    1ad0:	f0 e0       	ldi	r31, 0x00	; 0
    1ad2:	10 82       	st	Z, r1
	PORTB = 0;
    1ad4:	e8 e3       	ldi	r30, 0x38	; 56
    1ad6:	f0 e0       	ldi	r31, 0x00	; 0
    1ad8:	10 82       	st	Z, r1
	PORTC = 0;
    1ada:	e5 e3       	ldi	r30, 0x35	; 53
    1adc:	f0 e0       	ldi	r31, 0x00	; 0
    1ade:	10 82       	st	Z, r1
	PORTD = 0;
    1ae0:	e2 e3       	ldi	r30, 0x32	; 50
    1ae2:	f0 e0       	ldi	r31, 0x00	; 0
    1ae4:	10 82       	st	Z, r1

}
    1ae6:	cf 91       	pop	r28
    1ae8:	df 91       	pop	r29
    1aea:	08 95       	ret

00001aec <MDIO_vSetPinDir>:

void MDIO_vSetPinDir(u8 A_u8PortNo, u8 A_u8PinNo, u8 A_u8PinDir)
{
    1aec:	df 93       	push	r29
    1aee:	cf 93       	push	r28
    1af0:	cd b7       	in	r28, 0x3d	; 61
    1af2:	de b7       	in	r29, 0x3e	; 62
    1af4:	27 97       	sbiw	r28, 0x07	; 7
    1af6:	0f b6       	in	r0, 0x3f	; 63
    1af8:	f8 94       	cli
    1afa:	de bf       	out	0x3e, r29	; 62
    1afc:	0f be       	out	0x3f, r0	; 63
    1afe:	cd bf       	out	0x3d, r28	; 61
    1b00:	89 83       	std	Y+1, r24	; 0x01
    1b02:	6a 83       	std	Y+2, r22	; 0x02
    1b04:	4b 83       	std	Y+3, r20	; 0x03
	if(A_u8PinDir == DIO_OUTPUT)
    1b06:	8b 81       	ldd	r24, Y+3	; 0x03
    1b08:	81 30       	cpi	r24, 0x01	; 1
    1b0a:	09 f0       	breq	.+2      	; 0x1b0e <MDIO_vSetPinDir+0x22>
    1b0c:	6b c0       	rjmp	.+214    	; 0x1be4 <MDIO_vSetPinDir+0xf8>
		{
			switch(A_u8PortNo)
    1b0e:	89 81       	ldd	r24, Y+1	; 0x01
    1b10:	28 2f       	mov	r18, r24
    1b12:	30 e0       	ldi	r19, 0x00	; 0
    1b14:	3f 83       	std	Y+7, r19	; 0x07
    1b16:	2e 83       	std	Y+6, r18	; 0x06
    1b18:	8e 81       	ldd	r24, Y+6	; 0x06
    1b1a:	9f 81       	ldd	r25, Y+7	; 0x07
    1b1c:	81 30       	cpi	r24, 0x01	; 1
    1b1e:	91 05       	cpc	r25, r1
    1b20:	41 f1       	breq	.+80     	; 0x1b72 <MDIO_vSetPinDir+0x86>
    1b22:	2e 81       	ldd	r18, Y+6	; 0x06
    1b24:	3f 81       	ldd	r19, Y+7	; 0x07
    1b26:	22 30       	cpi	r18, 0x02	; 2
    1b28:	31 05       	cpc	r19, r1
    1b2a:	2c f4       	brge	.+10     	; 0x1b36 <MDIO_vSetPinDir+0x4a>
    1b2c:	8e 81       	ldd	r24, Y+6	; 0x06
    1b2e:	9f 81       	ldd	r25, Y+7	; 0x07
    1b30:	00 97       	sbiw	r24, 0x00	; 0
    1b32:	61 f0       	breq	.+24     	; 0x1b4c <MDIO_vSetPinDir+0x60>
    1b34:	c9 c0       	rjmp	.+402    	; 0x1cc8 <MDIO_vSetPinDir+0x1dc>
    1b36:	2e 81       	ldd	r18, Y+6	; 0x06
    1b38:	3f 81       	ldd	r19, Y+7	; 0x07
    1b3a:	22 30       	cpi	r18, 0x02	; 2
    1b3c:	31 05       	cpc	r19, r1
    1b3e:	61 f1       	breq	.+88     	; 0x1b98 <MDIO_vSetPinDir+0xac>
    1b40:	8e 81       	ldd	r24, Y+6	; 0x06
    1b42:	9f 81       	ldd	r25, Y+7	; 0x07
    1b44:	83 30       	cpi	r24, 0x03	; 3
    1b46:	91 05       	cpc	r25, r1
    1b48:	d1 f1       	breq	.+116    	; 0x1bbe <MDIO_vSetPinDir+0xd2>
    1b4a:	be c0       	rjmp	.+380    	; 0x1cc8 <MDIO_vSetPinDir+0x1dc>
			{
			case DIO_PORTA:
				SET_BIT(DDRA,A_u8PinNo);
    1b4c:	aa e3       	ldi	r26, 0x3A	; 58
    1b4e:	b0 e0       	ldi	r27, 0x00	; 0
    1b50:	ea e3       	ldi	r30, 0x3A	; 58
    1b52:	f0 e0       	ldi	r31, 0x00	; 0
    1b54:	40 81       	ld	r20, Z
    1b56:	8a 81       	ldd	r24, Y+2	; 0x02
    1b58:	28 2f       	mov	r18, r24
    1b5a:	30 e0       	ldi	r19, 0x00	; 0
    1b5c:	81 e0       	ldi	r24, 0x01	; 1
    1b5e:	90 e0       	ldi	r25, 0x00	; 0
    1b60:	02 2e       	mov	r0, r18
    1b62:	02 c0       	rjmp	.+4      	; 0x1b68 <MDIO_vSetPinDir+0x7c>
    1b64:	88 0f       	add	r24, r24
    1b66:	99 1f       	adc	r25, r25
    1b68:	0a 94       	dec	r0
    1b6a:	e2 f7       	brpl	.-8      	; 0x1b64 <MDIO_vSetPinDir+0x78>
    1b6c:	84 2b       	or	r24, r20
    1b6e:	8c 93       	st	X, r24
    1b70:	ab c0       	rjmp	.+342    	; 0x1cc8 <MDIO_vSetPinDir+0x1dc>
				break;
			case DIO_PORTB:
				SET_BIT(DDRB,A_u8PinNo);
    1b72:	a7 e3       	ldi	r26, 0x37	; 55
    1b74:	b0 e0       	ldi	r27, 0x00	; 0
    1b76:	e7 e3       	ldi	r30, 0x37	; 55
    1b78:	f0 e0       	ldi	r31, 0x00	; 0
    1b7a:	40 81       	ld	r20, Z
    1b7c:	8a 81       	ldd	r24, Y+2	; 0x02
    1b7e:	28 2f       	mov	r18, r24
    1b80:	30 e0       	ldi	r19, 0x00	; 0
    1b82:	81 e0       	ldi	r24, 0x01	; 1
    1b84:	90 e0       	ldi	r25, 0x00	; 0
    1b86:	02 2e       	mov	r0, r18
    1b88:	02 c0       	rjmp	.+4      	; 0x1b8e <MDIO_vSetPinDir+0xa2>
    1b8a:	88 0f       	add	r24, r24
    1b8c:	99 1f       	adc	r25, r25
    1b8e:	0a 94       	dec	r0
    1b90:	e2 f7       	brpl	.-8      	; 0x1b8a <MDIO_vSetPinDir+0x9e>
    1b92:	84 2b       	or	r24, r20
    1b94:	8c 93       	st	X, r24
    1b96:	98 c0       	rjmp	.+304    	; 0x1cc8 <MDIO_vSetPinDir+0x1dc>
				break;
			case DIO_PORTC:
				SET_BIT(DDRC,A_u8PinNo);
    1b98:	a4 e3       	ldi	r26, 0x34	; 52
    1b9a:	b0 e0       	ldi	r27, 0x00	; 0
    1b9c:	e4 e3       	ldi	r30, 0x34	; 52
    1b9e:	f0 e0       	ldi	r31, 0x00	; 0
    1ba0:	40 81       	ld	r20, Z
    1ba2:	8a 81       	ldd	r24, Y+2	; 0x02
    1ba4:	28 2f       	mov	r18, r24
    1ba6:	30 e0       	ldi	r19, 0x00	; 0
    1ba8:	81 e0       	ldi	r24, 0x01	; 1
    1baa:	90 e0       	ldi	r25, 0x00	; 0
    1bac:	02 2e       	mov	r0, r18
    1bae:	02 c0       	rjmp	.+4      	; 0x1bb4 <MDIO_vSetPinDir+0xc8>
    1bb0:	88 0f       	add	r24, r24
    1bb2:	99 1f       	adc	r25, r25
    1bb4:	0a 94       	dec	r0
    1bb6:	e2 f7       	brpl	.-8      	; 0x1bb0 <MDIO_vSetPinDir+0xc4>
    1bb8:	84 2b       	or	r24, r20
    1bba:	8c 93       	st	X, r24
    1bbc:	85 c0       	rjmp	.+266    	; 0x1cc8 <MDIO_vSetPinDir+0x1dc>
				break;
			case DIO_PORTD:
				SET_BIT(DDRD,A_u8PinNo);
    1bbe:	a1 e3       	ldi	r26, 0x31	; 49
    1bc0:	b0 e0       	ldi	r27, 0x00	; 0
    1bc2:	e1 e3       	ldi	r30, 0x31	; 49
    1bc4:	f0 e0       	ldi	r31, 0x00	; 0
    1bc6:	40 81       	ld	r20, Z
    1bc8:	8a 81       	ldd	r24, Y+2	; 0x02
    1bca:	28 2f       	mov	r18, r24
    1bcc:	30 e0       	ldi	r19, 0x00	; 0
    1bce:	81 e0       	ldi	r24, 0x01	; 1
    1bd0:	90 e0       	ldi	r25, 0x00	; 0
    1bd2:	02 2e       	mov	r0, r18
    1bd4:	02 c0       	rjmp	.+4      	; 0x1bda <MDIO_vSetPinDir+0xee>
    1bd6:	88 0f       	add	r24, r24
    1bd8:	99 1f       	adc	r25, r25
    1bda:	0a 94       	dec	r0
    1bdc:	e2 f7       	brpl	.-8      	; 0x1bd6 <MDIO_vSetPinDir+0xea>
    1bde:	84 2b       	or	r24, r20
    1be0:	8c 93       	st	X, r24
    1be2:	72 c0       	rjmp	.+228    	; 0x1cc8 <MDIO_vSetPinDir+0x1dc>
				break;
			}
		}else if(A_u8PinDir == DIO_INPUT)
    1be4:	8b 81       	ldd	r24, Y+3	; 0x03
    1be6:	88 23       	and	r24, r24
    1be8:	09 f0       	breq	.+2      	; 0x1bec <MDIO_vSetPinDir+0x100>
    1bea:	6e c0       	rjmp	.+220    	; 0x1cc8 <MDIO_vSetPinDir+0x1dc>
		{
			switch(A_u8PortNo)
    1bec:	89 81       	ldd	r24, Y+1	; 0x01
    1bee:	28 2f       	mov	r18, r24
    1bf0:	30 e0       	ldi	r19, 0x00	; 0
    1bf2:	3d 83       	std	Y+5, r19	; 0x05
    1bf4:	2c 83       	std	Y+4, r18	; 0x04
    1bf6:	8c 81       	ldd	r24, Y+4	; 0x04
    1bf8:	9d 81       	ldd	r25, Y+5	; 0x05
    1bfa:	81 30       	cpi	r24, 0x01	; 1
    1bfc:	91 05       	cpc	r25, r1
    1bfe:	49 f1       	breq	.+82     	; 0x1c52 <MDIO_vSetPinDir+0x166>
    1c00:	2c 81       	ldd	r18, Y+4	; 0x04
    1c02:	3d 81       	ldd	r19, Y+5	; 0x05
    1c04:	22 30       	cpi	r18, 0x02	; 2
    1c06:	31 05       	cpc	r19, r1
    1c08:	2c f4       	brge	.+10     	; 0x1c14 <MDIO_vSetPinDir+0x128>
    1c0a:	8c 81       	ldd	r24, Y+4	; 0x04
    1c0c:	9d 81       	ldd	r25, Y+5	; 0x05
    1c0e:	00 97       	sbiw	r24, 0x00	; 0
    1c10:	61 f0       	breq	.+24     	; 0x1c2a <MDIO_vSetPinDir+0x13e>
    1c12:	5a c0       	rjmp	.+180    	; 0x1cc8 <MDIO_vSetPinDir+0x1dc>
    1c14:	2c 81       	ldd	r18, Y+4	; 0x04
    1c16:	3d 81       	ldd	r19, Y+5	; 0x05
    1c18:	22 30       	cpi	r18, 0x02	; 2
    1c1a:	31 05       	cpc	r19, r1
    1c1c:	71 f1       	breq	.+92     	; 0x1c7a <MDIO_vSetPinDir+0x18e>
    1c1e:	8c 81       	ldd	r24, Y+4	; 0x04
    1c20:	9d 81       	ldd	r25, Y+5	; 0x05
    1c22:	83 30       	cpi	r24, 0x03	; 3
    1c24:	91 05       	cpc	r25, r1
    1c26:	e9 f1       	breq	.+122    	; 0x1ca2 <MDIO_vSetPinDir+0x1b6>
    1c28:	4f c0       	rjmp	.+158    	; 0x1cc8 <MDIO_vSetPinDir+0x1dc>
			{
			case DIO_PORTA:
				CLR_BIT(DDRA,A_u8PinNo);
    1c2a:	aa e3       	ldi	r26, 0x3A	; 58
    1c2c:	b0 e0       	ldi	r27, 0x00	; 0
    1c2e:	ea e3       	ldi	r30, 0x3A	; 58
    1c30:	f0 e0       	ldi	r31, 0x00	; 0
    1c32:	40 81       	ld	r20, Z
    1c34:	8a 81       	ldd	r24, Y+2	; 0x02
    1c36:	28 2f       	mov	r18, r24
    1c38:	30 e0       	ldi	r19, 0x00	; 0
    1c3a:	81 e0       	ldi	r24, 0x01	; 1
    1c3c:	90 e0       	ldi	r25, 0x00	; 0
    1c3e:	02 2e       	mov	r0, r18
    1c40:	02 c0       	rjmp	.+4      	; 0x1c46 <MDIO_vSetPinDir+0x15a>
    1c42:	88 0f       	add	r24, r24
    1c44:	99 1f       	adc	r25, r25
    1c46:	0a 94       	dec	r0
    1c48:	e2 f7       	brpl	.-8      	; 0x1c42 <MDIO_vSetPinDir+0x156>
    1c4a:	80 95       	com	r24
    1c4c:	84 23       	and	r24, r20
    1c4e:	8c 93       	st	X, r24
    1c50:	3b c0       	rjmp	.+118    	; 0x1cc8 <MDIO_vSetPinDir+0x1dc>
				break;
			case DIO_PORTB:
				CLR_BIT(DDRB,A_u8PinNo);
    1c52:	a7 e3       	ldi	r26, 0x37	; 55
    1c54:	b0 e0       	ldi	r27, 0x00	; 0
    1c56:	e7 e3       	ldi	r30, 0x37	; 55
    1c58:	f0 e0       	ldi	r31, 0x00	; 0
    1c5a:	40 81       	ld	r20, Z
    1c5c:	8a 81       	ldd	r24, Y+2	; 0x02
    1c5e:	28 2f       	mov	r18, r24
    1c60:	30 e0       	ldi	r19, 0x00	; 0
    1c62:	81 e0       	ldi	r24, 0x01	; 1
    1c64:	90 e0       	ldi	r25, 0x00	; 0
    1c66:	02 2e       	mov	r0, r18
    1c68:	02 c0       	rjmp	.+4      	; 0x1c6e <MDIO_vSetPinDir+0x182>
    1c6a:	88 0f       	add	r24, r24
    1c6c:	99 1f       	adc	r25, r25
    1c6e:	0a 94       	dec	r0
    1c70:	e2 f7       	brpl	.-8      	; 0x1c6a <MDIO_vSetPinDir+0x17e>
    1c72:	80 95       	com	r24
    1c74:	84 23       	and	r24, r20
    1c76:	8c 93       	st	X, r24
    1c78:	27 c0       	rjmp	.+78     	; 0x1cc8 <MDIO_vSetPinDir+0x1dc>
				break;
			case DIO_PORTC:
				CLR_BIT(DDRC,A_u8PinNo);
    1c7a:	a4 e3       	ldi	r26, 0x34	; 52
    1c7c:	b0 e0       	ldi	r27, 0x00	; 0
    1c7e:	e4 e3       	ldi	r30, 0x34	; 52
    1c80:	f0 e0       	ldi	r31, 0x00	; 0
    1c82:	40 81       	ld	r20, Z
    1c84:	8a 81       	ldd	r24, Y+2	; 0x02
    1c86:	28 2f       	mov	r18, r24
    1c88:	30 e0       	ldi	r19, 0x00	; 0
    1c8a:	81 e0       	ldi	r24, 0x01	; 1
    1c8c:	90 e0       	ldi	r25, 0x00	; 0
    1c8e:	02 2e       	mov	r0, r18
    1c90:	02 c0       	rjmp	.+4      	; 0x1c96 <MDIO_vSetPinDir+0x1aa>
    1c92:	88 0f       	add	r24, r24
    1c94:	99 1f       	adc	r25, r25
    1c96:	0a 94       	dec	r0
    1c98:	e2 f7       	brpl	.-8      	; 0x1c92 <MDIO_vSetPinDir+0x1a6>
    1c9a:	80 95       	com	r24
    1c9c:	84 23       	and	r24, r20
    1c9e:	8c 93       	st	X, r24
    1ca0:	13 c0       	rjmp	.+38     	; 0x1cc8 <MDIO_vSetPinDir+0x1dc>
				break;
			case DIO_PORTD:
				CLR_BIT(DDRD,A_u8PinNo);
    1ca2:	a1 e3       	ldi	r26, 0x31	; 49
    1ca4:	b0 e0       	ldi	r27, 0x00	; 0
    1ca6:	e1 e3       	ldi	r30, 0x31	; 49
    1ca8:	f0 e0       	ldi	r31, 0x00	; 0
    1caa:	40 81       	ld	r20, Z
    1cac:	8a 81       	ldd	r24, Y+2	; 0x02
    1cae:	28 2f       	mov	r18, r24
    1cb0:	30 e0       	ldi	r19, 0x00	; 0
    1cb2:	81 e0       	ldi	r24, 0x01	; 1
    1cb4:	90 e0       	ldi	r25, 0x00	; 0
    1cb6:	02 2e       	mov	r0, r18
    1cb8:	02 c0       	rjmp	.+4      	; 0x1cbe <MDIO_vSetPinDir+0x1d2>
    1cba:	88 0f       	add	r24, r24
    1cbc:	99 1f       	adc	r25, r25
    1cbe:	0a 94       	dec	r0
    1cc0:	e2 f7       	brpl	.-8      	; 0x1cba <MDIO_vSetPinDir+0x1ce>
    1cc2:	80 95       	com	r24
    1cc4:	84 23       	and	r24, r20
    1cc6:	8c 93       	st	X, r24
				break;
			}
		}
}
    1cc8:	27 96       	adiw	r28, 0x07	; 7
    1cca:	0f b6       	in	r0, 0x3f	; 63
    1ccc:	f8 94       	cli
    1cce:	de bf       	out	0x3e, r29	; 62
    1cd0:	0f be       	out	0x3f, r0	; 63
    1cd2:	cd bf       	out	0x3d, r28	; 61
    1cd4:	cf 91       	pop	r28
    1cd6:	df 91       	pop	r29
    1cd8:	08 95       	ret

00001cda <MDIO_vSetPinVal>:

void MDIO_vSetPinVal(u8 A_u8PortNo, u8 A_u8PinNo, u8 A_u8PinVal)
{
    1cda:	df 93       	push	r29
    1cdc:	cf 93       	push	r28
    1cde:	cd b7       	in	r28, 0x3d	; 61
    1ce0:	de b7       	in	r29, 0x3e	; 62
    1ce2:	27 97       	sbiw	r28, 0x07	; 7
    1ce4:	0f b6       	in	r0, 0x3f	; 63
    1ce6:	f8 94       	cli
    1ce8:	de bf       	out	0x3e, r29	; 62
    1cea:	0f be       	out	0x3f, r0	; 63
    1cec:	cd bf       	out	0x3d, r28	; 61
    1cee:	89 83       	std	Y+1, r24	; 0x01
    1cf0:	6a 83       	std	Y+2, r22	; 0x02
    1cf2:	4b 83       	std	Y+3, r20	; 0x03
	if(A_u8PinVal == DIO_HIGH)
    1cf4:	8b 81       	ldd	r24, Y+3	; 0x03
    1cf6:	81 30       	cpi	r24, 0x01	; 1
    1cf8:	09 f0       	breq	.+2      	; 0x1cfc <MDIO_vSetPinVal+0x22>
    1cfa:	6b c0       	rjmp	.+214    	; 0x1dd2 <MDIO_vSetPinVal+0xf8>
		{
			switch(A_u8PortNo)
    1cfc:	89 81       	ldd	r24, Y+1	; 0x01
    1cfe:	28 2f       	mov	r18, r24
    1d00:	30 e0       	ldi	r19, 0x00	; 0
    1d02:	3f 83       	std	Y+7, r19	; 0x07
    1d04:	2e 83       	std	Y+6, r18	; 0x06
    1d06:	8e 81       	ldd	r24, Y+6	; 0x06
    1d08:	9f 81       	ldd	r25, Y+7	; 0x07
    1d0a:	81 30       	cpi	r24, 0x01	; 1
    1d0c:	91 05       	cpc	r25, r1
    1d0e:	41 f1       	breq	.+80     	; 0x1d60 <MDIO_vSetPinVal+0x86>
    1d10:	2e 81       	ldd	r18, Y+6	; 0x06
    1d12:	3f 81       	ldd	r19, Y+7	; 0x07
    1d14:	22 30       	cpi	r18, 0x02	; 2
    1d16:	31 05       	cpc	r19, r1
    1d18:	2c f4       	brge	.+10     	; 0x1d24 <MDIO_vSetPinVal+0x4a>
    1d1a:	8e 81       	ldd	r24, Y+6	; 0x06
    1d1c:	9f 81       	ldd	r25, Y+7	; 0x07
    1d1e:	00 97       	sbiw	r24, 0x00	; 0
    1d20:	61 f0       	breq	.+24     	; 0x1d3a <MDIO_vSetPinVal+0x60>
    1d22:	c9 c0       	rjmp	.+402    	; 0x1eb6 <MDIO_vSetPinVal+0x1dc>
    1d24:	2e 81       	ldd	r18, Y+6	; 0x06
    1d26:	3f 81       	ldd	r19, Y+7	; 0x07
    1d28:	22 30       	cpi	r18, 0x02	; 2
    1d2a:	31 05       	cpc	r19, r1
    1d2c:	61 f1       	breq	.+88     	; 0x1d86 <MDIO_vSetPinVal+0xac>
    1d2e:	8e 81       	ldd	r24, Y+6	; 0x06
    1d30:	9f 81       	ldd	r25, Y+7	; 0x07
    1d32:	83 30       	cpi	r24, 0x03	; 3
    1d34:	91 05       	cpc	r25, r1
    1d36:	d1 f1       	breq	.+116    	; 0x1dac <MDIO_vSetPinVal+0xd2>
    1d38:	be c0       	rjmp	.+380    	; 0x1eb6 <MDIO_vSetPinVal+0x1dc>
			{
			case DIO_PORTA:
				SET_BIT(PORTA,A_u8PinNo);
    1d3a:	ab e3       	ldi	r26, 0x3B	; 59
    1d3c:	b0 e0       	ldi	r27, 0x00	; 0
    1d3e:	eb e3       	ldi	r30, 0x3B	; 59
    1d40:	f0 e0       	ldi	r31, 0x00	; 0
    1d42:	40 81       	ld	r20, Z
    1d44:	8a 81       	ldd	r24, Y+2	; 0x02
    1d46:	28 2f       	mov	r18, r24
    1d48:	30 e0       	ldi	r19, 0x00	; 0
    1d4a:	81 e0       	ldi	r24, 0x01	; 1
    1d4c:	90 e0       	ldi	r25, 0x00	; 0
    1d4e:	02 2e       	mov	r0, r18
    1d50:	02 c0       	rjmp	.+4      	; 0x1d56 <MDIO_vSetPinVal+0x7c>
    1d52:	88 0f       	add	r24, r24
    1d54:	99 1f       	adc	r25, r25
    1d56:	0a 94       	dec	r0
    1d58:	e2 f7       	brpl	.-8      	; 0x1d52 <MDIO_vSetPinVal+0x78>
    1d5a:	84 2b       	or	r24, r20
    1d5c:	8c 93       	st	X, r24
    1d5e:	ab c0       	rjmp	.+342    	; 0x1eb6 <MDIO_vSetPinVal+0x1dc>
				break;
			case DIO_PORTB:
				SET_BIT(PORTB,A_u8PinNo);
    1d60:	a8 e3       	ldi	r26, 0x38	; 56
    1d62:	b0 e0       	ldi	r27, 0x00	; 0
    1d64:	e8 e3       	ldi	r30, 0x38	; 56
    1d66:	f0 e0       	ldi	r31, 0x00	; 0
    1d68:	40 81       	ld	r20, Z
    1d6a:	8a 81       	ldd	r24, Y+2	; 0x02
    1d6c:	28 2f       	mov	r18, r24
    1d6e:	30 e0       	ldi	r19, 0x00	; 0
    1d70:	81 e0       	ldi	r24, 0x01	; 1
    1d72:	90 e0       	ldi	r25, 0x00	; 0
    1d74:	02 2e       	mov	r0, r18
    1d76:	02 c0       	rjmp	.+4      	; 0x1d7c <MDIO_vSetPinVal+0xa2>
    1d78:	88 0f       	add	r24, r24
    1d7a:	99 1f       	adc	r25, r25
    1d7c:	0a 94       	dec	r0
    1d7e:	e2 f7       	brpl	.-8      	; 0x1d78 <MDIO_vSetPinVal+0x9e>
    1d80:	84 2b       	or	r24, r20
    1d82:	8c 93       	st	X, r24
    1d84:	98 c0       	rjmp	.+304    	; 0x1eb6 <MDIO_vSetPinVal+0x1dc>
				break;
			case DIO_PORTC:
				SET_BIT(PORTC,A_u8PinNo);
    1d86:	a5 e3       	ldi	r26, 0x35	; 53
    1d88:	b0 e0       	ldi	r27, 0x00	; 0
    1d8a:	e5 e3       	ldi	r30, 0x35	; 53
    1d8c:	f0 e0       	ldi	r31, 0x00	; 0
    1d8e:	40 81       	ld	r20, Z
    1d90:	8a 81       	ldd	r24, Y+2	; 0x02
    1d92:	28 2f       	mov	r18, r24
    1d94:	30 e0       	ldi	r19, 0x00	; 0
    1d96:	81 e0       	ldi	r24, 0x01	; 1
    1d98:	90 e0       	ldi	r25, 0x00	; 0
    1d9a:	02 2e       	mov	r0, r18
    1d9c:	02 c0       	rjmp	.+4      	; 0x1da2 <MDIO_vSetPinVal+0xc8>
    1d9e:	88 0f       	add	r24, r24
    1da0:	99 1f       	adc	r25, r25
    1da2:	0a 94       	dec	r0
    1da4:	e2 f7       	brpl	.-8      	; 0x1d9e <MDIO_vSetPinVal+0xc4>
    1da6:	84 2b       	or	r24, r20
    1da8:	8c 93       	st	X, r24
    1daa:	85 c0       	rjmp	.+266    	; 0x1eb6 <MDIO_vSetPinVal+0x1dc>
				break;
			case DIO_PORTD:
				SET_BIT(PORTD,A_u8PinNo);
    1dac:	a2 e3       	ldi	r26, 0x32	; 50
    1dae:	b0 e0       	ldi	r27, 0x00	; 0
    1db0:	e2 e3       	ldi	r30, 0x32	; 50
    1db2:	f0 e0       	ldi	r31, 0x00	; 0
    1db4:	40 81       	ld	r20, Z
    1db6:	8a 81       	ldd	r24, Y+2	; 0x02
    1db8:	28 2f       	mov	r18, r24
    1dba:	30 e0       	ldi	r19, 0x00	; 0
    1dbc:	81 e0       	ldi	r24, 0x01	; 1
    1dbe:	90 e0       	ldi	r25, 0x00	; 0
    1dc0:	02 2e       	mov	r0, r18
    1dc2:	02 c0       	rjmp	.+4      	; 0x1dc8 <MDIO_vSetPinVal+0xee>
    1dc4:	88 0f       	add	r24, r24
    1dc6:	99 1f       	adc	r25, r25
    1dc8:	0a 94       	dec	r0
    1dca:	e2 f7       	brpl	.-8      	; 0x1dc4 <MDIO_vSetPinVal+0xea>
    1dcc:	84 2b       	or	r24, r20
    1dce:	8c 93       	st	X, r24
    1dd0:	72 c0       	rjmp	.+228    	; 0x1eb6 <MDIO_vSetPinVal+0x1dc>
				break;
			}
		}else if(A_u8PinVal == DIO_LOW)
    1dd2:	8b 81       	ldd	r24, Y+3	; 0x03
    1dd4:	88 23       	and	r24, r24
    1dd6:	09 f0       	breq	.+2      	; 0x1dda <MDIO_vSetPinVal+0x100>
    1dd8:	6e c0       	rjmp	.+220    	; 0x1eb6 <MDIO_vSetPinVal+0x1dc>
		{
			switch(A_u8PortNo)
    1dda:	89 81       	ldd	r24, Y+1	; 0x01
    1ddc:	28 2f       	mov	r18, r24
    1dde:	30 e0       	ldi	r19, 0x00	; 0
    1de0:	3d 83       	std	Y+5, r19	; 0x05
    1de2:	2c 83       	std	Y+4, r18	; 0x04
    1de4:	8c 81       	ldd	r24, Y+4	; 0x04
    1de6:	9d 81       	ldd	r25, Y+5	; 0x05
    1de8:	81 30       	cpi	r24, 0x01	; 1
    1dea:	91 05       	cpc	r25, r1
    1dec:	49 f1       	breq	.+82     	; 0x1e40 <MDIO_vSetPinVal+0x166>
    1dee:	2c 81       	ldd	r18, Y+4	; 0x04
    1df0:	3d 81       	ldd	r19, Y+5	; 0x05
    1df2:	22 30       	cpi	r18, 0x02	; 2
    1df4:	31 05       	cpc	r19, r1
    1df6:	2c f4       	brge	.+10     	; 0x1e02 <MDIO_vSetPinVal+0x128>
    1df8:	8c 81       	ldd	r24, Y+4	; 0x04
    1dfa:	9d 81       	ldd	r25, Y+5	; 0x05
    1dfc:	00 97       	sbiw	r24, 0x00	; 0
    1dfe:	61 f0       	breq	.+24     	; 0x1e18 <MDIO_vSetPinVal+0x13e>
    1e00:	5a c0       	rjmp	.+180    	; 0x1eb6 <MDIO_vSetPinVal+0x1dc>
    1e02:	2c 81       	ldd	r18, Y+4	; 0x04
    1e04:	3d 81       	ldd	r19, Y+5	; 0x05
    1e06:	22 30       	cpi	r18, 0x02	; 2
    1e08:	31 05       	cpc	r19, r1
    1e0a:	71 f1       	breq	.+92     	; 0x1e68 <MDIO_vSetPinVal+0x18e>
    1e0c:	8c 81       	ldd	r24, Y+4	; 0x04
    1e0e:	9d 81       	ldd	r25, Y+5	; 0x05
    1e10:	83 30       	cpi	r24, 0x03	; 3
    1e12:	91 05       	cpc	r25, r1
    1e14:	e9 f1       	breq	.+122    	; 0x1e90 <MDIO_vSetPinVal+0x1b6>
    1e16:	4f c0       	rjmp	.+158    	; 0x1eb6 <MDIO_vSetPinVal+0x1dc>
			{
			case DIO_PORTA:
				CLR_BIT(PORTA,A_u8PinNo);
    1e18:	ab e3       	ldi	r26, 0x3B	; 59
    1e1a:	b0 e0       	ldi	r27, 0x00	; 0
    1e1c:	eb e3       	ldi	r30, 0x3B	; 59
    1e1e:	f0 e0       	ldi	r31, 0x00	; 0
    1e20:	40 81       	ld	r20, Z
    1e22:	8a 81       	ldd	r24, Y+2	; 0x02
    1e24:	28 2f       	mov	r18, r24
    1e26:	30 e0       	ldi	r19, 0x00	; 0
    1e28:	81 e0       	ldi	r24, 0x01	; 1
    1e2a:	90 e0       	ldi	r25, 0x00	; 0
    1e2c:	02 2e       	mov	r0, r18
    1e2e:	02 c0       	rjmp	.+4      	; 0x1e34 <MDIO_vSetPinVal+0x15a>
    1e30:	88 0f       	add	r24, r24
    1e32:	99 1f       	adc	r25, r25
    1e34:	0a 94       	dec	r0
    1e36:	e2 f7       	brpl	.-8      	; 0x1e30 <MDIO_vSetPinVal+0x156>
    1e38:	80 95       	com	r24
    1e3a:	84 23       	and	r24, r20
    1e3c:	8c 93       	st	X, r24
    1e3e:	3b c0       	rjmp	.+118    	; 0x1eb6 <MDIO_vSetPinVal+0x1dc>
				break;
			case DIO_PORTB:
				CLR_BIT(PORTB,A_u8PinNo);
    1e40:	a8 e3       	ldi	r26, 0x38	; 56
    1e42:	b0 e0       	ldi	r27, 0x00	; 0
    1e44:	e8 e3       	ldi	r30, 0x38	; 56
    1e46:	f0 e0       	ldi	r31, 0x00	; 0
    1e48:	40 81       	ld	r20, Z
    1e4a:	8a 81       	ldd	r24, Y+2	; 0x02
    1e4c:	28 2f       	mov	r18, r24
    1e4e:	30 e0       	ldi	r19, 0x00	; 0
    1e50:	81 e0       	ldi	r24, 0x01	; 1
    1e52:	90 e0       	ldi	r25, 0x00	; 0
    1e54:	02 2e       	mov	r0, r18
    1e56:	02 c0       	rjmp	.+4      	; 0x1e5c <MDIO_vSetPinVal+0x182>
    1e58:	88 0f       	add	r24, r24
    1e5a:	99 1f       	adc	r25, r25
    1e5c:	0a 94       	dec	r0
    1e5e:	e2 f7       	brpl	.-8      	; 0x1e58 <MDIO_vSetPinVal+0x17e>
    1e60:	80 95       	com	r24
    1e62:	84 23       	and	r24, r20
    1e64:	8c 93       	st	X, r24
    1e66:	27 c0       	rjmp	.+78     	; 0x1eb6 <MDIO_vSetPinVal+0x1dc>
				break;
			case DIO_PORTC:
				CLR_BIT(PORTC,A_u8PinNo);
    1e68:	a5 e3       	ldi	r26, 0x35	; 53
    1e6a:	b0 e0       	ldi	r27, 0x00	; 0
    1e6c:	e5 e3       	ldi	r30, 0x35	; 53
    1e6e:	f0 e0       	ldi	r31, 0x00	; 0
    1e70:	40 81       	ld	r20, Z
    1e72:	8a 81       	ldd	r24, Y+2	; 0x02
    1e74:	28 2f       	mov	r18, r24
    1e76:	30 e0       	ldi	r19, 0x00	; 0
    1e78:	81 e0       	ldi	r24, 0x01	; 1
    1e7a:	90 e0       	ldi	r25, 0x00	; 0
    1e7c:	02 2e       	mov	r0, r18
    1e7e:	02 c0       	rjmp	.+4      	; 0x1e84 <MDIO_vSetPinVal+0x1aa>
    1e80:	88 0f       	add	r24, r24
    1e82:	99 1f       	adc	r25, r25
    1e84:	0a 94       	dec	r0
    1e86:	e2 f7       	brpl	.-8      	; 0x1e80 <MDIO_vSetPinVal+0x1a6>
    1e88:	80 95       	com	r24
    1e8a:	84 23       	and	r24, r20
    1e8c:	8c 93       	st	X, r24
    1e8e:	13 c0       	rjmp	.+38     	; 0x1eb6 <MDIO_vSetPinVal+0x1dc>
				break;
			case DIO_PORTD:
				CLR_BIT(PORTD,A_u8PinNo);
    1e90:	a2 e3       	ldi	r26, 0x32	; 50
    1e92:	b0 e0       	ldi	r27, 0x00	; 0
    1e94:	e2 e3       	ldi	r30, 0x32	; 50
    1e96:	f0 e0       	ldi	r31, 0x00	; 0
    1e98:	40 81       	ld	r20, Z
    1e9a:	8a 81       	ldd	r24, Y+2	; 0x02
    1e9c:	28 2f       	mov	r18, r24
    1e9e:	30 e0       	ldi	r19, 0x00	; 0
    1ea0:	81 e0       	ldi	r24, 0x01	; 1
    1ea2:	90 e0       	ldi	r25, 0x00	; 0
    1ea4:	02 2e       	mov	r0, r18
    1ea6:	02 c0       	rjmp	.+4      	; 0x1eac <MDIO_vSetPinVal+0x1d2>
    1ea8:	88 0f       	add	r24, r24
    1eaa:	99 1f       	adc	r25, r25
    1eac:	0a 94       	dec	r0
    1eae:	e2 f7       	brpl	.-8      	; 0x1ea8 <MDIO_vSetPinVal+0x1ce>
    1eb0:	80 95       	com	r24
    1eb2:	84 23       	and	r24, r20
    1eb4:	8c 93       	st	X, r24
				break;
			}
		}
}
    1eb6:	27 96       	adiw	r28, 0x07	; 7
    1eb8:	0f b6       	in	r0, 0x3f	; 63
    1eba:	f8 94       	cli
    1ebc:	de bf       	out	0x3e, r29	; 62
    1ebe:	0f be       	out	0x3f, r0	; 63
    1ec0:	cd bf       	out	0x3d, r28	; 61
    1ec2:	cf 91       	pop	r28
    1ec4:	df 91       	pop	r29
    1ec6:	08 95       	ret

00001ec8 <MDIO_u8GetPinVal>:
u8 MDIO_u8GetPinVal(u8 A_u8PortNo, u8 A_u8PinNo)
{
    1ec8:	df 93       	push	r29
    1eca:	cf 93       	push	r28
    1ecc:	00 d0       	rcall	.+0      	; 0x1ece <MDIO_u8GetPinVal+0x6>
    1ece:	00 d0       	rcall	.+0      	; 0x1ed0 <MDIO_u8GetPinVal+0x8>
    1ed0:	0f 92       	push	r0
    1ed2:	cd b7       	in	r28, 0x3d	; 61
    1ed4:	de b7       	in	r29, 0x3e	; 62
    1ed6:	8a 83       	std	Y+2, r24	; 0x02
    1ed8:	6b 83       	std	Y+3, r22	; 0x03
	u8 L_u8PinVal = 0 ;
    1eda:	19 82       	std	Y+1, r1	; 0x01
		switch(A_u8PortNo)
    1edc:	8a 81       	ldd	r24, Y+2	; 0x02
    1ede:	28 2f       	mov	r18, r24
    1ee0:	30 e0       	ldi	r19, 0x00	; 0
    1ee2:	3d 83       	std	Y+5, r19	; 0x05
    1ee4:	2c 83       	std	Y+4, r18	; 0x04
    1ee6:	4c 81       	ldd	r20, Y+4	; 0x04
    1ee8:	5d 81       	ldd	r21, Y+5	; 0x05
    1eea:	41 30       	cpi	r20, 0x01	; 1
    1eec:	51 05       	cpc	r21, r1
    1eee:	41 f1       	breq	.+80     	; 0x1f40 <MDIO_u8GetPinVal+0x78>
    1ef0:	8c 81       	ldd	r24, Y+4	; 0x04
    1ef2:	9d 81       	ldd	r25, Y+5	; 0x05
    1ef4:	82 30       	cpi	r24, 0x02	; 2
    1ef6:	91 05       	cpc	r25, r1
    1ef8:	34 f4       	brge	.+12     	; 0x1f06 <MDIO_u8GetPinVal+0x3e>
    1efa:	2c 81       	ldd	r18, Y+4	; 0x04
    1efc:	3d 81       	ldd	r19, Y+5	; 0x05
    1efe:	21 15       	cp	r18, r1
    1f00:	31 05       	cpc	r19, r1
    1f02:	61 f0       	breq	.+24     	; 0x1f1c <MDIO_u8GetPinVal+0x54>
    1f04:	52 c0       	rjmp	.+164    	; 0x1faa <MDIO_u8GetPinVal+0xe2>
    1f06:	4c 81       	ldd	r20, Y+4	; 0x04
    1f08:	5d 81       	ldd	r21, Y+5	; 0x05
    1f0a:	42 30       	cpi	r20, 0x02	; 2
    1f0c:	51 05       	cpc	r21, r1
    1f0e:	51 f1       	breq	.+84     	; 0x1f64 <MDIO_u8GetPinVal+0x9c>
    1f10:	8c 81       	ldd	r24, Y+4	; 0x04
    1f12:	9d 81       	ldd	r25, Y+5	; 0x05
    1f14:	83 30       	cpi	r24, 0x03	; 3
    1f16:	91 05       	cpc	r25, r1
    1f18:	b9 f1       	breq	.+110    	; 0x1f88 <MDIO_u8GetPinVal+0xc0>
    1f1a:	47 c0       	rjmp	.+142    	; 0x1faa <MDIO_u8GetPinVal+0xe2>
		{
		case DIO_PORTA:
			L_u8PinVal = GET_BIT(PINA,A_u8PinNo);
    1f1c:	e9 e3       	ldi	r30, 0x39	; 57
    1f1e:	f0 e0       	ldi	r31, 0x00	; 0
    1f20:	80 81       	ld	r24, Z
    1f22:	28 2f       	mov	r18, r24
    1f24:	30 e0       	ldi	r19, 0x00	; 0
    1f26:	8b 81       	ldd	r24, Y+3	; 0x03
    1f28:	88 2f       	mov	r24, r24
    1f2a:	90 e0       	ldi	r25, 0x00	; 0
    1f2c:	a9 01       	movw	r20, r18
    1f2e:	02 c0       	rjmp	.+4      	; 0x1f34 <MDIO_u8GetPinVal+0x6c>
    1f30:	55 95       	asr	r21
    1f32:	47 95       	ror	r20
    1f34:	8a 95       	dec	r24
    1f36:	e2 f7       	brpl	.-8      	; 0x1f30 <MDIO_u8GetPinVal+0x68>
    1f38:	ca 01       	movw	r24, r20
    1f3a:	81 70       	andi	r24, 0x01	; 1
    1f3c:	89 83       	std	Y+1, r24	; 0x01
    1f3e:	35 c0       	rjmp	.+106    	; 0x1faa <MDIO_u8GetPinVal+0xe2>
			break;
		case DIO_PORTB:
			L_u8PinVal = GET_BIT(PINB,A_u8PinNo);
    1f40:	e6 e3       	ldi	r30, 0x36	; 54
    1f42:	f0 e0       	ldi	r31, 0x00	; 0
    1f44:	80 81       	ld	r24, Z
    1f46:	28 2f       	mov	r18, r24
    1f48:	30 e0       	ldi	r19, 0x00	; 0
    1f4a:	8b 81       	ldd	r24, Y+3	; 0x03
    1f4c:	88 2f       	mov	r24, r24
    1f4e:	90 e0       	ldi	r25, 0x00	; 0
    1f50:	a9 01       	movw	r20, r18
    1f52:	02 c0       	rjmp	.+4      	; 0x1f58 <MDIO_u8GetPinVal+0x90>
    1f54:	55 95       	asr	r21
    1f56:	47 95       	ror	r20
    1f58:	8a 95       	dec	r24
    1f5a:	e2 f7       	brpl	.-8      	; 0x1f54 <MDIO_u8GetPinVal+0x8c>
    1f5c:	ca 01       	movw	r24, r20
    1f5e:	81 70       	andi	r24, 0x01	; 1
    1f60:	89 83       	std	Y+1, r24	; 0x01
    1f62:	23 c0       	rjmp	.+70     	; 0x1faa <MDIO_u8GetPinVal+0xe2>
			break;
		case DIO_PORTC:
			L_u8PinVal = GET_BIT(PINC,A_u8PinNo);
    1f64:	e3 e3       	ldi	r30, 0x33	; 51
    1f66:	f0 e0       	ldi	r31, 0x00	; 0
    1f68:	80 81       	ld	r24, Z
    1f6a:	28 2f       	mov	r18, r24
    1f6c:	30 e0       	ldi	r19, 0x00	; 0
    1f6e:	8b 81       	ldd	r24, Y+3	; 0x03
    1f70:	88 2f       	mov	r24, r24
    1f72:	90 e0       	ldi	r25, 0x00	; 0
    1f74:	a9 01       	movw	r20, r18
    1f76:	02 c0       	rjmp	.+4      	; 0x1f7c <MDIO_u8GetPinVal+0xb4>
    1f78:	55 95       	asr	r21
    1f7a:	47 95       	ror	r20
    1f7c:	8a 95       	dec	r24
    1f7e:	e2 f7       	brpl	.-8      	; 0x1f78 <MDIO_u8GetPinVal+0xb0>
    1f80:	ca 01       	movw	r24, r20
    1f82:	81 70       	andi	r24, 0x01	; 1
    1f84:	89 83       	std	Y+1, r24	; 0x01
    1f86:	11 c0       	rjmp	.+34     	; 0x1faa <MDIO_u8GetPinVal+0xe2>
			break;
		case DIO_PORTD:
			L_u8PinVal = GET_BIT(PIND,A_u8PinNo);
    1f88:	e0 e3       	ldi	r30, 0x30	; 48
    1f8a:	f0 e0       	ldi	r31, 0x00	; 0
    1f8c:	80 81       	ld	r24, Z
    1f8e:	28 2f       	mov	r18, r24
    1f90:	30 e0       	ldi	r19, 0x00	; 0
    1f92:	8b 81       	ldd	r24, Y+3	; 0x03
    1f94:	88 2f       	mov	r24, r24
    1f96:	90 e0       	ldi	r25, 0x00	; 0
    1f98:	a9 01       	movw	r20, r18
    1f9a:	02 c0       	rjmp	.+4      	; 0x1fa0 <MDIO_u8GetPinVal+0xd8>
    1f9c:	55 95       	asr	r21
    1f9e:	47 95       	ror	r20
    1fa0:	8a 95       	dec	r24
    1fa2:	e2 f7       	brpl	.-8      	; 0x1f9c <MDIO_u8GetPinVal+0xd4>
    1fa4:	ca 01       	movw	r24, r20
    1fa6:	81 70       	andi	r24, 0x01	; 1
    1fa8:	89 83       	std	Y+1, r24	; 0x01
			break;
		}
		return L_u8PinVal;
    1faa:	89 81       	ldd	r24, Y+1	; 0x01
}
    1fac:	0f 90       	pop	r0
    1fae:	0f 90       	pop	r0
    1fb0:	0f 90       	pop	r0
    1fb2:	0f 90       	pop	r0
    1fb4:	0f 90       	pop	r0
    1fb6:	cf 91       	pop	r28
    1fb8:	df 91       	pop	r29
    1fba:	08 95       	ret

00001fbc <MDIO_vSetPortDir>:

void MDIO_vSetPortDir(u8 A_u8PortNo, u8 A_u8PortDir)
{
    1fbc:	df 93       	push	r29
    1fbe:	cf 93       	push	r28
    1fc0:	00 d0       	rcall	.+0      	; 0x1fc2 <MDIO_vSetPortDir+0x6>
    1fc2:	00 d0       	rcall	.+0      	; 0x1fc4 <MDIO_vSetPortDir+0x8>
    1fc4:	cd b7       	in	r28, 0x3d	; 61
    1fc6:	de b7       	in	r29, 0x3e	; 62
    1fc8:	89 83       	std	Y+1, r24	; 0x01
    1fca:	6a 83       	std	Y+2, r22	; 0x02

	switch(A_u8PortNo)
    1fcc:	89 81       	ldd	r24, Y+1	; 0x01
    1fce:	28 2f       	mov	r18, r24
    1fd0:	30 e0       	ldi	r19, 0x00	; 0
    1fd2:	3c 83       	std	Y+4, r19	; 0x04
    1fd4:	2b 83       	std	Y+3, r18	; 0x03
    1fd6:	8b 81       	ldd	r24, Y+3	; 0x03
    1fd8:	9c 81       	ldd	r25, Y+4	; 0x04
    1fda:	81 30       	cpi	r24, 0x01	; 1
    1fdc:	91 05       	cpc	r25, r1
    1fde:	d1 f0       	breq	.+52     	; 0x2014 <MDIO_vSetPortDir+0x58>
    1fe0:	2b 81       	ldd	r18, Y+3	; 0x03
    1fe2:	3c 81       	ldd	r19, Y+4	; 0x04
    1fe4:	22 30       	cpi	r18, 0x02	; 2
    1fe6:	31 05       	cpc	r19, r1
    1fe8:	2c f4       	brge	.+10     	; 0x1ff4 <MDIO_vSetPortDir+0x38>
    1fea:	8b 81       	ldd	r24, Y+3	; 0x03
    1fec:	9c 81       	ldd	r25, Y+4	; 0x04
    1fee:	00 97       	sbiw	r24, 0x00	; 0
    1ff0:	61 f0       	breq	.+24     	; 0x200a <MDIO_vSetPortDir+0x4e>
    1ff2:	1e c0       	rjmp	.+60     	; 0x2030 <MDIO_vSetPortDir+0x74>
    1ff4:	2b 81       	ldd	r18, Y+3	; 0x03
    1ff6:	3c 81       	ldd	r19, Y+4	; 0x04
    1ff8:	22 30       	cpi	r18, 0x02	; 2
    1ffa:	31 05       	cpc	r19, r1
    1ffc:	81 f0       	breq	.+32     	; 0x201e <MDIO_vSetPortDir+0x62>
    1ffe:	8b 81       	ldd	r24, Y+3	; 0x03
    2000:	9c 81       	ldd	r25, Y+4	; 0x04
    2002:	83 30       	cpi	r24, 0x03	; 3
    2004:	91 05       	cpc	r25, r1
    2006:	81 f0       	breq	.+32     	; 0x2028 <MDIO_vSetPortDir+0x6c>
    2008:	13 c0       	rjmp	.+38     	; 0x2030 <MDIO_vSetPortDir+0x74>
	{
	case DIO_PORTA:
		DDRA = A_u8PortDir;
    200a:	ea e3       	ldi	r30, 0x3A	; 58
    200c:	f0 e0       	ldi	r31, 0x00	; 0
    200e:	8a 81       	ldd	r24, Y+2	; 0x02
    2010:	80 83       	st	Z, r24
    2012:	0e c0       	rjmp	.+28     	; 0x2030 <MDIO_vSetPortDir+0x74>
		break;
	case DIO_PORTB:
		DDRB = A_u8PortDir;
    2014:	e7 e3       	ldi	r30, 0x37	; 55
    2016:	f0 e0       	ldi	r31, 0x00	; 0
    2018:	8a 81       	ldd	r24, Y+2	; 0x02
    201a:	80 83       	st	Z, r24
    201c:	09 c0       	rjmp	.+18     	; 0x2030 <MDIO_vSetPortDir+0x74>
		break;
	case DIO_PORTC:
		DDRC = A_u8PortDir;
    201e:	e4 e3       	ldi	r30, 0x34	; 52
    2020:	f0 e0       	ldi	r31, 0x00	; 0
    2022:	8a 81       	ldd	r24, Y+2	; 0x02
    2024:	80 83       	st	Z, r24
    2026:	04 c0       	rjmp	.+8      	; 0x2030 <MDIO_vSetPortDir+0x74>
		break;
	case DIO_PORTD:
		DDRD = A_u8PortDir;
    2028:	e1 e3       	ldi	r30, 0x31	; 49
    202a:	f0 e0       	ldi	r31, 0x00	; 0
    202c:	8a 81       	ldd	r24, Y+2	; 0x02
    202e:	80 83       	st	Z, r24
		break;

	}
}
    2030:	0f 90       	pop	r0
    2032:	0f 90       	pop	r0
    2034:	0f 90       	pop	r0
    2036:	0f 90       	pop	r0
    2038:	cf 91       	pop	r28
    203a:	df 91       	pop	r29
    203c:	08 95       	ret

0000203e <MDIO_vSetPortVal>:
void MDIO_vSetPortVal(u8 A_u8PortNo, u8 A_u8PortVal)
{
    203e:	df 93       	push	r29
    2040:	cf 93       	push	r28
    2042:	00 d0       	rcall	.+0      	; 0x2044 <MDIO_vSetPortVal+0x6>
    2044:	00 d0       	rcall	.+0      	; 0x2046 <MDIO_vSetPortVal+0x8>
    2046:	cd b7       	in	r28, 0x3d	; 61
    2048:	de b7       	in	r29, 0x3e	; 62
    204a:	89 83       	std	Y+1, r24	; 0x01
    204c:	6a 83       	std	Y+2, r22	; 0x02
	switch(A_u8PortNo)
    204e:	89 81       	ldd	r24, Y+1	; 0x01
    2050:	28 2f       	mov	r18, r24
    2052:	30 e0       	ldi	r19, 0x00	; 0
    2054:	3c 83       	std	Y+4, r19	; 0x04
    2056:	2b 83       	std	Y+3, r18	; 0x03
    2058:	8b 81       	ldd	r24, Y+3	; 0x03
    205a:	9c 81       	ldd	r25, Y+4	; 0x04
    205c:	81 30       	cpi	r24, 0x01	; 1
    205e:	91 05       	cpc	r25, r1
    2060:	d1 f0       	breq	.+52     	; 0x2096 <MDIO_vSetPortVal+0x58>
    2062:	2b 81       	ldd	r18, Y+3	; 0x03
    2064:	3c 81       	ldd	r19, Y+4	; 0x04
    2066:	22 30       	cpi	r18, 0x02	; 2
    2068:	31 05       	cpc	r19, r1
    206a:	2c f4       	brge	.+10     	; 0x2076 <MDIO_vSetPortVal+0x38>
    206c:	8b 81       	ldd	r24, Y+3	; 0x03
    206e:	9c 81       	ldd	r25, Y+4	; 0x04
    2070:	00 97       	sbiw	r24, 0x00	; 0
    2072:	61 f0       	breq	.+24     	; 0x208c <MDIO_vSetPortVal+0x4e>
    2074:	1e c0       	rjmp	.+60     	; 0x20b2 <MDIO_vSetPortVal+0x74>
    2076:	2b 81       	ldd	r18, Y+3	; 0x03
    2078:	3c 81       	ldd	r19, Y+4	; 0x04
    207a:	22 30       	cpi	r18, 0x02	; 2
    207c:	31 05       	cpc	r19, r1
    207e:	81 f0       	breq	.+32     	; 0x20a0 <MDIO_vSetPortVal+0x62>
    2080:	8b 81       	ldd	r24, Y+3	; 0x03
    2082:	9c 81       	ldd	r25, Y+4	; 0x04
    2084:	83 30       	cpi	r24, 0x03	; 3
    2086:	91 05       	cpc	r25, r1
    2088:	81 f0       	breq	.+32     	; 0x20aa <MDIO_vSetPortVal+0x6c>
    208a:	13 c0       	rjmp	.+38     	; 0x20b2 <MDIO_vSetPortVal+0x74>
		{
		case DIO_PORTA:
			PORTA = A_u8PortVal;
    208c:	eb e3       	ldi	r30, 0x3B	; 59
    208e:	f0 e0       	ldi	r31, 0x00	; 0
    2090:	8a 81       	ldd	r24, Y+2	; 0x02
    2092:	80 83       	st	Z, r24
    2094:	0e c0       	rjmp	.+28     	; 0x20b2 <MDIO_vSetPortVal+0x74>
			break;
		case DIO_PORTB:
			PORTB = A_u8PortVal;
    2096:	e8 e3       	ldi	r30, 0x38	; 56
    2098:	f0 e0       	ldi	r31, 0x00	; 0
    209a:	8a 81       	ldd	r24, Y+2	; 0x02
    209c:	80 83       	st	Z, r24
    209e:	09 c0       	rjmp	.+18     	; 0x20b2 <MDIO_vSetPortVal+0x74>
			break;
		case DIO_PORTC:
			PORTC = A_u8PortVal;
    20a0:	e5 e3       	ldi	r30, 0x35	; 53
    20a2:	f0 e0       	ldi	r31, 0x00	; 0
    20a4:	8a 81       	ldd	r24, Y+2	; 0x02
    20a6:	80 83       	st	Z, r24
    20a8:	04 c0       	rjmp	.+8      	; 0x20b2 <MDIO_vSetPortVal+0x74>
			break;
		case DIO_PORTD:
			PORTD = A_u8PortVal;
    20aa:	e2 e3       	ldi	r30, 0x32	; 50
    20ac:	f0 e0       	ldi	r31, 0x00	; 0
    20ae:	8a 81       	ldd	r24, Y+2	; 0x02
    20b0:	80 83       	st	Z, r24
			break;

		}
}
    20b2:	0f 90       	pop	r0
    20b4:	0f 90       	pop	r0
    20b6:	0f 90       	pop	r0
    20b8:	0f 90       	pop	r0
    20ba:	cf 91       	pop	r28
    20bc:	df 91       	pop	r29
    20be:	08 95       	ret

000020c0 <MDIO_u8GetPortVal>:

u8 MDIO_u8GetPortVal(u8 A_u8PortNo)
{
    20c0:	df 93       	push	r29
    20c2:	cf 93       	push	r28
    20c4:	00 d0       	rcall	.+0      	; 0x20c6 <MDIO_u8GetPortVal+0x6>
    20c6:	00 d0       	rcall	.+0      	; 0x20c8 <MDIO_u8GetPortVal+0x8>
    20c8:	cd b7       	in	r28, 0x3d	; 61
    20ca:	de b7       	in	r29, 0x3e	; 62
    20cc:	8a 83       	std	Y+2, r24	; 0x02
	u8 L_u8Val = 0;
    20ce:	19 82       	std	Y+1, r1	; 0x01
	switch(A_u8PortNo)
    20d0:	8a 81       	ldd	r24, Y+2	; 0x02
    20d2:	28 2f       	mov	r18, r24
    20d4:	30 e0       	ldi	r19, 0x00	; 0
    20d6:	3c 83       	std	Y+4, r19	; 0x04
    20d8:	2b 83       	std	Y+3, r18	; 0x03
    20da:	8b 81       	ldd	r24, Y+3	; 0x03
    20dc:	9c 81       	ldd	r25, Y+4	; 0x04
    20de:	81 30       	cpi	r24, 0x01	; 1
    20e0:	91 05       	cpc	r25, r1
    20e2:	d1 f0       	breq	.+52     	; 0x2118 <MDIO_u8GetPortVal+0x58>
    20e4:	2b 81       	ldd	r18, Y+3	; 0x03
    20e6:	3c 81       	ldd	r19, Y+4	; 0x04
    20e8:	22 30       	cpi	r18, 0x02	; 2
    20ea:	31 05       	cpc	r19, r1
    20ec:	2c f4       	brge	.+10     	; 0x20f8 <MDIO_u8GetPortVal+0x38>
    20ee:	8b 81       	ldd	r24, Y+3	; 0x03
    20f0:	9c 81       	ldd	r25, Y+4	; 0x04
    20f2:	00 97       	sbiw	r24, 0x00	; 0
    20f4:	61 f0       	breq	.+24     	; 0x210e <MDIO_u8GetPortVal+0x4e>
    20f6:	1e c0       	rjmp	.+60     	; 0x2134 <MDIO_u8GetPortVal+0x74>
    20f8:	2b 81       	ldd	r18, Y+3	; 0x03
    20fa:	3c 81       	ldd	r19, Y+4	; 0x04
    20fc:	22 30       	cpi	r18, 0x02	; 2
    20fe:	31 05       	cpc	r19, r1
    2100:	81 f0       	breq	.+32     	; 0x2122 <MDIO_u8GetPortVal+0x62>
    2102:	8b 81       	ldd	r24, Y+3	; 0x03
    2104:	9c 81       	ldd	r25, Y+4	; 0x04
    2106:	83 30       	cpi	r24, 0x03	; 3
    2108:	91 05       	cpc	r25, r1
    210a:	81 f0       	breq	.+32     	; 0x212c <MDIO_u8GetPortVal+0x6c>
    210c:	13 c0       	rjmp	.+38     	; 0x2134 <MDIO_u8GetPortVal+0x74>
	{
	case DIO_PORTA:
		L_u8Val = PINA;
    210e:	e9 e3       	ldi	r30, 0x39	; 57
    2110:	f0 e0       	ldi	r31, 0x00	; 0
    2112:	80 81       	ld	r24, Z
    2114:	89 83       	std	Y+1, r24	; 0x01
    2116:	0e c0       	rjmp	.+28     	; 0x2134 <MDIO_u8GetPortVal+0x74>
		break;
	case DIO_PORTB:
		L_u8Val = PINB;
    2118:	e6 e3       	ldi	r30, 0x36	; 54
    211a:	f0 e0       	ldi	r31, 0x00	; 0
    211c:	80 81       	ld	r24, Z
    211e:	89 83       	std	Y+1, r24	; 0x01
    2120:	09 c0       	rjmp	.+18     	; 0x2134 <MDIO_u8GetPortVal+0x74>
		break;
	case DIO_PORTC:
		L_u8Val = PINC;
    2122:	e3 e3       	ldi	r30, 0x33	; 51
    2124:	f0 e0       	ldi	r31, 0x00	; 0
    2126:	80 81       	ld	r24, Z
    2128:	89 83       	std	Y+1, r24	; 0x01
    212a:	04 c0       	rjmp	.+8      	; 0x2134 <MDIO_u8GetPortVal+0x74>
		break;
	case DIO_PORTD:
		L_u8Val = PIND;
    212c:	e0 e3       	ldi	r30, 0x30	; 48
    212e:	f0 e0       	ldi	r31, 0x00	; 0
    2130:	80 81       	ld	r24, Z
    2132:	89 83       	std	Y+1, r24	; 0x01
		break;
	}
	return L_u8Val;
    2134:	89 81       	ldd	r24, Y+1	; 0x01
}
    2136:	0f 90       	pop	r0
    2138:	0f 90       	pop	r0
    213a:	0f 90       	pop	r0
    213c:	0f 90       	pop	r0
    213e:	cf 91       	pop	r28
    2140:	df 91       	pop	r29
    2142:	08 95       	ret

00002144 <MDIO_vTogPinVal>:

void MDIO_vTogPinVal(u8 A_u8PortNo, u8 A_u8PinNo)
{
    2144:	df 93       	push	r29
    2146:	cf 93       	push	r28
    2148:	00 d0       	rcall	.+0      	; 0x214a <MDIO_vTogPinVal+0x6>
    214a:	00 d0       	rcall	.+0      	; 0x214c <MDIO_vTogPinVal+0x8>
    214c:	cd b7       	in	r28, 0x3d	; 61
    214e:	de b7       	in	r29, 0x3e	; 62
    2150:	89 83       	std	Y+1, r24	; 0x01
    2152:	6a 83       	std	Y+2, r22	; 0x02
	switch(A_u8PortNo)
    2154:	89 81       	ldd	r24, Y+1	; 0x01
    2156:	28 2f       	mov	r18, r24
    2158:	30 e0       	ldi	r19, 0x00	; 0
    215a:	3c 83       	std	Y+4, r19	; 0x04
    215c:	2b 83       	std	Y+3, r18	; 0x03
    215e:	8b 81       	ldd	r24, Y+3	; 0x03
    2160:	9c 81       	ldd	r25, Y+4	; 0x04
    2162:	81 30       	cpi	r24, 0x01	; 1
    2164:	91 05       	cpc	r25, r1
    2166:	41 f1       	breq	.+80     	; 0x21b8 <MDIO_vTogPinVal+0x74>
    2168:	2b 81       	ldd	r18, Y+3	; 0x03
    216a:	3c 81       	ldd	r19, Y+4	; 0x04
    216c:	22 30       	cpi	r18, 0x02	; 2
    216e:	31 05       	cpc	r19, r1
    2170:	2c f4       	brge	.+10     	; 0x217c <MDIO_vTogPinVal+0x38>
    2172:	8b 81       	ldd	r24, Y+3	; 0x03
    2174:	9c 81       	ldd	r25, Y+4	; 0x04
    2176:	00 97       	sbiw	r24, 0x00	; 0
    2178:	61 f0       	breq	.+24     	; 0x2192 <MDIO_vTogPinVal+0x4e>
    217a:	56 c0       	rjmp	.+172    	; 0x2228 <MDIO_vTogPinVal+0xe4>
    217c:	2b 81       	ldd	r18, Y+3	; 0x03
    217e:	3c 81       	ldd	r19, Y+4	; 0x04
    2180:	22 30       	cpi	r18, 0x02	; 2
    2182:	31 05       	cpc	r19, r1
    2184:	61 f1       	breq	.+88     	; 0x21de <MDIO_vTogPinVal+0x9a>
    2186:	8b 81       	ldd	r24, Y+3	; 0x03
    2188:	9c 81       	ldd	r25, Y+4	; 0x04
    218a:	83 30       	cpi	r24, 0x03	; 3
    218c:	91 05       	cpc	r25, r1
    218e:	d1 f1       	breq	.+116    	; 0x2204 <MDIO_vTogPinVal+0xc0>
    2190:	4b c0       	rjmp	.+150    	; 0x2228 <MDIO_vTogPinVal+0xe4>
		{
		case DIO_PORTA:
			TOG_BIT(PORTA,A_u8PinNo);
    2192:	ab e3       	ldi	r26, 0x3B	; 59
    2194:	b0 e0       	ldi	r27, 0x00	; 0
    2196:	eb e3       	ldi	r30, 0x3B	; 59
    2198:	f0 e0       	ldi	r31, 0x00	; 0
    219a:	40 81       	ld	r20, Z
    219c:	8a 81       	ldd	r24, Y+2	; 0x02
    219e:	28 2f       	mov	r18, r24
    21a0:	30 e0       	ldi	r19, 0x00	; 0
    21a2:	81 e0       	ldi	r24, 0x01	; 1
    21a4:	90 e0       	ldi	r25, 0x00	; 0
    21a6:	02 2e       	mov	r0, r18
    21a8:	02 c0       	rjmp	.+4      	; 0x21ae <MDIO_vTogPinVal+0x6a>
    21aa:	88 0f       	add	r24, r24
    21ac:	99 1f       	adc	r25, r25
    21ae:	0a 94       	dec	r0
    21b0:	e2 f7       	brpl	.-8      	; 0x21aa <MDIO_vTogPinVal+0x66>
    21b2:	84 27       	eor	r24, r20
    21b4:	8c 93       	st	X, r24
    21b6:	38 c0       	rjmp	.+112    	; 0x2228 <MDIO_vTogPinVal+0xe4>
			break;
		case DIO_PORTB:
			TOG_BIT(PORTB,A_u8PinNo);
    21b8:	a8 e3       	ldi	r26, 0x38	; 56
    21ba:	b0 e0       	ldi	r27, 0x00	; 0
    21bc:	e8 e3       	ldi	r30, 0x38	; 56
    21be:	f0 e0       	ldi	r31, 0x00	; 0
    21c0:	40 81       	ld	r20, Z
    21c2:	8a 81       	ldd	r24, Y+2	; 0x02
    21c4:	28 2f       	mov	r18, r24
    21c6:	30 e0       	ldi	r19, 0x00	; 0
    21c8:	81 e0       	ldi	r24, 0x01	; 1
    21ca:	90 e0       	ldi	r25, 0x00	; 0
    21cc:	02 2e       	mov	r0, r18
    21ce:	02 c0       	rjmp	.+4      	; 0x21d4 <MDIO_vTogPinVal+0x90>
    21d0:	88 0f       	add	r24, r24
    21d2:	99 1f       	adc	r25, r25
    21d4:	0a 94       	dec	r0
    21d6:	e2 f7       	brpl	.-8      	; 0x21d0 <MDIO_vTogPinVal+0x8c>
    21d8:	84 27       	eor	r24, r20
    21da:	8c 93       	st	X, r24
    21dc:	25 c0       	rjmp	.+74     	; 0x2228 <MDIO_vTogPinVal+0xe4>
			break;
		case DIO_PORTC:
			TOG_BIT(PORTC,A_u8PinNo);
    21de:	a5 e3       	ldi	r26, 0x35	; 53
    21e0:	b0 e0       	ldi	r27, 0x00	; 0
    21e2:	e5 e3       	ldi	r30, 0x35	; 53
    21e4:	f0 e0       	ldi	r31, 0x00	; 0
    21e6:	40 81       	ld	r20, Z
    21e8:	8a 81       	ldd	r24, Y+2	; 0x02
    21ea:	28 2f       	mov	r18, r24
    21ec:	30 e0       	ldi	r19, 0x00	; 0
    21ee:	81 e0       	ldi	r24, 0x01	; 1
    21f0:	90 e0       	ldi	r25, 0x00	; 0
    21f2:	02 2e       	mov	r0, r18
    21f4:	02 c0       	rjmp	.+4      	; 0x21fa <MDIO_vTogPinVal+0xb6>
    21f6:	88 0f       	add	r24, r24
    21f8:	99 1f       	adc	r25, r25
    21fa:	0a 94       	dec	r0
    21fc:	e2 f7       	brpl	.-8      	; 0x21f6 <MDIO_vTogPinVal+0xb2>
    21fe:	84 27       	eor	r24, r20
    2200:	8c 93       	st	X, r24
    2202:	12 c0       	rjmp	.+36     	; 0x2228 <MDIO_vTogPinVal+0xe4>
			break;
		case DIO_PORTD:
			TOG_BIT(PORTD,A_u8PinNo);
    2204:	a2 e3       	ldi	r26, 0x32	; 50
    2206:	b0 e0       	ldi	r27, 0x00	; 0
    2208:	e2 e3       	ldi	r30, 0x32	; 50
    220a:	f0 e0       	ldi	r31, 0x00	; 0
    220c:	40 81       	ld	r20, Z
    220e:	8a 81       	ldd	r24, Y+2	; 0x02
    2210:	28 2f       	mov	r18, r24
    2212:	30 e0       	ldi	r19, 0x00	; 0
    2214:	81 e0       	ldi	r24, 0x01	; 1
    2216:	90 e0       	ldi	r25, 0x00	; 0
    2218:	02 2e       	mov	r0, r18
    221a:	02 c0       	rjmp	.+4      	; 0x2220 <MDIO_vTogPinVal+0xdc>
    221c:	88 0f       	add	r24, r24
    221e:	99 1f       	adc	r25, r25
    2220:	0a 94       	dec	r0
    2222:	e2 f7       	brpl	.-8      	; 0x221c <MDIO_vTogPinVal+0xd8>
    2224:	84 27       	eor	r24, r20
    2226:	8c 93       	st	X, r24
			break;

		}
}
    2228:	0f 90       	pop	r0
    222a:	0f 90       	pop	r0
    222c:	0f 90       	pop	r0
    222e:	0f 90       	pop	r0
    2230:	cf 91       	pop	r28
    2232:	df 91       	pop	r29
    2234:	08 95       	ret

00002236 <MADC_init>:
#include "ADC_int.h"
#include "ADC_prv.h"


void MADC_init(void)
{
    2236:	df 93       	push	r29
    2238:	cf 93       	push	r28
    223a:	cd b7       	in	r28, 0x3d	; 61
    223c:	de b7       	in	r29, 0x3e	; 62
    /* Select AVCC as reference voltage
     * REFS1:REFS0 = 01
     */
    CLR_BIT(ADMUX, 7);
    223e:	a7 e2       	ldi	r26, 0x27	; 39
    2240:	b0 e0       	ldi	r27, 0x00	; 0
    2242:	e7 e2       	ldi	r30, 0x27	; 39
    2244:	f0 e0       	ldi	r31, 0x00	; 0
    2246:	80 81       	ld	r24, Z
    2248:	8f 77       	andi	r24, 0x7F	; 127
    224a:	8c 93       	st	X, r24
    SET_BIT(ADMUX, 6);
    224c:	a7 e2       	ldi	r26, 0x27	; 39
    224e:	b0 e0       	ldi	r27, 0x00	; 0
    2250:	e7 e2       	ldi	r30, 0x27	; 39
    2252:	f0 e0       	ldi	r31, 0x00	; 0
    2254:	80 81       	ld	r24, Z
    2256:	80 64       	ori	r24, 0x40	; 64
    2258:	8c 93       	st	X, r24


    /* Right adjust ADC result
     * ADLAR = 0
     */
    CLR_BIT(ADMUX, 5);
    225a:	a7 e2       	ldi	r26, 0x27	; 39
    225c:	b0 e0       	ldi	r27, 0x00	; 0
    225e:	e7 e2       	ldi	r30, 0x27	; 39
    2260:	f0 e0       	ldi	r31, 0x00	; 0
    2262:	80 81       	ld	r24, Z
    2264:	8f 7d       	andi	r24, 0xDF	; 223
    2266:	8c 93       	st	X, r24

    /* Select ADC clock prescaler = 64
     * ADPS2:ADPS0 = 110
     * ADC Clock = F_CPU / 64
     */
    SET_BIT(ADCSRA,2);
    2268:	a6 e2       	ldi	r26, 0x26	; 38
    226a:	b0 e0       	ldi	r27, 0x00	; 0
    226c:	e6 e2       	ldi	r30, 0x26	; 38
    226e:	f0 e0       	ldi	r31, 0x00	; 0
    2270:	80 81       	ld	r24, Z
    2272:	84 60       	ori	r24, 0x04	; 4
    2274:	8c 93       	st	X, r24
    SET_BIT(ADCSRA,1);
    2276:	a6 e2       	ldi	r26, 0x26	; 38
    2278:	b0 e0       	ldi	r27, 0x00	; 0
    227a:	e6 e2       	ldi	r30, 0x26	; 38
    227c:	f0 e0       	ldi	r31, 0x00	; 0
    227e:	80 81       	ld	r24, Z
    2280:	82 60       	ori	r24, 0x02	; 2
    2282:	8c 93       	st	X, r24
    CLR_BIT(ADCSRA,0);
    2284:	a6 e2       	ldi	r26, 0x26	; 38
    2286:	b0 e0       	ldi	r27, 0x00	; 0
    2288:	e6 e2       	ldi	r30, 0x26	; 38
    228a:	f0 e0       	ldi	r31, 0x00	; 0
    228c:	80 81       	ld	r24, Z
    228e:	8e 7f       	andi	r24, 0xFE	; 254
    2290:	8c 93       	st	X, r24

    /* Disable Auto Trigger
     * Single Conversion Mode
     */
    CLR_BIT(ADCSRA, 5);
    2292:	a6 e2       	ldi	r26, 0x26	; 38
    2294:	b0 e0       	ldi	r27, 0x00	; 0
    2296:	e6 e2       	ldi	r30, 0x26	; 38
    2298:	f0 e0       	ldi	r31, 0x00	; 0
    229a:	80 81       	ld	r24, Z
    229c:	8f 7d       	andi	r24, 0xDF	; 223
    229e:	8c 93       	st	X, r24

    /* Disable ADC Interrupt
     * Polling mode will be used
     */
    CLR_BIT(ADCSRA, 3);
    22a0:	a6 e2       	ldi	r26, 0x26	; 38
    22a2:	b0 e0       	ldi	r27, 0x00	; 0
    22a4:	e6 e2       	ldi	r30, 0x26	; 38
    22a6:	f0 e0       	ldi	r31, 0x00	; 0
    22a8:	80 81       	ld	r24, Z
    22aa:	87 7f       	andi	r24, 0xF7	; 247
    22ac:	8c 93       	st	X, r24

    /* Enable ADC peripheral
     * ADEN = 1
     */
    SET_BIT(ADCSRA, 7);
    22ae:	a6 e2       	ldi	r26, 0x26	; 38
    22b0:	b0 e0       	ldi	r27, 0x00	; 0
    22b2:	e6 e2       	ldi	r30, 0x26	; 38
    22b4:	f0 e0       	ldi	r31, 0x00	; 0
    22b6:	80 81       	ld	r24, Z
    22b8:	80 68       	ori	r24, 0x80	; 128
    22ba:	8c 93       	st	X, r24
}
    22bc:	cf 91       	pop	r28
    22be:	df 91       	pop	r29
    22c0:	08 95       	ret

000022c2 <MADC_u16ReadAnaloge>:


u16 MADC_u16ReadAnaloge(u8 A_u8Channel)
{
    22c2:	df 93       	push	r29
    22c4:	cf 93       	push	r28
    22c6:	0f 92       	push	r0
    22c8:	cd b7       	in	r28, 0x3d	; 61
    22ca:	de b7       	in	r29, 0x3e	; 62
    22cc:	89 83       	std	Y+1, r24	; 0x01
    /* Select required ADC channel
     * Preserve reference voltage and adjustment bits
     */
	// 0xE0 = 1110 0000
    ADMUX = (ADMUX & (0xE0)) | (A_u8Channel & 0x07);
    22ce:	a7 e2       	ldi	r26, 0x27	; 39
    22d0:	b0 e0       	ldi	r27, 0x00	; 0
    22d2:	e7 e2       	ldi	r30, 0x27	; 39
    22d4:	f0 e0       	ldi	r31, 0x00	; 0
    22d6:	80 81       	ld	r24, Z
    22d8:	98 2f       	mov	r25, r24
    22da:	90 7e       	andi	r25, 0xE0	; 224
    22dc:	89 81       	ldd	r24, Y+1	; 0x01
    22de:	87 70       	andi	r24, 0x07	; 7
    22e0:	89 2b       	or	r24, r25
    22e2:	8c 93       	st	X, r24

    /* Start ADC conversion */
    SET_BIT(ADCSRA, 6);
    22e4:	a6 e2       	ldi	r26, 0x26	; 38
    22e6:	b0 e0       	ldi	r27, 0x00	; 0
    22e8:	e6 e2       	ldi	r30, 0x26	; 38
    22ea:	f0 e0       	ldi	r31, 0x00	; 0
    22ec:	80 81       	ld	r24, Z
    22ee:	80 64       	ori	r24, 0x40	; 64
    22f0:	8c 93       	st	X, r24

    /* Poll until conversion is complete
     * Wait until ADIF becomes 1
     */
    while(GET_BIT(ADCSRA, 4) == 0){}
    22f2:	e6 e2       	ldi	r30, 0x26	; 38
    22f4:	f0 e0       	ldi	r31, 0x00	; 0
    22f6:	80 81       	ld	r24, Z
    22f8:	82 95       	swap	r24
    22fa:	8f 70       	andi	r24, 0x0F	; 15
    22fc:	88 2f       	mov	r24, r24
    22fe:	90 e0       	ldi	r25, 0x00	; 0
    2300:	81 70       	andi	r24, 0x01	; 1
    2302:	90 70       	andi	r25, 0x00	; 0
    2304:	00 97       	sbiw	r24, 0x00	; 0
    2306:	a9 f3       	breq	.-22     	; 0x22f2 <MADC_u16ReadAnaloge+0x30>

    /* Clear ADIF flag
     * ADC flags are cleared by writing '1'
     */
    SET_BIT(ADCSRA, 4);
    2308:	a6 e2       	ldi	r26, 0x26	; 38
    230a:	b0 e0       	ldi	r27, 0x00	; 0
    230c:	e6 e2       	ldi	r30, 0x26	; 38
    230e:	f0 e0       	ldi	r31, 0x00	; 0
    2310:	80 81       	ld	r24, Z
    2312:	80 61       	ori	r24, 0x10	; 16
    2314:	8c 93       	st	X, r24

    /* Return the 10-bit conversion result */
    return ADC;
    2316:	e4 e2       	ldi	r30, 0x24	; 36
    2318:	f0 e0       	ldi	r31, 0x00	; 0
    231a:	80 81       	ld	r24, Z
    231c:	91 81       	ldd	r25, Z+1	; 0x01
}
    231e:	0f 90       	pop	r0
    2320:	cf 91       	pop	r28
    2322:	df 91       	pop	r29
    2324:	08 95       	ret

00002326 <HSTEPPER_vInit>:
#include "STEPPER_Int.h"
#include "../../LIB/STD_TYPES.h"
#include <util/delay.h>
#include "../../MCAL/DIO/DIO_int.h"

void HSTEPPER_vInit(){
    2326:	df 93       	push	r29
    2328:	cf 93       	push	r28
    232a:	cd b7       	in	r28, 0x3d	; 61
    232c:	de b7       	in	r29, 0x3e	; 62
    MDIO_vSetPinDir(Stepper_Port , Stepper_Blue , DIO_OUTPUT);
    232e:	80 e0       	ldi	r24, 0x00	; 0
    2330:	61 e0       	ldi	r22, 0x01	; 1
    2332:	41 e0       	ldi	r20, 0x01	; 1
    2334:	0e 94 76 0d 	call	0x1aec	; 0x1aec <MDIO_vSetPinDir>
    MDIO_vSetPinDir(Stepper_Port , Stepper_PINK , DIO_OUTPUT);
    2338:	80 e0       	ldi	r24, 0x00	; 0
    233a:	60 e0       	ldi	r22, 0x00	; 0
    233c:	41 e0       	ldi	r20, 0x01	; 1
    233e:	0e 94 76 0d 	call	0x1aec	; 0x1aec <MDIO_vSetPinDir>
    MDIO_vSetPinDir(Stepper_Port , Stepper_ORANGE , DIO_OUTPUT);
    2342:	80 e0       	ldi	r24, 0x00	; 0
    2344:	62 e0       	ldi	r22, 0x02	; 2
    2346:	41 e0       	ldi	r20, 0x01	; 1
    2348:	0e 94 76 0d 	call	0x1aec	; 0x1aec <MDIO_vSetPinDir>
    MDIO_vSetPinDir(Stepper_Port , Stepper_YELLOW , DIO_OUTPUT);
    234c:	80 e0       	ldi	r24, 0x00	; 0
    234e:	63 e0       	ldi	r22, 0x03	; 3
    2350:	41 e0       	ldi	r20, 0x01	; 1
    2352:	0e 94 76 0d 	call	0x1aec	; 0x1aec <MDIO_vSetPinDir>


}
    2356:	cf 91       	pop	r28
    2358:	df 91       	pop	r29
    235a:	08 95       	ret

0000235c <HTEPPER_vRotateCW>:
void HTEPPER_vRotateCW(f64 A_f64StepDelay){
    235c:	df 93       	push	r29
    235e:	cf 93       	push	r28
    2360:	cd b7       	in	r28, 0x3d	; 61
    2362:	de b7       	in	r29, 0x3e	; 62
    2364:	ec 97       	sbiw	r28, 0x3c	; 60
    2366:	0f b6       	in	r0, 0x3f	; 63
    2368:	f8 94       	cli
    236a:	de bf       	out	0x3e, r29	; 62
    236c:	0f be       	out	0x3f, r0	; 63
    236e:	cd bf       	out	0x3d, r28	; 61
    2370:	69 af       	std	Y+57, r22	; 0x39
    2372:	7a af       	std	Y+58, r23	; 0x3a
    2374:	8b af       	std	Y+59, r24	; 0x3b
    2376:	9c af       	std	Y+60, r25	; 0x3c
    MDIO_vSetPinVal(Stepper_Port , Stepper_Blue , DIO_HIGH);
    2378:	80 e0       	ldi	r24, 0x00	; 0
    237a:	61 e0       	ldi	r22, 0x01	; 1
    237c:	41 e0       	ldi	r20, 0x01	; 1
    237e:	0e 94 6d 0e 	call	0x1cda	; 0x1cda <MDIO_vSetPinVal>
    MDIO_vSetPinVal(Stepper_Port , Stepper_PINK , DIO_LOW);
    2382:	80 e0       	ldi	r24, 0x00	; 0
    2384:	60 e0       	ldi	r22, 0x00	; 0
    2386:	40 e0       	ldi	r20, 0x00	; 0
    2388:	0e 94 6d 0e 	call	0x1cda	; 0x1cda <MDIO_vSetPinVal>
    MDIO_vSetPinVal(Stepper_Port , Stepper_YELLOW , DIO_LOW);
    238c:	80 e0       	ldi	r24, 0x00	; 0
    238e:	63 e0       	ldi	r22, 0x03	; 3
    2390:	40 e0       	ldi	r20, 0x00	; 0
    2392:	0e 94 6d 0e 	call	0x1cda	; 0x1cda <MDIO_vSetPinVal>
    MDIO_vSetPinVal(Stepper_Port , Stepper_ORANGE , DIO_LOW);
    2396:	80 e0       	ldi	r24, 0x00	; 0
    2398:	62 e0       	ldi	r22, 0x02	; 2
    239a:	40 e0       	ldi	r20, 0x00	; 0
    239c:	0e 94 6d 0e 	call	0x1cda	; 0x1cda <MDIO_vSetPinVal>
    23a0:	89 ad       	ldd	r24, Y+57	; 0x39
    23a2:	9a ad       	ldd	r25, Y+58	; 0x3a
    23a4:	ab ad       	ldd	r26, Y+59	; 0x3b
    23a6:	bc ad       	ldd	r27, Y+60	; 0x3c
    23a8:	8d ab       	std	Y+53, r24	; 0x35
    23aa:	9e ab       	std	Y+54, r25	; 0x36
    23ac:	af ab       	std	Y+55, r26	; 0x37
    23ae:	b8 af       	std	Y+56, r27	; 0x38
 */
void
_delay_ms(double __ms)
{
	uint16_t __ticks;
	double __tmp = ((F_CPU) / 4e3) * __ms;
    23b0:	6d a9       	ldd	r22, Y+53	; 0x35
    23b2:	7e a9       	ldd	r23, Y+54	; 0x36
    23b4:	8f a9       	ldd	r24, Y+55	; 0x37
    23b6:	98 ad       	ldd	r25, Y+56	; 0x38
    23b8:	20 e0       	ldi	r18, 0x00	; 0
    23ba:	30 e0       	ldi	r19, 0x00	; 0
    23bc:	4a ef       	ldi	r20, 0xFA	; 250
    23be:	54 e4       	ldi	r21, 0x44	; 68
    23c0:	0e 94 1f 02 	call	0x43e	; 0x43e <__mulsf3>
    23c4:	dc 01       	movw	r26, r24
    23c6:	cb 01       	movw	r24, r22
    23c8:	89 ab       	std	Y+49, r24	; 0x31
    23ca:	9a ab       	std	Y+50, r25	; 0x32
    23cc:	ab ab       	std	Y+51, r26	; 0x33
    23ce:	bc ab       	std	Y+52, r27	; 0x34
	if (__tmp < 1.0)
    23d0:	69 a9       	ldd	r22, Y+49	; 0x31
    23d2:	7a a9       	ldd	r23, Y+50	; 0x32
    23d4:	8b a9       	ldd	r24, Y+51	; 0x33
    23d6:	9c a9       	ldd	r25, Y+52	; 0x34
    23d8:	20 e0       	ldi	r18, 0x00	; 0
    23da:	30 e0       	ldi	r19, 0x00	; 0
    23dc:	40 e8       	ldi	r20, 0x80	; 128
    23de:	5f e3       	ldi	r21, 0x3F	; 63
    23e0:	0e 94 79 03 	call	0x6f2	; 0x6f2 <__ltsf2>
    23e4:	88 23       	and	r24, r24
    23e6:	2c f4       	brge	.+10     	; 0x23f2 <HTEPPER_vRotateCW+0x96>
		__ticks = 1;
    23e8:	81 e0       	ldi	r24, 0x01	; 1
    23ea:	90 e0       	ldi	r25, 0x00	; 0
    23ec:	98 ab       	std	Y+48, r25	; 0x30
    23ee:	8f a7       	std	Y+47, r24	; 0x2f
    23f0:	3f c0       	rjmp	.+126    	; 0x2470 <HTEPPER_vRotateCW+0x114>
	else if (__tmp > 65535)
    23f2:	69 a9       	ldd	r22, Y+49	; 0x31
    23f4:	7a a9       	ldd	r23, Y+50	; 0x32
    23f6:	8b a9       	ldd	r24, Y+51	; 0x33
    23f8:	9c a9       	ldd	r25, Y+52	; 0x34
    23fa:	20 e0       	ldi	r18, 0x00	; 0
    23fc:	3f ef       	ldi	r19, 0xFF	; 255
    23fe:	4f e7       	ldi	r20, 0x7F	; 127
    2400:	57 e4       	ldi	r21, 0x47	; 71
    2402:	0e 94 19 03 	call	0x632	; 0x632 <__gtsf2>
    2406:	18 16       	cp	r1, r24
    2408:	4c f5       	brge	.+82     	; 0x245c <HTEPPER_vRotateCW+0x100>
	{
		//	__ticks = requested delay in 1/10 ms
		__ticks = (uint16_t) (__ms * 10.0);
    240a:	6d a9       	ldd	r22, Y+53	; 0x35
    240c:	7e a9       	ldd	r23, Y+54	; 0x36
    240e:	8f a9       	ldd	r24, Y+55	; 0x37
    2410:	98 ad       	ldd	r25, Y+56	; 0x38
    2412:	20 e0       	ldi	r18, 0x00	; 0
    2414:	30 e0       	ldi	r19, 0x00	; 0
    2416:	40 e2       	ldi	r20, 0x20	; 32
    2418:	51 e4       	ldi	r21, 0x41	; 65
    241a:	0e 94 1f 02 	call	0x43e	; 0x43e <__mulsf3>
    241e:	dc 01       	movw	r26, r24
    2420:	cb 01       	movw	r24, r22
    2422:	bc 01       	movw	r22, r24
    2424:	cd 01       	movw	r24, r26
    2426:	0e 94 49 00 	call	0x92	; 0x92 <__fixunssfsi>
    242a:	dc 01       	movw	r26, r24
    242c:	cb 01       	movw	r24, r22
    242e:	98 ab       	std	Y+48, r25	; 0x30
    2430:	8f a7       	std	Y+47, r24	; 0x2f
    2432:	0f c0       	rjmp	.+30     	; 0x2452 <HTEPPER_vRotateCW+0xf6>
    2434:	88 ec       	ldi	r24, 0xC8	; 200
    2436:	90 e0       	ldi	r25, 0x00	; 0
    2438:	9e a7       	std	Y+46, r25	; 0x2e
    243a:	8d a7       	std	Y+45, r24	; 0x2d
    milliseconds can be achieved.
 */
void
_delay_loop_2(uint16_t __count)
{
	__asm__ volatile (
    243c:	8d a5       	ldd	r24, Y+45	; 0x2d
    243e:	9e a5       	ldd	r25, Y+46	; 0x2e
    2440:	01 97       	sbiw	r24, 0x01	; 1
    2442:	f1 f7       	brne	.-4      	; 0x2440 <HTEPPER_vRotateCW+0xe4>
    2444:	9e a7       	std	Y+46, r25	; 0x2e
    2446:	8d a7       	std	Y+45, r24	; 0x2d
		while(__ticks)
		{
			// wait 1/10 ms
			_delay_loop_2(((F_CPU) / 4e3) / 10);
			__ticks --;
    2448:	8f a5       	ldd	r24, Y+47	; 0x2f
    244a:	98 a9       	ldd	r25, Y+48	; 0x30
    244c:	01 97       	sbiw	r24, 0x01	; 1
    244e:	98 ab       	std	Y+48, r25	; 0x30
    2450:	8f a7       	std	Y+47, r24	; 0x2f
		__ticks = 1;
	else if (__tmp > 65535)
	{
		//	__ticks = requested delay in 1/10 ms
		__ticks = (uint16_t) (__ms * 10.0);
		while(__ticks)
    2452:	8f a5       	ldd	r24, Y+47	; 0x2f
    2454:	98 a9       	ldd	r25, Y+48	; 0x30
    2456:	00 97       	sbiw	r24, 0x00	; 0
    2458:	69 f7       	brne	.-38     	; 0x2434 <HTEPPER_vRotateCW+0xd8>
    245a:	14 c0       	rjmp	.+40     	; 0x2484 <HTEPPER_vRotateCW+0x128>
			__ticks --;
		}
		return;
	}
	else
		__ticks = (uint16_t)__tmp;
    245c:	69 a9       	ldd	r22, Y+49	; 0x31
    245e:	7a a9       	ldd	r23, Y+50	; 0x32
    2460:	8b a9       	ldd	r24, Y+51	; 0x33
    2462:	9c a9       	ldd	r25, Y+52	; 0x34
    2464:	0e 94 49 00 	call	0x92	; 0x92 <__fixunssfsi>
    2468:	dc 01       	movw	r26, r24
    246a:	cb 01       	movw	r24, r22
    246c:	98 ab       	std	Y+48, r25	; 0x30
    246e:	8f a7       	std	Y+47, r24	; 0x2f
    2470:	8f a5       	ldd	r24, Y+47	; 0x2f
    2472:	98 a9       	ldd	r25, Y+48	; 0x30
    2474:	9c a7       	std	Y+44, r25	; 0x2c
    2476:	8b a7       	std	Y+43, r24	; 0x2b
    2478:	8b a5       	ldd	r24, Y+43	; 0x2b
    247a:	9c a5       	ldd	r25, Y+44	; 0x2c
    247c:	01 97       	sbiw	r24, 0x01	; 1
    247e:	f1 f7       	brne	.-4      	; 0x247c <HTEPPER_vRotateCW+0x120>
    2480:	9c a7       	std	Y+44, r25	; 0x2c
    2482:	8b a7       	std	Y+43, r24	; 0x2b
    _delay_ms(A_f64StepDelay);

    MDIO_vSetPinVal(Stepper_Port , Stepper_Blue , DIO_LOW);
    2484:	80 e0       	ldi	r24, 0x00	; 0
    2486:	61 e0       	ldi	r22, 0x01	; 1
    2488:	40 e0       	ldi	r20, 0x00	; 0
    248a:	0e 94 6d 0e 	call	0x1cda	; 0x1cda <MDIO_vSetPinVal>
    MDIO_vSetPinVal(Stepper_Port , Stepper_PINK , DIO_HIGH);
    248e:	80 e0       	ldi	r24, 0x00	; 0
    2490:	60 e0       	ldi	r22, 0x00	; 0
    2492:	41 e0       	ldi	r20, 0x01	; 1
    2494:	0e 94 6d 0e 	call	0x1cda	; 0x1cda <MDIO_vSetPinVal>
    MDIO_vSetPinVal(Stepper_Port , Stepper_YELLOW , DIO_LOW);
    2498:	80 e0       	ldi	r24, 0x00	; 0
    249a:	63 e0       	ldi	r22, 0x03	; 3
    249c:	40 e0       	ldi	r20, 0x00	; 0
    249e:	0e 94 6d 0e 	call	0x1cda	; 0x1cda <MDIO_vSetPinVal>
    MDIO_vSetPinVal(Stepper_Port , Stepper_ORANGE , DIO_LOW);
    24a2:	80 e0       	ldi	r24, 0x00	; 0
    24a4:	62 e0       	ldi	r22, 0x02	; 2
    24a6:	40 e0       	ldi	r20, 0x00	; 0
    24a8:	0e 94 6d 0e 	call	0x1cda	; 0x1cda <MDIO_vSetPinVal>
    24ac:	89 ad       	ldd	r24, Y+57	; 0x39
    24ae:	9a ad       	ldd	r25, Y+58	; 0x3a
    24b0:	ab ad       	ldd	r26, Y+59	; 0x3b
    24b2:	bc ad       	ldd	r27, Y+60	; 0x3c
    24b4:	8f a3       	std	Y+39, r24	; 0x27
    24b6:	98 a7       	std	Y+40, r25	; 0x28
    24b8:	a9 a7       	std	Y+41, r26	; 0x29
    24ba:	ba a7       	std	Y+42, r27	; 0x2a
 */
void
_delay_ms(double __ms)
{
	uint16_t __ticks;
	double __tmp = ((F_CPU) / 4e3) * __ms;
    24bc:	6f a1       	ldd	r22, Y+39	; 0x27
    24be:	78 a5       	ldd	r23, Y+40	; 0x28
    24c0:	89 a5       	ldd	r24, Y+41	; 0x29
    24c2:	9a a5       	ldd	r25, Y+42	; 0x2a
    24c4:	20 e0       	ldi	r18, 0x00	; 0
    24c6:	30 e0       	ldi	r19, 0x00	; 0
    24c8:	4a ef       	ldi	r20, 0xFA	; 250
    24ca:	54 e4       	ldi	r21, 0x44	; 68
    24cc:	0e 94 1f 02 	call	0x43e	; 0x43e <__mulsf3>
    24d0:	dc 01       	movw	r26, r24
    24d2:	cb 01       	movw	r24, r22
    24d4:	8b a3       	std	Y+35, r24	; 0x23
    24d6:	9c a3       	std	Y+36, r25	; 0x24
    24d8:	ad a3       	std	Y+37, r26	; 0x25
    24da:	be a3       	std	Y+38, r27	; 0x26
	if (__tmp < 1.0)
    24dc:	6b a1       	ldd	r22, Y+35	; 0x23
    24de:	7c a1       	ldd	r23, Y+36	; 0x24
    24e0:	8d a1       	ldd	r24, Y+37	; 0x25
    24e2:	9e a1       	ldd	r25, Y+38	; 0x26
    24e4:	20 e0       	ldi	r18, 0x00	; 0
    24e6:	30 e0       	ldi	r19, 0x00	; 0
    24e8:	40 e8       	ldi	r20, 0x80	; 128
    24ea:	5f e3       	ldi	r21, 0x3F	; 63
    24ec:	0e 94 79 03 	call	0x6f2	; 0x6f2 <__ltsf2>
    24f0:	88 23       	and	r24, r24
    24f2:	2c f4       	brge	.+10     	; 0x24fe <HTEPPER_vRotateCW+0x1a2>
		__ticks = 1;
    24f4:	81 e0       	ldi	r24, 0x01	; 1
    24f6:	90 e0       	ldi	r25, 0x00	; 0
    24f8:	9a a3       	std	Y+34, r25	; 0x22
    24fa:	89 a3       	std	Y+33, r24	; 0x21
    24fc:	3f c0       	rjmp	.+126    	; 0x257c <HTEPPER_vRotateCW+0x220>
	else if (__tmp > 65535)
    24fe:	6b a1       	ldd	r22, Y+35	; 0x23
    2500:	7c a1       	ldd	r23, Y+36	; 0x24
    2502:	8d a1       	ldd	r24, Y+37	; 0x25
    2504:	9e a1       	ldd	r25, Y+38	; 0x26
    2506:	20 e0       	ldi	r18, 0x00	; 0
    2508:	3f ef       	ldi	r19, 0xFF	; 255
    250a:	4f e7       	ldi	r20, 0x7F	; 127
    250c:	57 e4       	ldi	r21, 0x47	; 71
    250e:	0e 94 19 03 	call	0x632	; 0x632 <__gtsf2>
    2512:	18 16       	cp	r1, r24
    2514:	4c f5       	brge	.+82     	; 0x2568 <HTEPPER_vRotateCW+0x20c>
	{
		//	__ticks = requested delay in 1/10 ms
		__ticks = (uint16_t) (__ms * 10.0);
    2516:	6f a1       	ldd	r22, Y+39	; 0x27
    2518:	78 a5       	ldd	r23, Y+40	; 0x28
    251a:	89 a5       	ldd	r24, Y+41	; 0x29
    251c:	9a a5       	ldd	r25, Y+42	; 0x2a
    251e:	20 e0       	ldi	r18, 0x00	; 0
    2520:	30 e0       	ldi	r19, 0x00	; 0
    2522:	40 e2       	ldi	r20, 0x20	; 32
    2524:	51 e4       	ldi	r21, 0x41	; 65
    2526:	0e 94 1f 02 	call	0x43e	; 0x43e <__mulsf3>
    252a:	dc 01       	movw	r26, r24
    252c:	cb 01       	movw	r24, r22
    252e:	bc 01       	movw	r22, r24
    2530:	cd 01       	movw	r24, r26
    2532:	0e 94 49 00 	call	0x92	; 0x92 <__fixunssfsi>
    2536:	dc 01       	movw	r26, r24
    2538:	cb 01       	movw	r24, r22
    253a:	9a a3       	std	Y+34, r25	; 0x22
    253c:	89 a3       	std	Y+33, r24	; 0x21
    253e:	0f c0       	rjmp	.+30     	; 0x255e <HTEPPER_vRotateCW+0x202>
    2540:	88 ec       	ldi	r24, 0xC8	; 200
    2542:	90 e0       	ldi	r25, 0x00	; 0
    2544:	98 a3       	std	Y+32, r25	; 0x20
    2546:	8f 8f       	std	Y+31, r24	; 0x1f
    2548:	8f 8d       	ldd	r24, Y+31	; 0x1f
    254a:	98 a1       	ldd	r25, Y+32	; 0x20
    254c:	01 97       	sbiw	r24, 0x01	; 1
    254e:	f1 f7       	brne	.-4      	; 0x254c <HTEPPER_vRotateCW+0x1f0>
    2550:	98 a3       	std	Y+32, r25	; 0x20
    2552:	8f 8f       	std	Y+31, r24	; 0x1f
		while(__ticks)
		{
			// wait 1/10 ms
			_delay_loop_2(((F_CPU) / 4e3) / 10);
			__ticks --;
    2554:	89 a1       	ldd	r24, Y+33	; 0x21
    2556:	9a a1       	ldd	r25, Y+34	; 0x22
    2558:	01 97       	sbiw	r24, 0x01	; 1
    255a:	9a a3       	std	Y+34, r25	; 0x22
    255c:	89 a3       	std	Y+33, r24	; 0x21
		__ticks = 1;
	else if (__tmp > 65535)
	{
		//	__ticks = requested delay in 1/10 ms
		__ticks = (uint16_t) (__ms * 10.0);
		while(__ticks)
    255e:	89 a1       	ldd	r24, Y+33	; 0x21
    2560:	9a a1       	ldd	r25, Y+34	; 0x22
    2562:	00 97       	sbiw	r24, 0x00	; 0
    2564:	69 f7       	brne	.-38     	; 0x2540 <HTEPPER_vRotateCW+0x1e4>
    2566:	14 c0       	rjmp	.+40     	; 0x2590 <HTEPPER_vRotateCW+0x234>
			__ticks --;
		}
		return;
	}
	else
		__ticks = (uint16_t)__tmp;
    2568:	6b a1       	ldd	r22, Y+35	; 0x23
    256a:	7c a1       	ldd	r23, Y+36	; 0x24
    256c:	8d a1       	ldd	r24, Y+37	; 0x25
    256e:	9e a1       	ldd	r25, Y+38	; 0x26
    2570:	0e 94 49 00 	call	0x92	; 0x92 <__fixunssfsi>
    2574:	dc 01       	movw	r26, r24
    2576:	cb 01       	movw	r24, r22
    2578:	9a a3       	std	Y+34, r25	; 0x22
    257a:	89 a3       	std	Y+33, r24	; 0x21
    257c:	89 a1       	ldd	r24, Y+33	; 0x21
    257e:	9a a1       	ldd	r25, Y+34	; 0x22
    2580:	9e 8f       	std	Y+30, r25	; 0x1e
    2582:	8d 8f       	std	Y+29, r24	; 0x1d
    2584:	8d 8d       	ldd	r24, Y+29	; 0x1d
    2586:	9e 8d       	ldd	r25, Y+30	; 0x1e
    2588:	01 97       	sbiw	r24, 0x01	; 1
    258a:	f1 f7       	brne	.-4      	; 0x2588 <HTEPPER_vRotateCW+0x22c>
    258c:	9e 8f       	std	Y+30, r25	; 0x1e
    258e:	8d 8f       	std	Y+29, r24	; 0x1d
    _delay_ms(A_f64StepDelay);

    MDIO_vSetPinVal(Stepper_Port , Stepper_Blue , DIO_LOW);
    2590:	80 e0       	ldi	r24, 0x00	; 0
    2592:	61 e0       	ldi	r22, 0x01	; 1
    2594:	40 e0       	ldi	r20, 0x00	; 0
    2596:	0e 94 6d 0e 	call	0x1cda	; 0x1cda <MDIO_vSetPinVal>
    MDIO_vSetPinVal(Stepper_Port , Stepper_PINK , DIO_LOW);
    259a:	80 e0       	ldi	r24, 0x00	; 0
    259c:	60 e0       	ldi	r22, 0x00	; 0
    259e:	40 e0       	ldi	r20, 0x00	; 0
    25a0:	0e 94 6d 0e 	call	0x1cda	; 0x1cda <MDIO_vSetPinVal>
    MDIO_vSetPinVal(Stepper_Port , Stepper_YELLOW , DIO_HIGH);
    25a4:	80 e0       	ldi	r24, 0x00	; 0
    25a6:	63 e0       	ldi	r22, 0x03	; 3
    25a8:	41 e0       	ldi	r20, 0x01	; 1
    25aa:	0e 94 6d 0e 	call	0x1cda	; 0x1cda <MDIO_vSetPinVal>
    MDIO_vSetPinVal(Stepper_Port , Stepper_ORANGE , DIO_LOW);
    25ae:	80 e0       	ldi	r24, 0x00	; 0
    25b0:	62 e0       	ldi	r22, 0x02	; 2
    25b2:	40 e0       	ldi	r20, 0x00	; 0
    25b4:	0e 94 6d 0e 	call	0x1cda	; 0x1cda <MDIO_vSetPinVal>
    25b8:	89 ad       	ldd	r24, Y+57	; 0x39
    25ba:	9a ad       	ldd	r25, Y+58	; 0x3a
    25bc:	ab ad       	ldd	r26, Y+59	; 0x3b
    25be:	bc ad       	ldd	r27, Y+60	; 0x3c
    25c0:	89 8f       	std	Y+25, r24	; 0x19
    25c2:	9a 8f       	std	Y+26, r25	; 0x1a
    25c4:	ab 8f       	std	Y+27, r26	; 0x1b
    25c6:	bc 8f       	std	Y+28, r27	; 0x1c
 */
void
_delay_ms(double __ms)
{
	uint16_t __ticks;
	double __tmp = ((F_CPU) / 4e3) * __ms;
    25c8:	69 8d       	ldd	r22, Y+25	; 0x19
    25ca:	7a 8d       	ldd	r23, Y+26	; 0x1a
    25cc:	8b 8d       	ldd	r24, Y+27	; 0x1b
    25ce:	9c 8d       	ldd	r25, Y+28	; 0x1c
    25d0:	20 e0       	ldi	r18, 0x00	; 0
    25d2:	30 e0       	ldi	r19, 0x00	; 0
    25d4:	4a ef       	ldi	r20, 0xFA	; 250
    25d6:	54 e4       	ldi	r21, 0x44	; 68
    25d8:	0e 94 1f 02 	call	0x43e	; 0x43e <__mulsf3>
    25dc:	dc 01       	movw	r26, r24
    25de:	cb 01       	movw	r24, r22
    25e0:	8d 8b       	std	Y+21, r24	; 0x15
    25e2:	9e 8b       	std	Y+22, r25	; 0x16
    25e4:	af 8b       	std	Y+23, r26	; 0x17
    25e6:	b8 8f       	std	Y+24, r27	; 0x18
	if (__tmp < 1.0)
    25e8:	6d 89       	ldd	r22, Y+21	; 0x15
    25ea:	7e 89       	ldd	r23, Y+22	; 0x16
    25ec:	8f 89       	ldd	r24, Y+23	; 0x17
    25ee:	98 8d       	ldd	r25, Y+24	; 0x18
    25f0:	20 e0       	ldi	r18, 0x00	; 0
    25f2:	30 e0       	ldi	r19, 0x00	; 0
    25f4:	40 e8       	ldi	r20, 0x80	; 128
    25f6:	5f e3       	ldi	r21, 0x3F	; 63
    25f8:	0e 94 79 03 	call	0x6f2	; 0x6f2 <__ltsf2>
    25fc:	88 23       	and	r24, r24
    25fe:	2c f4       	brge	.+10     	; 0x260a <HTEPPER_vRotateCW+0x2ae>
		__ticks = 1;
    2600:	81 e0       	ldi	r24, 0x01	; 1
    2602:	90 e0       	ldi	r25, 0x00	; 0
    2604:	9c 8b       	std	Y+20, r25	; 0x14
    2606:	8b 8b       	std	Y+19, r24	; 0x13
    2608:	3f c0       	rjmp	.+126    	; 0x2688 <HTEPPER_vRotateCW+0x32c>
	else if (__tmp > 65535)
    260a:	6d 89       	ldd	r22, Y+21	; 0x15
    260c:	7e 89       	ldd	r23, Y+22	; 0x16
    260e:	8f 89       	ldd	r24, Y+23	; 0x17
    2610:	98 8d       	ldd	r25, Y+24	; 0x18
    2612:	20 e0       	ldi	r18, 0x00	; 0
    2614:	3f ef       	ldi	r19, 0xFF	; 255
    2616:	4f e7       	ldi	r20, 0x7F	; 127
    2618:	57 e4       	ldi	r21, 0x47	; 71
    261a:	0e 94 19 03 	call	0x632	; 0x632 <__gtsf2>
    261e:	18 16       	cp	r1, r24
    2620:	4c f5       	brge	.+82     	; 0x2674 <HTEPPER_vRotateCW+0x318>
	{
		//	__ticks = requested delay in 1/10 ms
		__ticks = (uint16_t) (__ms * 10.0);
    2622:	69 8d       	ldd	r22, Y+25	; 0x19
    2624:	7a 8d       	ldd	r23, Y+26	; 0x1a
    2626:	8b 8d       	ldd	r24, Y+27	; 0x1b
    2628:	9c 8d       	ldd	r25, Y+28	; 0x1c
    262a:	20 e0       	ldi	r18, 0x00	; 0
    262c:	30 e0       	ldi	r19, 0x00	; 0
    262e:	40 e2       	ldi	r20, 0x20	; 32
    2630:	51 e4       	ldi	r21, 0x41	; 65
    2632:	0e 94 1f 02 	call	0x43e	; 0x43e <__mulsf3>
    2636:	dc 01       	movw	r26, r24
    2638:	cb 01       	movw	r24, r22
    263a:	bc 01       	movw	r22, r24
    263c:	cd 01       	movw	r24, r26
    263e:	0e 94 49 00 	call	0x92	; 0x92 <__fixunssfsi>
    2642:	dc 01       	movw	r26, r24
    2644:	cb 01       	movw	r24, r22
    2646:	9c 8b       	std	Y+20, r25	; 0x14
    2648:	8b 8b       	std	Y+19, r24	; 0x13
    264a:	0f c0       	rjmp	.+30     	; 0x266a <HTEPPER_vRotateCW+0x30e>
    264c:	88 ec       	ldi	r24, 0xC8	; 200
    264e:	90 e0       	ldi	r25, 0x00	; 0
    2650:	9a 8b       	std	Y+18, r25	; 0x12
    2652:	89 8b       	std	Y+17, r24	; 0x11
    2654:	89 89       	ldd	r24, Y+17	; 0x11
    2656:	9a 89       	ldd	r25, Y+18	; 0x12
    2658:	01 97       	sbiw	r24, 0x01	; 1
    265a:	f1 f7       	brne	.-4      	; 0x2658 <HTEPPER_vRotateCW+0x2fc>
    265c:	9a 8b       	std	Y+18, r25	; 0x12
    265e:	89 8b       	std	Y+17, r24	; 0x11
		while(__ticks)
		{
			// wait 1/10 ms
			_delay_loop_2(((F_CPU) / 4e3) / 10);
			__ticks --;
    2660:	8b 89       	ldd	r24, Y+19	; 0x13
    2662:	9c 89       	ldd	r25, Y+20	; 0x14
    2664:	01 97       	sbiw	r24, 0x01	; 1
    2666:	9c 8b       	std	Y+20, r25	; 0x14
    2668:	8b 8b       	std	Y+19, r24	; 0x13
		__ticks = 1;
	else if (__tmp > 65535)
	{
		//	__ticks = requested delay in 1/10 ms
		__ticks = (uint16_t) (__ms * 10.0);
		while(__ticks)
    266a:	8b 89       	ldd	r24, Y+19	; 0x13
    266c:	9c 89       	ldd	r25, Y+20	; 0x14
    266e:	00 97       	sbiw	r24, 0x00	; 0
    2670:	69 f7       	brne	.-38     	; 0x264c <HTEPPER_vRotateCW+0x2f0>
    2672:	14 c0       	rjmp	.+40     	; 0x269c <HTEPPER_vRotateCW+0x340>
			__ticks --;
		}
		return;
	}
	else
		__ticks = (uint16_t)__tmp;
    2674:	6d 89       	ldd	r22, Y+21	; 0x15
    2676:	7e 89       	ldd	r23, Y+22	; 0x16
    2678:	8f 89       	ldd	r24, Y+23	; 0x17
    267a:	98 8d       	ldd	r25, Y+24	; 0x18
    267c:	0e 94 49 00 	call	0x92	; 0x92 <__fixunssfsi>
    2680:	dc 01       	movw	r26, r24
    2682:	cb 01       	movw	r24, r22
    2684:	9c 8b       	std	Y+20, r25	; 0x14
    2686:	8b 8b       	std	Y+19, r24	; 0x13
    2688:	8b 89       	ldd	r24, Y+19	; 0x13
    268a:	9c 89       	ldd	r25, Y+20	; 0x14
    268c:	98 8b       	std	Y+16, r25	; 0x10
    268e:	8f 87       	std	Y+15, r24	; 0x0f
    2690:	8f 85       	ldd	r24, Y+15	; 0x0f
    2692:	98 89       	ldd	r25, Y+16	; 0x10
    2694:	01 97       	sbiw	r24, 0x01	; 1
    2696:	f1 f7       	brne	.-4      	; 0x2694 <HTEPPER_vRotateCW+0x338>
    2698:	98 8b       	std	Y+16, r25	; 0x10
    269a:	8f 87       	std	Y+15, r24	; 0x0f
    _delay_ms(A_f64StepDelay);

    MDIO_vSetPinVal(Stepper_Port , Stepper_Blue , DIO_LOW);
    269c:	80 e0       	ldi	r24, 0x00	; 0
    269e:	61 e0       	ldi	r22, 0x01	; 1
    26a0:	40 e0       	ldi	r20, 0x00	; 0
    26a2:	0e 94 6d 0e 	call	0x1cda	; 0x1cda <MDIO_vSetPinVal>
    MDIO_vSetPinVal(Stepper_Port , Stepper_PINK , DIO_LOW);
    26a6:	80 e0       	ldi	r24, 0x00	; 0
    26a8:	60 e0       	ldi	r22, 0x00	; 0
    26aa:	40 e0       	ldi	r20, 0x00	; 0
    26ac:	0e 94 6d 0e 	call	0x1cda	; 0x1cda <MDIO_vSetPinVal>
    MDIO_vSetPinVal(Stepper_Port , Stepper_YELLOW , DIO_LOW);
    26b0:	80 e0       	ldi	r24, 0x00	; 0
    26b2:	63 e0       	ldi	r22, 0x03	; 3
    26b4:	40 e0       	ldi	r20, 0x00	; 0
    26b6:	0e 94 6d 0e 	call	0x1cda	; 0x1cda <MDIO_vSetPinVal>
    MDIO_vSetPinVal(Stepper_Port , Stepper_ORANGE , DIO_HIGH);
    26ba:	80 e0       	ldi	r24, 0x00	; 0
    26bc:	62 e0       	ldi	r22, 0x02	; 2
    26be:	41 e0       	ldi	r20, 0x01	; 1
    26c0:	0e 94 6d 0e 	call	0x1cda	; 0x1cda <MDIO_vSetPinVal>
    26c4:	89 ad       	ldd	r24, Y+57	; 0x39
    26c6:	9a ad       	ldd	r25, Y+58	; 0x3a
    26c8:	ab ad       	ldd	r26, Y+59	; 0x3b
    26ca:	bc ad       	ldd	r27, Y+60	; 0x3c
    26cc:	8b 87       	std	Y+11, r24	; 0x0b
    26ce:	9c 87       	std	Y+12, r25	; 0x0c
    26d0:	ad 87       	std	Y+13, r26	; 0x0d
    26d2:	be 87       	std	Y+14, r27	; 0x0e
 */
void
_delay_ms(double __ms)
{
	uint16_t __ticks;
	double __tmp = ((F_CPU) / 4e3) * __ms;
    26d4:	6b 85       	ldd	r22, Y+11	; 0x0b
    26d6:	7c 85       	ldd	r23, Y+12	; 0x0c
    26d8:	8d 85       	ldd	r24, Y+13	; 0x0d
    26da:	9e 85       	ldd	r25, Y+14	; 0x0e
    26dc:	20 e0       	ldi	r18, 0x00	; 0
    26de:	30 e0       	ldi	r19, 0x00	; 0
    26e0:	4a ef       	ldi	r20, 0xFA	; 250
    26e2:	54 e4       	ldi	r21, 0x44	; 68
    26e4:	0e 94 1f 02 	call	0x43e	; 0x43e <__mulsf3>
    26e8:	dc 01       	movw	r26, r24
    26ea:	cb 01       	movw	r24, r22
    26ec:	8f 83       	std	Y+7, r24	; 0x07
    26ee:	98 87       	std	Y+8, r25	; 0x08
    26f0:	a9 87       	std	Y+9, r26	; 0x09
    26f2:	ba 87       	std	Y+10, r27	; 0x0a
	if (__tmp < 1.0)
    26f4:	6f 81       	ldd	r22, Y+7	; 0x07
    26f6:	78 85       	ldd	r23, Y+8	; 0x08
    26f8:	89 85       	ldd	r24, Y+9	; 0x09
    26fa:	9a 85       	ldd	r25, Y+10	; 0x0a
    26fc:	20 e0       	ldi	r18, 0x00	; 0
    26fe:	30 e0       	ldi	r19, 0x00	; 0
    2700:	40 e8       	ldi	r20, 0x80	; 128
    2702:	5f e3       	ldi	r21, 0x3F	; 63
    2704:	0e 94 79 03 	call	0x6f2	; 0x6f2 <__ltsf2>
    2708:	88 23       	and	r24, r24
    270a:	2c f4       	brge	.+10     	; 0x2716 <HTEPPER_vRotateCW+0x3ba>
		__ticks = 1;
    270c:	81 e0       	ldi	r24, 0x01	; 1
    270e:	90 e0       	ldi	r25, 0x00	; 0
    2710:	9e 83       	std	Y+6, r25	; 0x06
    2712:	8d 83       	std	Y+5, r24	; 0x05
    2714:	3f c0       	rjmp	.+126    	; 0x2794 <HTEPPER_vRotateCW+0x438>
	else if (__tmp > 65535)
    2716:	6f 81       	ldd	r22, Y+7	; 0x07
    2718:	78 85       	ldd	r23, Y+8	; 0x08
    271a:	89 85       	ldd	r24, Y+9	; 0x09
    271c:	9a 85       	ldd	r25, Y+10	; 0x0a
    271e:	20 e0       	ldi	r18, 0x00	; 0
    2720:	3f ef       	ldi	r19, 0xFF	; 255
    2722:	4f e7       	ldi	r20, 0x7F	; 127
    2724:	57 e4       	ldi	r21, 0x47	; 71
    2726:	0e 94 19 03 	call	0x632	; 0x632 <__gtsf2>
    272a:	18 16       	cp	r1, r24
    272c:	4c f5       	brge	.+82     	; 0x2780 <HTEPPER_vRotateCW+0x424>
	{
		//	__ticks = requested delay in 1/10 ms
		__ticks = (uint16_t) (__ms * 10.0);
    272e:	6b 85       	ldd	r22, Y+11	; 0x0b
    2730:	7c 85       	ldd	r23, Y+12	; 0x0c
    2732:	8d 85       	ldd	r24, Y+13	; 0x0d
    2734:	9e 85       	ldd	r25, Y+14	; 0x0e
    2736:	20 e0       	ldi	r18, 0x00	; 0
    2738:	30 e0       	ldi	r19, 0x00	; 0
    273a:	40 e2       	ldi	r20, 0x20	; 32
    273c:	51 e4       	ldi	r21, 0x41	; 65
    273e:	0e 94 1f 02 	call	0x43e	; 0x43e <__mulsf3>
    2742:	dc 01       	movw	r26, r24
    2744:	cb 01       	movw	r24, r22
    2746:	bc 01       	movw	r22, r24
    2748:	cd 01       	movw	r24, r26
    274a:	0e 94 49 00 	call	0x92	; 0x92 <__fixunssfsi>
    274e:	dc 01       	movw	r26, r24
    2750:	cb 01       	movw	r24, r22
    2752:	9e 83       	std	Y+6, r25	; 0x06
    2754:	8d 83       	std	Y+5, r24	; 0x05
    2756:	0f c0       	rjmp	.+30     	; 0x2776 <HTEPPER_vRotateCW+0x41a>
    2758:	88 ec       	ldi	r24, 0xC8	; 200
    275a:	90 e0       	ldi	r25, 0x00	; 0
    275c:	9c 83       	std	Y+4, r25	; 0x04
    275e:	8b 83       	std	Y+3, r24	; 0x03
    2760:	8b 81       	ldd	r24, Y+3	; 0x03
    2762:	9c 81       	ldd	r25, Y+4	; 0x04
    2764:	01 97       	sbiw	r24, 0x01	; 1
    2766:	f1 f7       	brne	.-4      	; 0x2764 <HTEPPER_vRotateCW+0x408>
    2768:	9c 83       	std	Y+4, r25	; 0x04
    276a:	8b 83       	std	Y+3, r24	; 0x03
		while(__ticks)
		{
			// wait 1/10 ms
			_delay_loop_2(((F_CPU) / 4e3) / 10);
			__ticks --;
    276c:	8d 81       	ldd	r24, Y+5	; 0x05
    276e:	9e 81       	ldd	r25, Y+6	; 0x06
    2770:	01 97       	sbiw	r24, 0x01	; 1
    2772:	9e 83       	std	Y+6, r25	; 0x06
    2774:	8d 83       	std	Y+5, r24	; 0x05
		__ticks = 1;
	else if (__tmp > 65535)
	{
		//	__ticks = requested delay in 1/10 ms
		__ticks = (uint16_t) (__ms * 10.0);
		while(__ticks)
    2776:	8d 81       	ldd	r24, Y+5	; 0x05
    2778:	9e 81       	ldd	r25, Y+6	; 0x06
    277a:	00 97       	sbiw	r24, 0x00	; 0
    277c:	69 f7       	brne	.-38     	; 0x2758 <HTEPPER_vRotateCW+0x3fc>
    277e:	14 c0       	rjmp	.+40     	; 0x27a8 <HTEPPER_vRotateCW+0x44c>
			__ticks --;
		}
		return;
	}
	else
		__ticks = (uint16_t)__tmp;
    2780:	6f 81       	ldd	r22, Y+7	; 0x07
    2782:	78 85       	ldd	r23, Y+8	; 0x08
    2784:	89 85       	ldd	r24, Y+9	; 0x09
    2786:	9a 85       	ldd	r25, Y+10	; 0x0a
    2788:	0e 94 49 00 	call	0x92	; 0x92 <__fixunssfsi>
    278c:	dc 01       	movw	r26, r24
    278e:	cb 01       	movw	r24, r22
    2790:	9e 83       	std	Y+6, r25	; 0x06
    2792:	8d 83       	std	Y+5, r24	; 0x05
    2794:	8d 81       	ldd	r24, Y+5	; 0x05
    2796:	9e 81       	ldd	r25, Y+6	; 0x06
    2798:	9a 83       	std	Y+2, r25	; 0x02
    279a:	89 83       	std	Y+1, r24	; 0x01
    279c:	89 81       	ldd	r24, Y+1	; 0x01
    279e:	9a 81       	ldd	r25, Y+2	; 0x02
    27a0:	01 97       	sbiw	r24, 0x01	; 1
    27a2:	f1 f7       	brne	.-4      	; 0x27a0 <HTEPPER_vRotateCW+0x444>
    27a4:	9a 83       	std	Y+2, r25	; 0x02
    27a6:	89 83       	std	Y+1, r24	; 0x01
    _delay_ms(A_f64StepDelay);
}
    27a8:	ec 96       	adiw	r28, 0x3c	; 60
    27aa:	0f b6       	in	r0, 0x3f	; 63
    27ac:	f8 94       	cli
    27ae:	de bf       	out	0x3e, r29	; 62
    27b0:	0f be       	out	0x3f, r0	; 63
    27b2:	cd bf       	out	0x3d, r28	; 61
    27b4:	cf 91       	pop	r28
    27b6:	df 91       	pop	r29
    27b8:	08 95       	ret

000027ba <HTEPPER_vRotateCCW>:
void HTEPPER_vRotateCCW(f64 A_f64StepDelay){
    27ba:	df 93       	push	r29
    27bc:	cf 93       	push	r28
    27be:	cd b7       	in	r28, 0x3d	; 61
    27c0:	de b7       	in	r29, 0x3e	; 62
    27c2:	ec 97       	sbiw	r28, 0x3c	; 60
    27c4:	0f b6       	in	r0, 0x3f	; 63
    27c6:	f8 94       	cli
    27c8:	de bf       	out	0x3e, r29	; 62
    27ca:	0f be       	out	0x3f, r0	; 63
    27cc:	cd bf       	out	0x3d, r28	; 61
    27ce:	69 af       	std	Y+57, r22	; 0x39
    27d0:	7a af       	std	Y+58, r23	; 0x3a
    27d2:	8b af       	std	Y+59, r24	; 0x3b
    27d4:	9c af       	std	Y+60, r25	; 0x3c
    MDIO_vSetPinVal(Stepper_Port , Stepper_Blue , DIO_LOW);
    27d6:	80 e0       	ldi	r24, 0x00	; 0
    27d8:	61 e0       	ldi	r22, 0x01	; 1
    27da:	40 e0       	ldi	r20, 0x00	; 0
    27dc:	0e 94 6d 0e 	call	0x1cda	; 0x1cda <MDIO_vSetPinVal>
    MDIO_vSetPinVal(Stepper_Port , Stepper_PINK , DIO_LOW);
    27e0:	80 e0       	ldi	r24, 0x00	; 0
    27e2:	60 e0       	ldi	r22, 0x00	; 0
    27e4:	40 e0       	ldi	r20, 0x00	; 0
    27e6:	0e 94 6d 0e 	call	0x1cda	; 0x1cda <MDIO_vSetPinVal>
    MDIO_vSetPinVal(Stepper_Port , Stepper_YELLOW , DIO_LOW);
    27ea:	80 e0       	ldi	r24, 0x00	; 0
    27ec:	63 e0       	ldi	r22, 0x03	; 3
    27ee:	40 e0       	ldi	r20, 0x00	; 0
    27f0:	0e 94 6d 0e 	call	0x1cda	; 0x1cda <MDIO_vSetPinVal>
    MDIO_vSetPinVal(Stepper_Port , Stepper_ORANGE , DIO_HIGH);
    27f4:	80 e0       	ldi	r24, 0x00	; 0
    27f6:	62 e0       	ldi	r22, 0x02	; 2
    27f8:	41 e0       	ldi	r20, 0x01	; 1
    27fa:	0e 94 6d 0e 	call	0x1cda	; 0x1cda <MDIO_vSetPinVal>
    27fe:	89 ad       	ldd	r24, Y+57	; 0x39
    2800:	9a ad       	ldd	r25, Y+58	; 0x3a
    2802:	ab ad       	ldd	r26, Y+59	; 0x3b
    2804:	bc ad       	ldd	r27, Y+60	; 0x3c
    2806:	8d ab       	std	Y+53, r24	; 0x35
    2808:	9e ab       	std	Y+54, r25	; 0x36
    280a:	af ab       	std	Y+55, r26	; 0x37
    280c:	b8 af       	std	Y+56, r27	; 0x38
 */
void
_delay_ms(double __ms)
{
	uint16_t __ticks;
	double __tmp = ((F_CPU) / 4e3) * __ms;
    280e:	6d a9       	ldd	r22, Y+53	; 0x35
    2810:	7e a9       	ldd	r23, Y+54	; 0x36
    2812:	8f a9       	ldd	r24, Y+55	; 0x37
    2814:	98 ad       	ldd	r25, Y+56	; 0x38
    2816:	20 e0       	ldi	r18, 0x00	; 0
    2818:	30 e0       	ldi	r19, 0x00	; 0
    281a:	4a ef       	ldi	r20, 0xFA	; 250
    281c:	54 e4       	ldi	r21, 0x44	; 68
    281e:	0e 94 1f 02 	call	0x43e	; 0x43e <__mulsf3>
    2822:	dc 01       	movw	r26, r24
    2824:	cb 01       	movw	r24, r22
    2826:	89 ab       	std	Y+49, r24	; 0x31
    2828:	9a ab       	std	Y+50, r25	; 0x32
    282a:	ab ab       	std	Y+51, r26	; 0x33
    282c:	bc ab       	std	Y+52, r27	; 0x34
	if (__tmp < 1.0)
    282e:	69 a9       	ldd	r22, Y+49	; 0x31
    2830:	7a a9       	ldd	r23, Y+50	; 0x32
    2832:	8b a9       	ldd	r24, Y+51	; 0x33
    2834:	9c a9       	ldd	r25, Y+52	; 0x34
    2836:	20 e0       	ldi	r18, 0x00	; 0
    2838:	30 e0       	ldi	r19, 0x00	; 0
    283a:	40 e8       	ldi	r20, 0x80	; 128
    283c:	5f e3       	ldi	r21, 0x3F	; 63
    283e:	0e 94 79 03 	call	0x6f2	; 0x6f2 <__ltsf2>
    2842:	88 23       	and	r24, r24
    2844:	2c f4       	brge	.+10     	; 0x2850 <HTEPPER_vRotateCCW+0x96>
		__ticks = 1;
    2846:	81 e0       	ldi	r24, 0x01	; 1
    2848:	90 e0       	ldi	r25, 0x00	; 0
    284a:	98 ab       	std	Y+48, r25	; 0x30
    284c:	8f a7       	std	Y+47, r24	; 0x2f
    284e:	3f c0       	rjmp	.+126    	; 0x28ce <HTEPPER_vRotateCCW+0x114>
	else if (__tmp > 65535)
    2850:	69 a9       	ldd	r22, Y+49	; 0x31
    2852:	7a a9       	ldd	r23, Y+50	; 0x32
    2854:	8b a9       	ldd	r24, Y+51	; 0x33
    2856:	9c a9       	ldd	r25, Y+52	; 0x34
    2858:	20 e0       	ldi	r18, 0x00	; 0
    285a:	3f ef       	ldi	r19, 0xFF	; 255
    285c:	4f e7       	ldi	r20, 0x7F	; 127
    285e:	57 e4       	ldi	r21, 0x47	; 71
    2860:	0e 94 19 03 	call	0x632	; 0x632 <__gtsf2>
    2864:	18 16       	cp	r1, r24
    2866:	4c f5       	brge	.+82     	; 0x28ba <HTEPPER_vRotateCCW+0x100>
	{
		//	__ticks = requested delay in 1/10 ms
		__ticks = (uint16_t) (__ms * 10.0);
    2868:	6d a9       	ldd	r22, Y+53	; 0x35
    286a:	7e a9       	ldd	r23, Y+54	; 0x36
    286c:	8f a9       	ldd	r24, Y+55	; 0x37
    286e:	98 ad       	ldd	r25, Y+56	; 0x38
    2870:	20 e0       	ldi	r18, 0x00	; 0
    2872:	30 e0       	ldi	r19, 0x00	; 0
    2874:	40 e2       	ldi	r20, 0x20	; 32
    2876:	51 e4       	ldi	r21, 0x41	; 65
    2878:	0e 94 1f 02 	call	0x43e	; 0x43e <__mulsf3>
    287c:	dc 01       	movw	r26, r24
    287e:	cb 01       	movw	r24, r22
    2880:	bc 01       	movw	r22, r24
    2882:	cd 01       	movw	r24, r26
    2884:	0e 94 49 00 	call	0x92	; 0x92 <__fixunssfsi>
    2888:	dc 01       	movw	r26, r24
    288a:	cb 01       	movw	r24, r22
    288c:	98 ab       	std	Y+48, r25	; 0x30
    288e:	8f a7       	std	Y+47, r24	; 0x2f
    2890:	0f c0       	rjmp	.+30     	; 0x28b0 <HTEPPER_vRotateCCW+0xf6>
    2892:	88 ec       	ldi	r24, 0xC8	; 200
    2894:	90 e0       	ldi	r25, 0x00	; 0
    2896:	9e a7       	std	Y+46, r25	; 0x2e
    2898:	8d a7       	std	Y+45, r24	; 0x2d
    289a:	8d a5       	ldd	r24, Y+45	; 0x2d
    289c:	9e a5       	ldd	r25, Y+46	; 0x2e
    289e:	01 97       	sbiw	r24, 0x01	; 1
    28a0:	f1 f7       	brne	.-4      	; 0x289e <HTEPPER_vRotateCCW+0xe4>
    28a2:	9e a7       	std	Y+46, r25	; 0x2e
    28a4:	8d a7       	std	Y+45, r24	; 0x2d
		while(__ticks)
		{
			// wait 1/10 ms
			_delay_loop_2(((F_CPU) / 4e3) / 10);
			__ticks --;
    28a6:	8f a5       	ldd	r24, Y+47	; 0x2f
    28a8:	98 a9       	ldd	r25, Y+48	; 0x30
    28aa:	01 97       	sbiw	r24, 0x01	; 1
    28ac:	98 ab       	std	Y+48, r25	; 0x30
    28ae:	8f a7       	std	Y+47, r24	; 0x2f
		__ticks = 1;
	else if (__tmp > 65535)
	{
		//	__ticks = requested delay in 1/10 ms
		__ticks = (uint16_t) (__ms * 10.0);
		while(__ticks)
    28b0:	8f a5       	ldd	r24, Y+47	; 0x2f
    28b2:	98 a9       	ldd	r25, Y+48	; 0x30
    28b4:	00 97       	sbiw	r24, 0x00	; 0
    28b6:	69 f7       	brne	.-38     	; 0x2892 <HTEPPER_vRotateCCW+0xd8>
    28b8:	14 c0       	rjmp	.+40     	; 0x28e2 <HTEPPER_vRotateCCW+0x128>
			__ticks --;
		}
		return;
	}
	else
		__ticks = (uint16_t)__tmp;
    28ba:	69 a9       	ldd	r22, Y+49	; 0x31
    28bc:	7a a9       	ldd	r23, Y+50	; 0x32
    28be:	8b a9       	ldd	r24, Y+51	; 0x33
    28c0:	9c a9       	ldd	r25, Y+52	; 0x34
    28c2:	0e 94 49 00 	call	0x92	; 0x92 <__fixunssfsi>
    28c6:	dc 01       	movw	r26, r24
    28c8:	cb 01       	movw	r24, r22
    28ca:	98 ab       	std	Y+48, r25	; 0x30
    28cc:	8f a7       	std	Y+47, r24	; 0x2f
    28ce:	8f a5       	ldd	r24, Y+47	; 0x2f
    28d0:	98 a9       	ldd	r25, Y+48	; 0x30
    28d2:	9c a7       	std	Y+44, r25	; 0x2c
    28d4:	8b a7       	std	Y+43, r24	; 0x2b
    28d6:	8b a5       	ldd	r24, Y+43	; 0x2b
    28d8:	9c a5       	ldd	r25, Y+44	; 0x2c
    28da:	01 97       	sbiw	r24, 0x01	; 1
    28dc:	f1 f7       	brne	.-4      	; 0x28da <HTEPPER_vRotateCCW+0x120>
    28de:	9c a7       	std	Y+44, r25	; 0x2c
    28e0:	8b a7       	std	Y+43, r24	; 0x2b
    _delay_ms(A_f64StepDelay);

    MDIO_vSetPinVal(Stepper_Port , Stepper_Blue , DIO_LOW);
    28e2:	80 e0       	ldi	r24, 0x00	; 0
    28e4:	61 e0       	ldi	r22, 0x01	; 1
    28e6:	40 e0       	ldi	r20, 0x00	; 0
    28e8:	0e 94 6d 0e 	call	0x1cda	; 0x1cda <MDIO_vSetPinVal>
    MDIO_vSetPinVal(Stepper_Port , Stepper_PINK , DIO_LOW);
    28ec:	80 e0       	ldi	r24, 0x00	; 0
    28ee:	60 e0       	ldi	r22, 0x00	; 0
    28f0:	40 e0       	ldi	r20, 0x00	; 0
    28f2:	0e 94 6d 0e 	call	0x1cda	; 0x1cda <MDIO_vSetPinVal>
    MDIO_vSetPinVal(Stepper_Port , Stepper_YELLOW , DIO_HIGH);
    28f6:	80 e0       	ldi	r24, 0x00	; 0
    28f8:	63 e0       	ldi	r22, 0x03	; 3
    28fa:	41 e0       	ldi	r20, 0x01	; 1
    28fc:	0e 94 6d 0e 	call	0x1cda	; 0x1cda <MDIO_vSetPinVal>
    MDIO_vSetPinVal(Stepper_Port , Stepper_ORANGE , DIO_LOW);
    2900:	80 e0       	ldi	r24, 0x00	; 0
    2902:	62 e0       	ldi	r22, 0x02	; 2
    2904:	40 e0       	ldi	r20, 0x00	; 0
    2906:	0e 94 6d 0e 	call	0x1cda	; 0x1cda <MDIO_vSetPinVal>
    290a:	89 ad       	ldd	r24, Y+57	; 0x39
    290c:	9a ad       	ldd	r25, Y+58	; 0x3a
    290e:	ab ad       	ldd	r26, Y+59	; 0x3b
    2910:	bc ad       	ldd	r27, Y+60	; 0x3c
    2912:	8f a3       	std	Y+39, r24	; 0x27
    2914:	98 a7       	std	Y+40, r25	; 0x28
    2916:	a9 a7       	std	Y+41, r26	; 0x29
    2918:	ba a7       	std	Y+42, r27	; 0x2a
 */
void
_delay_ms(double __ms)
{
	uint16_t __ticks;
	double __tmp = ((F_CPU) / 4e3) * __ms;
    291a:	6f a1       	ldd	r22, Y+39	; 0x27
    291c:	78 a5       	ldd	r23, Y+40	; 0x28
    291e:	89 a5       	ldd	r24, Y+41	; 0x29
    2920:	9a a5       	ldd	r25, Y+42	; 0x2a
    2922:	20 e0       	ldi	r18, 0x00	; 0
    2924:	30 e0       	ldi	r19, 0x00	; 0
    2926:	4a ef       	ldi	r20, 0xFA	; 250
    2928:	54 e4       	ldi	r21, 0x44	; 68
    292a:	0e 94 1f 02 	call	0x43e	; 0x43e <__mulsf3>
    292e:	dc 01       	movw	r26, r24
    2930:	cb 01       	movw	r24, r22
    2932:	8b a3       	std	Y+35, r24	; 0x23
    2934:	9c a3       	std	Y+36, r25	; 0x24
    2936:	ad a3       	std	Y+37, r26	; 0x25
    2938:	be a3       	std	Y+38, r27	; 0x26
	if (__tmp < 1.0)
    293a:	6b a1       	ldd	r22, Y+35	; 0x23
    293c:	7c a1       	ldd	r23, Y+36	; 0x24
    293e:	8d a1       	ldd	r24, Y+37	; 0x25
    2940:	9e a1       	ldd	r25, Y+38	; 0x26
    2942:	20 e0       	ldi	r18, 0x00	; 0
    2944:	30 e0       	ldi	r19, 0x00	; 0
    2946:	40 e8       	ldi	r20, 0x80	; 128
    2948:	5f e3       	ldi	r21, 0x3F	; 63
    294a:	0e 94 79 03 	call	0x6f2	; 0x6f2 <__ltsf2>
    294e:	88 23       	and	r24, r24
    2950:	2c f4       	brge	.+10     	; 0x295c <HTEPPER_vRotateCCW+0x1a2>
		__ticks = 1;
    2952:	81 e0       	ldi	r24, 0x01	; 1
    2954:	90 e0       	ldi	r25, 0x00	; 0
    2956:	9a a3       	std	Y+34, r25	; 0x22
    2958:	89 a3       	std	Y+33, r24	; 0x21
    295a:	3f c0       	rjmp	.+126    	; 0x29da <HTEPPER_vRotateCCW+0x220>
	else if (__tmp > 65535)
    295c:	6b a1       	ldd	r22, Y+35	; 0x23
    295e:	7c a1       	ldd	r23, Y+36	; 0x24
    2960:	8d a1       	ldd	r24, Y+37	; 0x25
    2962:	9e a1       	ldd	r25, Y+38	; 0x26
    2964:	20 e0       	ldi	r18, 0x00	; 0
    2966:	3f ef       	ldi	r19, 0xFF	; 255
    2968:	4f e7       	ldi	r20, 0x7F	; 127
    296a:	57 e4       	ldi	r21, 0x47	; 71
    296c:	0e 94 19 03 	call	0x632	; 0x632 <__gtsf2>
    2970:	18 16       	cp	r1, r24
    2972:	4c f5       	brge	.+82     	; 0x29c6 <HTEPPER_vRotateCCW+0x20c>
	{
		//	__ticks = requested delay in 1/10 ms
		__ticks = (uint16_t) (__ms * 10.0);
    2974:	6f a1       	ldd	r22, Y+39	; 0x27
    2976:	78 a5       	ldd	r23, Y+40	; 0x28
    2978:	89 a5       	ldd	r24, Y+41	; 0x29
    297a:	9a a5       	ldd	r25, Y+42	; 0x2a
    297c:	20 e0       	ldi	r18, 0x00	; 0
    297e:	30 e0       	ldi	r19, 0x00	; 0
    2980:	40 e2       	ldi	r20, 0x20	; 32
    2982:	51 e4       	ldi	r21, 0x41	; 65
    2984:	0e 94 1f 02 	call	0x43e	; 0x43e <__mulsf3>
    2988:	dc 01       	movw	r26, r24
    298a:	cb 01       	movw	r24, r22
    298c:	bc 01       	movw	r22, r24
    298e:	cd 01       	movw	r24, r26
    2990:	0e 94 49 00 	call	0x92	; 0x92 <__fixunssfsi>
    2994:	dc 01       	movw	r26, r24
    2996:	cb 01       	movw	r24, r22
    2998:	9a a3       	std	Y+34, r25	; 0x22
    299a:	89 a3       	std	Y+33, r24	; 0x21
    299c:	0f c0       	rjmp	.+30     	; 0x29bc <HTEPPER_vRotateCCW+0x202>
    299e:	88 ec       	ldi	r24, 0xC8	; 200
    29a0:	90 e0       	ldi	r25, 0x00	; 0
    29a2:	98 a3       	std	Y+32, r25	; 0x20
    29a4:	8f 8f       	std	Y+31, r24	; 0x1f
    29a6:	8f 8d       	ldd	r24, Y+31	; 0x1f
    29a8:	98 a1       	ldd	r25, Y+32	; 0x20
    29aa:	01 97       	sbiw	r24, 0x01	; 1
    29ac:	f1 f7       	brne	.-4      	; 0x29aa <HTEPPER_vRotateCCW+0x1f0>
    29ae:	98 a3       	std	Y+32, r25	; 0x20
    29b0:	8f 8f       	std	Y+31, r24	; 0x1f
		while(__ticks)
		{
			// wait 1/10 ms
			_delay_loop_2(((F_CPU) / 4e3) / 10);
			__ticks --;
    29b2:	89 a1       	ldd	r24, Y+33	; 0x21
    29b4:	9a a1       	ldd	r25, Y+34	; 0x22
    29b6:	01 97       	sbiw	r24, 0x01	; 1
    29b8:	9a a3       	std	Y+34, r25	; 0x22
    29ba:	89 a3       	std	Y+33, r24	; 0x21
		__ticks = 1;
	else if (__tmp > 65535)
	{
		//	__ticks = requested delay in 1/10 ms
		__ticks = (uint16_t) (__ms * 10.0);
		while(__ticks)
    29bc:	89 a1       	ldd	r24, Y+33	; 0x21
    29be:	9a a1       	ldd	r25, Y+34	; 0x22
    29c0:	00 97       	sbiw	r24, 0x00	; 0
    29c2:	69 f7       	brne	.-38     	; 0x299e <HTEPPER_vRotateCCW+0x1e4>
    29c4:	14 c0       	rjmp	.+40     	; 0x29ee <HTEPPER_vRotateCCW+0x234>
			__ticks --;
		}
		return;
	}
	else
		__ticks = (uint16_t)__tmp;
    29c6:	6b a1       	ldd	r22, Y+35	; 0x23
    29c8:	7c a1       	ldd	r23, Y+36	; 0x24
    29ca:	8d a1       	ldd	r24, Y+37	; 0x25
    29cc:	9e a1       	ldd	r25, Y+38	; 0x26
    29ce:	0e 94 49 00 	call	0x92	; 0x92 <__fixunssfsi>
    29d2:	dc 01       	movw	r26, r24
    29d4:	cb 01       	movw	r24, r22
    29d6:	9a a3       	std	Y+34, r25	; 0x22
    29d8:	89 a3       	std	Y+33, r24	; 0x21
    29da:	89 a1       	ldd	r24, Y+33	; 0x21
    29dc:	9a a1       	ldd	r25, Y+34	; 0x22
    29de:	9e 8f       	std	Y+30, r25	; 0x1e
    29e0:	8d 8f       	std	Y+29, r24	; 0x1d
    29e2:	8d 8d       	ldd	r24, Y+29	; 0x1d
    29e4:	9e 8d       	ldd	r25, Y+30	; 0x1e
    29e6:	01 97       	sbiw	r24, 0x01	; 1
    29e8:	f1 f7       	brne	.-4      	; 0x29e6 <HTEPPER_vRotateCCW+0x22c>
    29ea:	9e 8f       	std	Y+30, r25	; 0x1e
    29ec:	8d 8f       	std	Y+29, r24	; 0x1d
    _delay_ms(A_f64StepDelay);

    MDIO_vSetPinVal(Stepper_Port , Stepper_Blue , DIO_LOW);
    29ee:	80 e0       	ldi	r24, 0x00	; 0
    29f0:	61 e0       	ldi	r22, 0x01	; 1
    29f2:	40 e0       	ldi	r20, 0x00	; 0
    29f4:	0e 94 6d 0e 	call	0x1cda	; 0x1cda <MDIO_vSetPinVal>
    MDIO_vSetPinVal(Stepper_Port , Stepper_PINK , DIO_HIGH);
    29f8:	80 e0       	ldi	r24, 0x00	; 0
    29fa:	60 e0       	ldi	r22, 0x00	; 0
    29fc:	41 e0       	ldi	r20, 0x01	; 1
    29fe:	0e 94 6d 0e 	call	0x1cda	; 0x1cda <MDIO_vSetPinVal>
    MDIO_vSetPinVal(Stepper_Port , Stepper_YELLOW , DIO_LOW);
    2a02:	80 e0       	ldi	r24, 0x00	; 0
    2a04:	63 e0       	ldi	r22, 0x03	; 3
    2a06:	40 e0       	ldi	r20, 0x00	; 0
    2a08:	0e 94 6d 0e 	call	0x1cda	; 0x1cda <MDIO_vSetPinVal>
    MDIO_vSetPinVal(Stepper_Port , Stepper_ORANGE , DIO_LOW);
    2a0c:	80 e0       	ldi	r24, 0x00	; 0
    2a0e:	62 e0       	ldi	r22, 0x02	; 2
    2a10:	40 e0       	ldi	r20, 0x00	; 0
    2a12:	0e 94 6d 0e 	call	0x1cda	; 0x1cda <MDIO_vSetPinVal>
    2a16:	89 ad       	ldd	r24, Y+57	; 0x39
    2a18:	9a ad       	ldd	r25, Y+58	; 0x3a
    2a1a:	ab ad       	ldd	r26, Y+59	; 0x3b
    2a1c:	bc ad       	ldd	r27, Y+60	; 0x3c
    2a1e:	89 8f       	std	Y+25, r24	; 0x19
    2a20:	9a 8f       	std	Y+26, r25	; 0x1a
    2a22:	ab 8f       	std	Y+27, r26	; 0x1b
    2a24:	bc 8f       	std	Y+28, r27	; 0x1c
 */
void
_delay_ms(double __ms)
{
	uint16_t __ticks;
	double __tmp = ((F_CPU) / 4e3) * __ms;
    2a26:	69 8d       	ldd	r22, Y+25	; 0x19
    2a28:	7a 8d       	ldd	r23, Y+26	; 0x1a
    2a2a:	8b 8d       	ldd	r24, Y+27	; 0x1b
    2a2c:	9c 8d       	ldd	r25, Y+28	; 0x1c
    2a2e:	20 e0       	ldi	r18, 0x00	; 0
    2a30:	30 e0       	ldi	r19, 0x00	; 0
    2a32:	4a ef       	ldi	r20, 0xFA	; 250
    2a34:	54 e4       	ldi	r21, 0x44	; 68
    2a36:	0e 94 1f 02 	call	0x43e	; 0x43e <__mulsf3>
    2a3a:	dc 01       	movw	r26, r24
    2a3c:	cb 01       	movw	r24, r22
    2a3e:	8d 8b       	std	Y+21, r24	; 0x15
    2a40:	9e 8b       	std	Y+22, r25	; 0x16
    2a42:	af 8b       	std	Y+23, r26	; 0x17
    2a44:	b8 8f       	std	Y+24, r27	; 0x18
	if (__tmp < 1.0)
    2a46:	6d 89       	ldd	r22, Y+21	; 0x15
    2a48:	7e 89       	ldd	r23, Y+22	; 0x16
    2a4a:	8f 89       	ldd	r24, Y+23	; 0x17
    2a4c:	98 8d       	ldd	r25, Y+24	; 0x18
    2a4e:	20 e0       	ldi	r18, 0x00	; 0
    2a50:	30 e0       	ldi	r19, 0x00	; 0
    2a52:	40 e8       	ldi	r20, 0x80	; 128
    2a54:	5f e3       	ldi	r21, 0x3F	; 63
    2a56:	0e 94 79 03 	call	0x6f2	; 0x6f2 <__ltsf2>
    2a5a:	88 23       	and	r24, r24
    2a5c:	2c f4       	brge	.+10     	; 0x2a68 <HTEPPER_vRotateCCW+0x2ae>
		__ticks = 1;
    2a5e:	81 e0       	ldi	r24, 0x01	; 1
    2a60:	90 e0       	ldi	r25, 0x00	; 0
    2a62:	9c 8b       	std	Y+20, r25	; 0x14
    2a64:	8b 8b       	std	Y+19, r24	; 0x13
    2a66:	3f c0       	rjmp	.+126    	; 0x2ae6 <HTEPPER_vRotateCCW+0x32c>
	else if (__tmp > 65535)
    2a68:	6d 89       	ldd	r22, Y+21	; 0x15
    2a6a:	7e 89       	ldd	r23, Y+22	; 0x16
    2a6c:	8f 89       	ldd	r24, Y+23	; 0x17
    2a6e:	98 8d       	ldd	r25, Y+24	; 0x18
    2a70:	20 e0       	ldi	r18, 0x00	; 0
    2a72:	3f ef       	ldi	r19, 0xFF	; 255
    2a74:	4f e7       	ldi	r20, 0x7F	; 127
    2a76:	57 e4       	ldi	r21, 0x47	; 71
    2a78:	0e 94 19 03 	call	0x632	; 0x632 <__gtsf2>
    2a7c:	18 16       	cp	r1, r24
    2a7e:	4c f5       	brge	.+82     	; 0x2ad2 <HTEPPER_vRotateCCW+0x318>
	{
		//	__ticks = requested delay in 1/10 ms
		__ticks = (uint16_t) (__ms * 10.0);
    2a80:	69 8d       	ldd	r22, Y+25	; 0x19
    2a82:	7a 8d       	ldd	r23, Y+26	; 0x1a
    2a84:	8b 8d       	ldd	r24, Y+27	; 0x1b
    2a86:	9c 8d       	ldd	r25, Y+28	; 0x1c
    2a88:	20 e0       	ldi	r18, 0x00	; 0
    2a8a:	30 e0       	ldi	r19, 0x00	; 0
    2a8c:	40 e2       	ldi	r20, 0x20	; 32
    2a8e:	51 e4       	ldi	r21, 0x41	; 65
    2a90:	0e 94 1f 02 	call	0x43e	; 0x43e <__mulsf3>
    2a94:	dc 01       	movw	r26, r24
    2a96:	cb 01       	movw	r24, r22
    2a98:	bc 01       	movw	r22, r24
    2a9a:	cd 01       	movw	r24, r26
    2a9c:	0e 94 49 00 	call	0x92	; 0x92 <__fixunssfsi>
    2aa0:	dc 01       	movw	r26, r24
    2aa2:	cb 01       	movw	r24, r22
    2aa4:	9c 8b       	std	Y+20, r25	; 0x14
    2aa6:	8b 8b       	std	Y+19, r24	; 0x13
    2aa8:	0f c0       	rjmp	.+30     	; 0x2ac8 <HTEPPER_vRotateCCW+0x30e>
    2aaa:	88 ec       	ldi	r24, 0xC8	; 200
    2aac:	90 e0       	ldi	r25, 0x00	; 0
    2aae:	9a 8b       	std	Y+18, r25	; 0x12
    2ab0:	89 8b       	std	Y+17, r24	; 0x11
    2ab2:	89 89       	ldd	r24, Y+17	; 0x11
    2ab4:	9a 89       	ldd	r25, Y+18	; 0x12
    2ab6:	01 97       	sbiw	r24, 0x01	; 1
    2ab8:	f1 f7       	brne	.-4      	; 0x2ab6 <HTEPPER_vRotateCCW+0x2fc>
    2aba:	9a 8b       	std	Y+18, r25	; 0x12
    2abc:	89 8b       	std	Y+17, r24	; 0x11
		while(__ticks)
		{
			// wait 1/10 ms
			_delay_loop_2(((F_CPU) / 4e3) / 10);
			__ticks --;
    2abe:	8b 89       	ldd	r24, Y+19	; 0x13
    2ac0:	9c 89       	ldd	r25, Y+20	; 0x14
    2ac2:	01 97       	sbiw	r24, 0x01	; 1
    2ac4:	9c 8b       	std	Y+20, r25	; 0x14
    2ac6:	8b 8b       	std	Y+19, r24	; 0x13
		__ticks = 1;
	else if (__tmp > 65535)
	{
		//	__ticks = requested delay in 1/10 ms
		__ticks = (uint16_t) (__ms * 10.0);
		while(__ticks)
    2ac8:	8b 89       	ldd	r24, Y+19	; 0x13
    2aca:	9c 89       	ldd	r25, Y+20	; 0x14
    2acc:	00 97       	sbiw	r24, 0x00	; 0
    2ace:	69 f7       	brne	.-38     	; 0x2aaa <HTEPPER_vRotateCCW+0x2f0>
    2ad0:	14 c0       	rjmp	.+40     	; 0x2afa <HTEPPER_vRotateCCW+0x340>
			__ticks --;
		}
		return;
	}
	else
		__ticks = (uint16_t)__tmp;
    2ad2:	6d 89       	ldd	r22, Y+21	; 0x15
    2ad4:	7e 89       	ldd	r23, Y+22	; 0x16
    2ad6:	8f 89       	ldd	r24, Y+23	; 0x17
    2ad8:	98 8d       	ldd	r25, Y+24	; 0x18
    2ada:	0e 94 49 00 	call	0x92	; 0x92 <__fixunssfsi>
    2ade:	dc 01       	movw	r26, r24
    2ae0:	cb 01       	movw	r24, r22
    2ae2:	9c 8b       	std	Y+20, r25	; 0x14
    2ae4:	8b 8b       	std	Y+19, r24	; 0x13
    2ae6:	8b 89       	ldd	r24, Y+19	; 0x13
    2ae8:	9c 89       	ldd	r25, Y+20	; 0x14
    2aea:	98 8b       	std	Y+16, r25	; 0x10
    2aec:	8f 87       	std	Y+15, r24	; 0x0f
    2aee:	8f 85       	ldd	r24, Y+15	; 0x0f
    2af0:	98 89       	ldd	r25, Y+16	; 0x10
    2af2:	01 97       	sbiw	r24, 0x01	; 1
    2af4:	f1 f7       	brne	.-4      	; 0x2af2 <HTEPPER_vRotateCCW+0x338>
    2af6:	98 8b       	std	Y+16, r25	; 0x10
    2af8:	8f 87       	std	Y+15, r24	; 0x0f
    _delay_ms(A_f64StepDelay);

    MDIO_vSetPinVal(Stepper_Port , Stepper_Blue , DIO_HIGH);
    2afa:	80 e0       	ldi	r24, 0x00	; 0
    2afc:	61 e0       	ldi	r22, 0x01	; 1
    2afe:	41 e0       	ldi	r20, 0x01	; 1
    2b00:	0e 94 6d 0e 	call	0x1cda	; 0x1cda <MDIO_vSetPinVal>
    MDIO_vSetPinVal(Stepper_Port , Stepper_PINK , DIO_LOW);
    2b04:	80 e0       	ldi	r24, 0x00	; 0
    2b06:	60 e0       	ldi	r22, 0x00	; 0
    2b08:	40 e0       	ldi	r20, 0x00	; 0
    2b0a:	0e 94 6d 0e 	call	0x1cda	; 0x1cda <MDIO_vSetPinVal>
    MDIO_vSetPinVal(Stepper_Port , Stepper_YELLOW , DIO_LOW);
    2b0e:	80 e0       	ldi	r24, 0x00	; 0
    2b10:	63 e0       	ldi	r22, 0x03	; 3
    2b12:	40 e0       	ldi	r20, 0x00	; 0
    2b14:	0e 94 6d 0e 	call	0x1cda	; 0x1cda <MDIO_vSetPinVal>
    MDIO_vSetPinVal(Stepper_Port , Stepper_ORANGE , DIO_LOW);
    2b18:	80 e0       	ldi	r24, 0x00	; 0
    2b1a:	62 e0       	ldi	r22, 0x02	; 2
    2b1c:	40 e0       	ldi	r20, 0x00	; 0
    2b1e:	0e 94 6d 0e 	call	0x1cda	; 0x1cda <MDIO_vSetPinVal>
    2b22:	89 ad       	ldd	r24, Y+57	; 0x39
    2b24:	9a ad       	ldd	r25, Y+58	; 0x3a
    2b26:	ab ad       	ldd	r26, Y+59	; 0x3b
    2b28:	bc ad       	ldd	r27, Y+60	; 0x3c
    2b2a:	8b 87       	std	Y+11, r24	; 0x0b
    2b2c:	9c 87       	std	Y+12, r25	; 0x0c
    2b2e:	ad 87       	std	Y+13, r26	; 0x0d
    2b30:	be 87       	std	Y+14, r27	; 0x0e
 */
void
_delay_ms(double __ms)
{
	uint16_t __ticks;
	double __tmp = ((F_CPU) / 4e3) * __ms;
    2b32:	6b 85       	ldd	r22, Y+11	; 0x0b
    2b34:	7c 85       	ldd	r23, Y+12	; 0x0c
    2b36:	8d 85       	ldd	r24, Y+13	; 0x0d
    2b38:	9e 85       	ldd	r25, Y+14	; 0x0e
    2b3a:	20 e0       	ldi	r18, 0x00	; 0
    2b3c:	30 e0       	ldi	r19, 0x00	; 0
    2b3e:	4a ef       	ldi	r20, 0xFA	; 250
    2b40:	54 e4       	ldi	r21, 0x44	; 68
    2b42:	0e 94 1f 02 	call	0x43e	; 0x43e <__mulsf3>
    2b46:	dc 01       	movw	r26, r24
    2b48:	cb 01       	movw	r24, r22
    2b4a:	8f 83       	std	Y+7, r24	; 0x07
    2b4c:	98 87       	std	Y+8, r25	; 0x08
    2b4e:	a9 87       	std	Y+9, r26	; 0x09
    2b50:	ba 87       	std	Y+10, r27	; 0x0a
	if (__tmp < 1.0)
    2b52:	6f 81       	ldd	r22, Y+7	; 0x07
    2b54:	78 85       	ldd	r23, Y+8	; 0x08
    2b56:	89 85       	ldd	r24, Y+9	; 0x09
    2b58:	9a 85       	ldd	r25, Y+10	; 0x0a
    2b5a:	20 e0       	ldi	r18, 0x00	; 0
    2b5c:	30 e0       	ldi	r19, 0x00	; 0
    2b5e:	40 e8       	ldi	r20, 0x80	; 128
    2b60:	5f e3       	ldi	r21, 0x3F	; 63
    2b62:	0e 94 79 03 	call	0x6f2	; 0x6f2 <__ltsf2>
    2b66:	88 23       	and	r24, r24
    2b68:	2c f4       	brge	.+10     	; 0x2b74 <HTEPPER_vRotateCCW+0x3ba>
		__ticks = 1;
    2b6a:	81 e0       	ldi	r24, 0x01	; 1
    2b6c:	90 e0       	ldi	r25, 0x00	; 0
    2b6e:	9e 83       	std	Y+6, r25	; 0x06
    2b70:	8d 83       	std	Y+5, r24	; 0x05
    2b72:	3f c0       	rjmp	.+126    	; 0x2bf2 <HTEPPER_vRotateCCW+0x438>
	else if (__tmp > 65535)
    2b74:	6f 81       	ldd	r22, Y+7	; 0x07
    2b76:	78 85       	ldd	r23, Y+8	; 0x08
    2b78:	89 85       	ldd	r24, Y+9	; 0x09
    2b7a:	9a 85       	ldd	r25, Y+10	; 0x0a
    2b7c:	20 e0       	ldi	r18, 0x00	; 0
    2b7e:	3f ef       	ldi	r19, 0xFF	; 255
    2b80:	4f e7       	ldi	r20, 0x7F	; 127
    2b82:	57 e4       	ldi	r21, 0x47	; 71
    2b84:	0e 94 19 03 	call	0x632	; 0x632 <__gtsf2>
    2b88:	18 16       	cp	r1, r24
    2b8a:	4c f5       	brge	.+82     	; 0x2bde <HTEPPER_vRotateCCW+0x424>
	{
		//	__ticks = requested delay in 1/10 ms
		__ticks = (uint16_t) (__ms * 10.0);
    2b8c:	6b 85       	ldd	r22, Y+11	; 0x0b
    2b8e:	7c 85       	ldd	r23, Y+12	; 0x0c
    2b90:	8d 85       	ldd	r24, Y+13	; 0x0d
    2b92:	9e 85       	ldd	r25, Y+14	; 0x0e
    2b94:	20 e0       	ldi	r18, 0x00	; 0
    2b96:	30 e0       	ldi	r19, 0x00	; 0
    2b98:	40 e2       	ldi	r20, 0x20	; 32
    2b9a:	51 e4       	ldi	r21, 0x41	; 65
    2b9c:	0e 94 1f 02 	call	0x43e	; 0x43e <__mulsf3>
    2ba0:	dc 01       	movw	r26, r24
    2ba2:	cb 01       	movw	r24, r22
    2ba4:	bc 01       	movw	r22, r24
    2ba6:	cd 01       	movw	r24, r26
    2ba8:	0e 94 49 00 	call	0x92	; 0x92 <__fixunssfsi>
    2bac:	dc 01       	movw	r26, r24
    2bae:	cb 01       	movw	r24, r22
    2bb0:	9e 83       	std	Y+6, r25	; 0x06
    2bb2:	8d 83       	std	Y+5, r24	; 0x05
    2bb4:	0f c0       	rjmp	.+30     	; 0x2bd4 <HTEPPER_vRotateCCW+0x41a>
    2bb6:	88 ec       	ldi	r24, 0xC8	; 200
    2bb8:	90 e0       	ldi	r25, 0x00	; 0
    2bba:	9c 83       	std	Y+4, r25	; 0x04
    2bbc:	8b 83       	std	Y+3, r24	; 0x03
    2bbe:	8b 81       	ldd	r24, Y+3	; 0x03
    2bc0:	9c 81       	ldd	r25, Y+4	; 0x04
    2bc2:	01 97       	sbiw	r24, 0x01	; 1
    2bc4:	f1 f7       	brne	.-4      	; 0x2bc2 <HTEPPER_vRotateCCW+0x408>
    2bc6:	9c 83       	std	Y+4, r25	; 0x04
    2bc8:	8b 83       	std	Y+3, r24	; 0x03
		while(__ticks)
		{
			// wait 1/10 ms
			_delay_loop_2(((F_CPU) / 4e3) / 10);
			__ticks --;
    2bca:	8d 81       	ldd	r24, Y+5	; 0x05
    2bcc:	9e 81       	ldd	r25, Y+6	; 0x06
    2bce:	01 97       	sbiw	r24, 0x01	; 1
    2bd0:	9e 83       	std	Y+6, r25	; 0x06
    2bd2:	8d 83       	std	Y+5, r24	; 0x05
		__ticks = 1;
	else if (__tmp > 65535)
	{
		//	__ticks = requested delay in 1/10 ms
		__ticks = (uint16_t) (__ms * 10.0);
		while(__ticks)
    2bd4:	8d 81       	ldd	r24, Y+5	; 0x05
    2bd6:	9e 81       	ldd	r25, Y+6	; 0x06
    2bd8:	00 97       	sbiw	r24, 0x00	; 0
    2bda:	69 f7       	brne	.-38     	; 0x2bb6 <HTEPPER_vRotateCCW+0x3fc>
    2bdc:	14 c0       	rjmp	.+40     	; 0x2c06 <HTEPPER_vRotateCCW+0x44c>
			__ticks --;
		}
		return;
	}
	else
		__ticks = (uint16_t)__tmp;
    2bde:	6f 81       	ldd	r22, Y+7	; 0x07
    2be0:	78 85       	ldd	r23, Y+8	; 0x08
    2be2:	89 85       	ldd	r24, Y+9	; 0x09
    2be4:	9a 85       	ldd	r25, Y+10	; 0x0a
    2be6:	0e 94 49 00 	call	0x92	; 0x92 <__fixunssfsi>
    2bea:	dc 01       	movw	r26, r24
    2bec:	cb 01       	movw	r24, r22
    2bee:	9e 83       	std	Y+6, r25	; 0x06
    2bf0:	8d 83       	std	Y+5, r24	; 0x05
    2bf2:	8d 81       	ldd	r24, Y+5	; 0x05
    2bf4:	9e 81       	ldd	r25, Y+6	; 0x06
    2bf6:	9a 83       	std	Y+2, r25	; 0x02
    2bf8:	89 83       	std	Y+1, r24	; 0x01
    2bfa:	89 81       	ldd	r24, Y+1	; 0x01
    2bfc:	9a 81       	ldd	r25, Y+2	; 0x02
    2bfe:	01 97       	sbiw	r24, 0x01	; 1
    2c00:	f1 f7       	brne	.-4      	; 0x2bfe <HTEPPER_vRotateCCW+0x444>
    2c02:	9a 83       	std	Y+2, r25	; 0x02
    2c04:	89 83       	std	Y+1, r24	; 0x01
    _delay_ms(A_f64StepDelay);

}
    2c06:	ec 96       	adiw	r28, 0x3c	; 60
    2c08:	0f b6       	in	r0, 0x3f	; 63
    2c0a:	f8 94       	cli
    2c0c:	de bf       	out	0x3e, r29	; 62
    2c0e:	0f be       	out	0x3f, r0	; 63
    2c10:	cd bf       	out	0x3d, r28	; 61
    2c12:	cf 91       	pop	r28
    2c14:	df 91       	pop	r29
    2c16:	08 95       	ret

00002c18 <HSTEPPER_vStop>:

void HSTEPPER_vStop(){
    2c18:	df 93       	push	r29
    2c1a:	cf 93       	push	r28
    2c1c:	cd b7       	in	r28, 0x3d	; 61
    2c1e:	de b7       	in	r29, 0x3e	; 62
    MDIO_vSetPinVal(Stepper_Port , Stepper_Blue , DIO_LOW);
    2c20:	80 e0       	ldi	r24, 0x00	; 0
    2c22:	61 e0       	ldi	r22, 0x01	; 1
    2c24:	40 e0       	ldi	r20, 0x00	; 0
    2c26:	0e 94 6d 0e 	call	0x1cda	; 0x1cda <MDIO_vSetPinVal>
    MDIO_vSetPinVal(Stepper_Port , Stepper_PINK , DIO_LOW);
    2c2a:	80 e0       	ldi	r24, 0x00	; 0
    2c2c:	60 e0       	ldi	r22, 0x00	; 0
    2c2e:	40 e0       	ldi	r20, 0x00	; 0
    2c30:	0e 94 6d 0e 	call	0x1cda	; 0x1cda <MDIO_vSetPinVal>
    MDIO_vSetPinVal(Stepper_Port , Stepper_YELLOW , DIO_LOW);
    2c34:	80 e0       	ldi	r24, 0x00	; 0
    2c36:	63 e0       	ldi	r22, 0x03	; 3
    2c38:	40 e0       	ldi	r20, 0x00	; 0
    2c3a:	0e 94 6d 0e 	call	0x1cda	; 0x1cda <MDIO_vSetPinVal>
    MDIO_vSetPinVal(Stepper_Port , Stepper_ORANGE , DIO_LOW);
    2c3e:	80 e0       	ldi	r24, 0x00	; 0
    2c40:	62 e0       	ldi	r22, 0x02	; 2
    2c42:	40 e0       	ldi	r20, 0x00	; 0
    2c44:	0e 94 6d 0e 	call	0x1cda	; 0x1cda <MDIO_vSetPinVal>

}
    2c48:	cf 91       	pop	r28
    2c4a:	df 91       	pop	r29
    2c4c:	08 95       	ret

00002c4e <HSSD_vInit>:
		0b01101111    // 9

};

void HSSD_vInit(void)
{
    2c4e:	df 93       	push	r29
    2c50:	cf 93       	push	r28
    2c52:	cd b7       	in	r28, 0x3d	; 61
    2c54:	de b7       	in	r29, 0x3e	; 62
	MDIO_vSetPortDir(SSD_PORT,DIO_PORT_OUTPUT);
    2c56:	80 e0       	ldi	r24, 0x00	; 0
    2c58:	6f ef       	ldi	r22, 0xFF	; 255
    2c5a:	0e 94 de 0f 	call	0x1fbc	; 0x1fbc <MDIO_vSetPortDir>
}
    2c5e:	cf 91       	pop	r28
    2c60:	df 91       	pop	r29
    2c62:	08 95       	ret

00002c64 <HSSD_vDisplayNumber>:
void HSSD_vDisplayNumber(u8 A_u8Num)
{
    2c64:	df 93       	push	r29
    2c66:	cf 93       	push	r28
    2c68:	0f 92       	push	r0
    2c6a:	cd b7       	in	r28, 0x3d	; 61
    2c6c:	de b7       	in	r29, 0x3e	; 62
    2c6e:	89 83       	std	Y+1, r24	; 0x01
	if(A_u8Num < 10 && A_u8Num >= 0)
    2c70:	89 81       	ldd	r24, Y+1	; 0x01
    2c72:	8a 30       	cpi	r24, 0x0A	; 10
    2c74:	58 f4       	brcc	.+22     	; 0x2c8c <HSSD_vDisplayNumber+0x28>
	{
#if SSD_TYPE == SSD_COM_CATHODE
	MDIO_vSetPortVal(SSD_PORT, Sevensegment[A_u8Num]);
    2c76:	89 81       	ldd	r24, Y+1	; 0x01
    2c78:	88 2f       	mov	r24, r24
    2c7a:	90 e0       	ldi	r25, 0x00	; 0
    2c7c:	fc 01       	movw	r30, r24
    2c7e:	ed 57       	subi	r30, 0x7D	; 125
    2c80:	ff 4f       	sbci	r31, 0xFF	; 255
    2c82:	90 81       	ld	r25, Z
    2c84:	80 e0       	ldi	r24, 0x00	; 0
    2c86:	69 2f       	mov	r22, r25
    2c88:	0e 94 1f 10 	call	0x203e	; 0x203e <MDIO_vSetPortVal>
#elif SSD_TYPE == SSD_COM_ANODE
	MDIO_vSetPortVal(SSD_PORT, ~Sevensegment[A_u8Num]);
#endif
	}
}
    2c8c:	0f 90       	pop	r0
    2c8e:	cf 91       	pop	r28
    2c90:	df 91       	pop	r29
    2c92:	08 95       	ret

00002c94 <HSSD_vTurnOff>:

void HSSD_vTurnOff(void)
{
    2c94:	df 93       	push	r29
    2c96:	cf 93       	push	r28
    2c98:	cd b7       	in	r28, 0x3d	; 61
    2c9a:	de b7       	in	r29, 0x3e	; 62
#if SSD_TYPE == SSD_COM_CATHODE
	MDIO_vSetPortVal(SSD_PORT, 0x00);
    2c9c:	80 e0       	ldi	r24, 0x00	; 0
    2c9e:	60 e0       	ldi	r22, 0x00	; 0
    2ca0:	0e 94 1f 10 	call	0x203e	; 0x203e <MDIO_vSetPortVal>
#elif SSD_TYPE == SSD_COM_ANODE
	MDIO_vSetPortVal(SSD_PORT, 0xFF);
#endif
}
    2ca4:	cf 91       	pop	r28
    2ca6:	df 91       	pop	r29
    2ca8:	08 95       	ret

00002caa <HLCD_vInit>:
#include "../../MCAL/DIO/DIO_int.h"
#include "LCD_cfg.h"
#include "LCD_int.h"

void HLCD_vInit(void)
{
    2caa:	df 93       	push	r29
    2cac:	cf 93       	push	r28
    2cae:	cd b7       	in	r28, 0x3d	; 61
    2cb0:	de b7       	in	r29, 0x3e	; 62
    2cb2:	e8 97       	sbiw	r28, 0x38	; 56
    2cb4:	0f b6       	in	r0, 0x3f	; 63
    2cb6:	f8 94       	cli
    2cb8:	de bf       	out	0x3e, r29	; 62
    2cba:	0f be       	out	0x3f, r0	; 63
    2cbc:	cd bf       	out	0x3d, r28	; 61
	/* Initialize pins direction */
	MDIO_vSetPinDir(LCD_CTRL_PORT, LCD_RS, DIO_OUTPUT);
    2cbe:	80 e0       	ldi	r24, 0x00	; 0
    2cc0:	60 e0       	ldi	r22, 0x00	; 0
    2cc2:	41 e0       	ldi	r20, 0x01	; 1
    2cc4:	0e 94 76 0d 	call	0x1aec	; 0x1aec <MDIO_vSetPinDir>
	MDIO_vSetPinDir(LCD_CTRL_PORT, LCD_RW, DIO_OUTPUT);
    2cc8:	80 e0       	ldi	r24, 0x00	; 0
    2cca:	61 e0       	ldi	r22, 0x01	; 1
    2ccc:	41 e0       	ldi	r20, 0x01	; 1
    2cce:	0e 94 76 0d 	call	0x1aec	; 0x1aec <MDIO_vSetPinDir>
	MDIO_vSetPinDir(LCD_CTRL_PORT, LCD_E, DIO_OUTPUT);
    2cd2:	80 e0       	ldi	r24, 0x00	; 0
    2cd4:	62 e0       	ldi	r22, 0x02	; 2
    2cd6:	41 e0       	ldi	r20, 0x01	; 1
    2cd8:	0e 94 76 0d 	call	0x1aec	; 0x1aec <MDIO_vSetPinDir>
	MDIO_vSetPortDir(LCD_DATA_PORT, DIO_PORT_OUTPUT);
    2cdc:	82 e0       	ldi	r24, 0x02	; 2
    2cde:	6f ef       	ldi	r22, 0xFF	; 255
    2ce0:	0e 94 de 0f 	call	0x1fbc	; 0x1fbc <MDIO_vSetPortDir>
    2ce4:	80 e0       	ldi	r24, 0x00	; 0
    2ce6:	90 e0       	ldi	r25, 0x00	; 0
    2ce8:	a8 e4       	ldi	r26, 0x48	; 72
    2cea:	b2 e4       	ldi	r27, 0x42	; 66
    2cec:	8d ab       	std	Y+53, r24	; 0x35
    2cee:	9e ab       	std	Y+54, r25	; 0x36
    2cf0:	af ab       	std	Y+55, r26	; 0x37
    2cf2:	b8 af       	std	Y+56, r27	; 0x38
 */
void
_delay_ms(double __ms)
{
	uint16_t __ticks;
	double __tmp = ((F_CPU) / 4e3) * __ms;
    2cf4:	6d a9       	ldd	r22, Y+53	; 0x35
    2cf6:	7e a9       	ldd	r23, Y+54	; 0x36
    2cf8:	8f a9       	ldd	r24, Y+55	; 0x37
    2cfa:	98 ad       	ldd	r25, Y+56	; 0x38
    2cfc:	20 e0       	ldi	r18, 0x00	; 0
    2cfe:	30 e0       	ldi	r19, 0x00	; 0
    2d00:	4a ef       	ldi	r20, 0xFA	; 250
    2d02:	54 e4       	ldi	r21, 0x44	; 68
    2d04:	0e 94 1f 02 	call	0x43e	; 0x43e <__mulsf3>
    2d08:	dc 01       	movw	r26, r24
    2d0a:	cb 01       	movw	r24, r22
    2d0c:	89 ab       	std	Y+49, r24	; 0x31
    2d0e:	9a ab       	std	Y+50, r25	; 0x32
    2d10:	ab ab       	std	Y+51, r26	; 0x33
    2d12:	bc ab       	std	Y+52, r27	; 0x34
	if (__tmp < 1.0)
    2d14:	69 a9       	ldd	r22, Y+49	; 0x31
    2d16:	7a a9       	ldd	r23, Y+50	; 0x32
    2d18:	8b a9       	ldd	r24, Y+51	; 0x33
    2d1a:	9c a9       	ldd	r25, Y+52	; 0x34
    2d1c:	20 e0       	ldi	r18, 0x00	; 0
    2d1e:	30 e0       	ldi	r19, 0x00	; 0
    2d20:	40 e8       	ldi	r20, 0x80	; 128
    2d22:	5f e3       	ldi	r21, 0x3F	; 63
    2d24:	0e 94 79 03 	call	0x6f2	; 0x6f2 <__ltsf2>
    2d28:	88 23       	and	r24, r24
    2d2a:	2c f4       	brge	.+10     	; 0x2d36 <HLCD_vInit+0x8c>
		__ticks = 1;
    2d2c:	81 e0       	ldi	r24, 0x01	; 1
    2d2e:	90 e0       	ldi	r25, 0x00	; 0
    2d30:	98 ab       	std	Y+48, r25	; 0x30
    2d32:	8f a7       	std	Y+47, r24	; 0x2f
    2d34:	3f c0       	rjmp	.+126    	; 0x2db4 <HLCD_vInit+0x10a>
	else if (__tmp > 65535)
    2d36:	69 a9       	ldd	r22, Y+49	; 0x31
    2d38:	7a a9       	ldd	r23, Y+50	; 0x32
    2d3a:	8b a9       	ldd	r24, Y+51	; 0x33
    2d3c:	9c a9       	ldd	r25, Y+52	; 0x34
    2d3e:	20 e0       	ldi	r18, 0x00	; 0
    2d40:	3f ef       	ldi	r19, 0xFF	; 255
    2d42:	4f e7       	ldi	r20, 0x7F	; 127
    2d44:	57 e4       	ldi	r21, 0x47	; 71
    2d46:	0e 94 19 03 	call	0x632	; 0x632 <__gtsf2>
    2d4a:	18 16       	cp	r1, r24
    2d4c:	4c f5       	brge	.+82     	; 0x2da0 <HLCD_vInit+0xf6>
	{
		//	__ticks = requested delay in 1/10 ms
		__ticks = (uint16_t) (__ms * 10.0);
    2d4e:	6d a9       	ldd	r22, Y+53	; 0x35
    2d50:	7e a9       	ldd	r23, Y+54	; 0x36
    2d52:	8f a9       	ldd	r24, Y+55	; 0x37
    2d54:	98 ad       	ldd	r25, Y+56	; 0x38
    2d56:	20 e0       	ldi	r18, 0x00	; 0
    2d58:	30 e0       	ldi	r19, 0x00	; 0
    2d5a:	40 e2       	ldi	r20, 0x20	; 32
    2d5c:	51 e4       	ldi	r21, 0x41	; 65
    2d5e:	0e 94 1f 02 	call	0x43e	; 0x43e <__mulsf3>
    2d62:	dc 01       	movw	r26, r24
    2d64:	cb 01       	movw	r24, r22
    2d66:	bc 01       	movw	r22, r24
    2d68:	cd 01       	movw	r24, r26
    2d6a:	0e 94 49 00 	call	0x92	; 0x92 <__fixunssfsi>
    2d6e:	dc 01       	movw	r26, r24
    2d70:	cb 01       	movw	r24, r22
    2d72:	98 ab       	std	Y+48, r25	; 0x30
    2d74:	8f a7       	std	Y+47, r24	; 0x2f
    2d76:	0f c0       	rjmp	.+30     	; 0x2d96 <HLCD_vInit+0xec>
    2d78:	88 ec       	ldi	r24, 0xC8	; 200
    2d7a:	90 e0       	ldi	r25, 0x00	; 0
    2d7c:	9e a7       	std	Y+46, r25	; 0x2e
    2d7e:	8d a7       	std	Y+45, r24	; 0x2d
    2d80:	8d a5       	ldd	r24, Y+45	; 0x2d
    2d82:	9e a5       	ldd	r25, Y+46	; 0x2e
    2d84:	01 97       	sbiw	r24, 0x01	; 1
    2d86:	f1 f7       	brne	.-4      	; 0x2d84 <HLCD_vInit+0xda>
    2d88:	9e a7       	std	Y+46, r25	; 0x2e
    2d8a:	8d a7       	std	Y+45, r24	; 0x2d
		while(__ticks)
		{
			// wait 1/10 ms
			_delay_loop_2(((F_CPU) / 4e3) / 10);
			__ticks --;
    2d8c:	8f a5       	ldd	r24, Y+47	; 0x2f
    2d8e:	98 a9       	ldd	r25, Y+48	; 0x30
    2d90:	01 97       	sbiw	r24, 0x01	; 1
    2d92:	98 ab       	std	Y+48, r25	; 0x30
    2d94:	8f a7       	std	Y+47, r24	; 0x2f
		__ticks = 1;
	else if (__tmp > 65535)
	{
		//	__ticks = requested delay in 1/10 ms
		__ticks = (uint16_t) (__ms * 10.0);
		while(__ticks)
    2d96:	8f a5       	ldd	r24, Y+47	; 0x2f
    2d98:	98 a9       	ldd	r25, Y+48	; 0x30
    2d9a:	00 97       	sbiw	r24, 0x00	; 0
    2d9c:	69 f7       	brne	.-38     	; 0x2d78 <HLCD_vInit+0xce>
    2d9e:	14 c0       	rjmp	.+40     	; 0x2dc8 <HLCD_vInit+0x11e>
			__ticks --;
		}
		return;
	}
	else
		__ticks = (uint16_t)__tmp;
    2da0:	69 a9       	ldd	r22, Y+49	; 0x31
    2da2:	7a a9       	ldd	r23, Y+50	; 0x32
    2da4:	8b a9       	ldd	r24, Y+51	; 0x33
    2da6:	9c a9       	ldd	r25, Y+52	; 0x34
    2da8:	0e 94 49 00 	call	0x92	; 0x92 <__fixunssfsi>
    2dac:	dc 01       	movw	r26, r24
    2dae:	cb 01       	movw	r24, r22
    2db0:	98 ab       	std	Y+48, r25	; 0x30
    2db2:	8f a7       	std	Y+47, r24	; 0x2f
    2db4:	8f a5       	ldd	r24, Y+47	; 0x2f
    2db6:	98 a9       	ldd	r25, Y+48	; 0x30
    2db8:	9c a7       	std	Y+44, r25	; 0x2c
    2dba:	8b a7       	std	Y+43, r24	; 0x2b
    2dbc:	8b a5       	ldd	r24, Y+43	; 0x2b
    2dbe:	9c a5       	ldd	r25, Y+44	; 0x2c
    2dc0:	01 97       	sbiw	r24, 0x01	; 1
    2dc2:	f1 f7       	brne	.-4      	; 0x2dc0 <HLCD_vInit+0x116>
    2dc4:	9c a7       	std	Y+44, r25	; 0x2c
    2dc6:	8b a7       	std	Y+43, r24	; 0x2b

	/* 8-bit initialization sequence*/
	_delay_ms(50);
	HLCD_vSendCmd(0x38);  	// send function set instruction
    2dc8:	88 e3       	ldi	r24, 0x38	; 56
    2dca:	0e 94 4f 18 	call	0x309e	; 0x309e <HLCD_vSendCmd>
    2dce:	80 e0       	ldi	r24, 0x00	; 0
    2dd0:	90 e0       	ldi	r25, 0x00	; 0
    2dd2:	a0 e8       	ldi	r26, 0x80	; 128
    2dd4:	bf e3       	ldi	r27, 0x3F	; 63
    2dd6:	8f a3       	std	Y+39, r24	; 0x27
    2dd8:	98 a7       	std	Y+40, r25	; 0x28
    2dda:	a9 a7       	std	Y+41, r26	; 0x29
    2ddc:	ba a7       	std	Y+42, r27	; 0x2a
 */
void
_delay_ms(double __ms)
{
	uint16_t __ticks;
	double __tmp = ((F_CPU) / 4e3) * __ms;
    2dde:	6f a1       	ldd	r22, Y+39	; 0x27
    2de0:	78 a5       	ldd	r23, Y+40	; 0x28
    2de2:	89 a5       	ldd	r24, Y+41	; 0x29
    2de4:	9a a5       	ldd	r25, Y+42	; 0x2a
    2de6:	20 e0       	ldi	r18, 0x00	; 0
    2de8:	30 e0       	ldi	r19, 0x00	; 0
    2dea:	4a ef       	ldi	r20, 0xFA	; 250
    2dec:	54 e4       	ldi	r21, 0x44	; 68
    2dee:	0e 94 1f 02 	call	0x43e	; 0x43e <__mulsf3>
    2df2:	dc 01       	movw	r26, r24
    2df4:	cb 01       	movw	r24, r22
    2df6:	8b a3       	std	Y+35, r24	; 0x23
    2df8:	9c a3       	std	Y+36, r25	; 0x24
    2dfa:	ad a3       	std	Y+37, r26	; 0x25
    2dfc:	be a3       	std	Y+38, r27	; 0x26
	if (__tmp < 1.0)
    2dfe:	6b a1       	ldd	r22, Y+35	; 0x23
    2e00:	7c a1       	ldd	r23, Y+36	; 0x24
    2e02:	8d a1       	ldd	r24, Y+37	; 0x25
    2e04:	9e a1       	ldd	r25, Y+38	; 0x26
    2e06:	20 e0       	ldi	r18, 0x00	; 0
    2e08:	30 e0       	ldi	r19, 0x00	; 0
    2e0a:	40 e8       	ldi	r20, 0x80	; 128
    2e0c:	5f e3       	ldi	r21, 0x3F	; 63
    2e0e:	0e 94 79 03 	call	0x6f2	; 0x6f2 <__ltsf2>
    2e12:	88 23       	and	r24, r24
    2e14:	2c f4       	brge	.+10     	; 0x2e20 <HLCD_vInit+0x176>
		__ticks = 1;
    2e16:	81 e0       	ldi	r24, 0x01	; 1
    2e18:	90 e0       	ldi	r25, 0x00	; 0
    2e1a:	9a a3       	std	Y+34, r25	; 0x22
    2e1c:	89 a3       	std	Y+33, r24	; 0x21
    2e1e:	3f c0       	rjmp	.+126    	; 0x2e9e <HLCD_vInit+0x1f4>
	else if (__tmp > 65535)
    2e20:	6b a1       	ldd	r22, Y+35	; 0x23
    2e22:	7c a1       	ldd	r23, Y+36	; 0x24
    2e24:	8d a1       	ldd	r24, Y+37	; 0x25
    2e26:	9e a1       	ldd	r25, Y+38	; 0x26
    2e28:	20 e0       	ldi	r18, 0x00	; 0
    2e2a:	3f ef       	ldi	r19, 0xFF	; 255
    2e2c:	4f e7       	ldi	r20, 0x7F	; 127
    2e2e:	57 e4       	ldi	r21, 0x47	; 71
    2e30:	0e 94 19 03 	call	0x632	; 0x632 <__gtsf2>
    2e34:	18 16       	cp	r1, r24
    2e36:	4c f5       	brge	.+82     	; 0x2e8a <HLCD_vInit+0x1e0>
	{
		//	__ticks = requested delay in 1/10 ms
		__ticks = (uint16_t) (__ms * 10.0);
    2e38:	6f a1       	ldd	r22, Y+39	; 0x27
    2e3a:	78 a5       	ldd	r23, Y+40	; 0x28
    2e3c:	89 a5       	ldd	r24, Y+41	; 0x29
    2e3e:	9a a5       	ldd	r25, Y+42	; 0x2a
    2e40:	20 e0       	ldi	r18, 0x00	; 0
    2e42:	30 e0       	ldi	r19, 0x00	; 0
    2e44:	40 e2       	ldi	r20, 0x20	; 32
    2e46:	51 e4       	ldi	r21, 0x41	; 65
    2e48:	0e 94 1f 02 	call	0x43e	; 0x43e <__mulsf3>
    2e4c:	dc 01       	movw	r26, r24
    2e4e:	cb 01       	movw	r24, r22
    2e50:	bc 01       	movw	r22, r24
    2e52:	cd 01       	movw	r24, r26
    2e54:	0e 94 49 00 	call	0x92	; 0x92 <__fixunssfsi>
    2e58:	dc 01       	movw	r26, r24
    2e5a:	cb 01       	movw	r24, r22
    2e5c:	9a a3       	std	Y+34, r25	; 0x22
    2e5e:	89 a3       	std	Y+33, r24	; 0x21
    2e60:	0f c0       	rjmp	.+30     	; 0x2e80 <HLCD_vInit+0x1d6>
    2e62:	88 ec       	ldi	r24, 0xC8	; 200
    2e64:	90 e0       	ldi	r25, 0x00	; 0
    2e66:	98 a3       	std	Y+32, r25	; 0x20
    2e68:	8f 8f       	std	Y+31, r24	; 0x1f
    2e6a:	8f 8d       	ldd	r24, Y+31	; 0x1f
    2e6c:	98 a1       	ldd	r25, Y+32	; 0x20
    2e6e:	01 97       	sbiw	r24, 0x01	; 1
    2e70:	f1 f7       	brne	.-4      	; 0x2e6e <HLCD_vInit+0x1c4>
    2e72:	98 a3       	std	Y+32, r25	; 0x20
    2e74:	8f 8f       	std	Y+31, r24	; 0x1f
		while(__ticks)
		{
			// wait 1/10 ms
			_delay_loop_2(((F_CPU) / 4e3) / 10);
			__ticks --;
    2e76:	89 a1       	ldd	r24, Y+33	; 0x21
    2e78:	9a a1       	ldd	r25, Y+34	; 0x22
    2e7a:	01 97       	sbiw	r24, 0x01	; 1
    2e7c:	9a a3       	std	Y+34, r25	; 0x22
    2e7e:	89 a3       	std	Y+33, r24	; 0x21
		__ticks = 1;
	else if (__tmp > 65535)
	{
		//	__ticks = requested delay in 1/10 ms
		__ticks = (uint16_t) (__ms * 10.0);
		while(__ticks)
    2e80:	89 a1       	ldd	r24, Y+33	; 0x21
    2e82:	9a a1       	ldd	r25, Y+34	; 0x22
    2e84:	00 97       	sbiw	r24, 0x00	; 0
    2e86:	69 f7       	brne	.-38     	; 0x2e62 <HLCD_vInit+0x1b8>
    2e88:	14 c0       	rjmp	.+40     	; 0x2eb2 <HLCD_vInit+0x208>
			__ticks --;
		}
		return;
	}
	else
		__ticks = (uint16_t)__tmp;
    2e8a:	6b a1       	ldd	r22, Y+35	; 0x23
    2e8c:	7c a1       	ldd	r23, Y+36	; 0x24
    2e8e:	8d a1       	ldd	r24, Y+37	; 0x25
    2e90:	9e a1       	ldd	r25, Y+38	; 0x26
    2e92:	0e 94 49 00 	call	0x92	; 0x92 <__fixunssfsi>
    2e96:	dc 01       	movw	r26, r24
    2e98:	cb 01       	movw	r24, r22
    2e9a:	9a a3       	std	Y+34, r25	; 0x22
    2e9c:	89 a3       	std	Y+33, r24	; 0x21
    2e9e:	89 a1       	ldd	r24, Y+33	; 0x21
    2ea0:	9a a1       	ldd	r25, Y+34	; 0x22
    2ea2:	9e 8f       	std	Y+30, r25	; 0x1e
    2ea4:	8d 8f       	std	Y+29, r24	; 0x1d
    2ea6:	8d 8d       	ldd	r24, Y+29	; 0x1d
    2ea8:	9e 8d       	ldd	r25, Y+30	; 0x1e
    2eaa:	01 97       	sbiw	r24, 0x01	; 1
    2eac:	f1 f7       	brne	.-4      	; 0x2eaa <HLCD_vInit+0x200>
    2eae:	9e 8f       	std	Y+30, r25	; 0x1e
    2eb0:	8d 8f       	std	Y+29, r24	; 0x1d
	_delay_ms(1);
	HLCD_vSendCmd(0x0C);	// send display on/off instruction
    2eb2:	8c e0       	ldi	r24, 0x0C	; 12
    2eb4:	0e 94 4f 18 	call	0x309e	; 0x309e <HLCD_vSendCmd>
    2eb8:	80 e0       	ldi	r24, 0x00	; 0
    2eba:	90 e0       	ldi	r25, 0x00	; 0
    2ebc:	a0 e8       	ldi	r26, 0x80	; 128
    2ebe:	bf e3       	ldi	r27, 0x3F	; 63
    2ec0:	89 8f       	std	Y+25, r24	; 0x19
    2ec2:	9a 8f       	std	Y+26, r25	; 0x1a
    2ec4:	ab 8f       	std	Y+27, r26	; 0x1b
    2ec6:	bc 8f       	std	Y+28, r27	; 0x1c
 */
void
_delay_ms(double __ms)
{
	uint16_t __ticks;
	double __tmp = ((F_CPU) / 4e3) * __ms;
    2ec8:	69 8d       	ldd	r22, Y+25	; 0x19
    2eca:	7a 8d       	ldd	r23, Y+26	; 0x1a
    2ecc:	8b 8d       	ldd	r24, Y+27	; 0x1b
    2ece:	9c 8d       	ldd	r25, Y+28	; 0x1c
    2ed0:	20 e0       	ldi	r18, 0x00	; 0
    2ed2:	30 e0       	ldi	r19, 0x00	; 0
    2ed4:	4a ef       	ldi	r20, 0xFA	; 250
    2ed6:	54 e4       	ldi	r21, 0x44	; 68
    2ed8:	0e 94 1f 02 	call	0x43e	; 0x43e <__mulsf3>
    2edc:	dc 01       	movw	r26, r24
    2ede:	cb 01       	movw	r24, r22
    2ee0:	8d 8b       	std	Y+21, r24	; 0x15
    2ee2:	9e 8b       	std	Y+22, r25	; 0x16
    2ee4:	af 8b       	std	Y+23, r26	; 0x17
    2ee6:	b8 8f       	std	Y+24, r27	; 0x18
	if (__tmp < 1.0)
    2ee8:	6d 89       	ldd	r22, Y+21	; 0x15
    2eea:	7e 89       	ldd	r23, Y+22	; 0x16
    2eec:	8f 89       	ldd	r24, Y+23	; 0x17
    2eee:	98 8d       	ldd	r25, Y+24	; 0x18
    2ef0:	20 e0       	ldi	r18, 0x00	; 0
    2ef2:	30 e0       	ldi	r19, 0x00	; 0
    2ef4:	40 e8       	ldi	r20, 0x80	; 128
    2ef6:	5f e3       	ldi	r21, 0x3F	; 63
    2ef8:	0e 94 79 03 	call	0x6f2	; 0x6f2 <__ltsf2>
    2efc:	88 23       	and	r24, r24
    2efe:	2c f4       	brge	.+10     	; 0x2f0a <HLCD_vInit+0x260>
		__ticks = 1;
    2f00:	81 e0       	ldi	r24, 0x01	; 1
    2f02:	90 e0       	ldi	r25, 0x00	; 0
    2f04:	9c 8b       	std	Y+20, r25	; 0x14
    2f06:	8b 8b       	std	Y+19, r24	; 0x13
    2f08:	3f c0       	rjmp	.+126    	; 0x2f88 <HLCD_vInit+0x2de>
	else if (__tmp > 65535)
    2f0a:	6d 89       	ldd	r22, Y+21	; 0x15
    2f0c:	7e 89       	ldd	r23, Y+22	; 0x16
    2f0e:	8f 89       	ldd	r24, Y+23	; 0x17
    2f10:	98 8d       	ldd	r25, Y+24	; 0x18
    2f12:	20 e0       	ldi	r18, 0x00	; 0
    2f14:	3f ef       	ldi	r19, 0xFF	; 255
    2f16:	4f e7       	ldi	r20, 0x7F	; 127
    2f18:	57 e4       	ldi	r21, 0x47	; 71
    2f1a:	0e 94 19 03 	call	0x632	; 0x632 <__gtsf2>
    2f1e:	18 16       	cp	r1, r24
    2f20:	4c f5       	brge	.+82     	; 0x2f74 <HLCD_vInit+0x2ca>
	{
		//	__ticks = requested delay in 1/10 ms
		__ticks = (uint16_t) (__ms * 10.0);
    2f22:	69 8d       	ldd	r22, Y+25	; 0x19
    2f24:	7a 8d       	ldd	r23, Y+26	; 0x1a
    2f26:	8b 8d       	ldd	r24, Y+27	; 0x1b
    2f28:	9c 8d       	ldd	r25, Y+28	; 0x1c
    2f2a:	20 e0       	ldi	r18, 0x00	; 0
    2f2c:	30 e0       	ldi	r19, 0x00	; 0
    2f2e:	40 e2       	ldi	r20, 0x20	; 32
    2f30:	51 e4       	ldi	r21, 0x41	; 65
    2f32:	0e 94 1f 02 	call	0x43e	; 0x43e <__mulsf3>
    2f36:	dc 01       	movw	r26, r24
    2f38:	cb 01       	movw	r24, r22
    2f3a:	bc 01       	movw	r22, r24
    2f3c:	cd 01       	movw	r24, r26
    2f3e:	0e 94 49 00 	call	0x92	; 0x92 <__fixunssfsi>
    2f42:	dc 01       	movw	r26, r24
    2f44:	cb 01       	movw	r24, r22
    2f46:	9c 8b       	std	Y+20, r25	; 0x14
    2f48:	8b 8b       	std	Y+19, r24	; 0x13
    2f4a:	0f c0       	rjmp	.+30     	; 0x2f6a <HLCD_vInit+0x2c0>
    2f4c:	88 ec       	ldi	r24, 0xC8	; 200
    2f4e:	90 e0       	ldi	r25, 0x00	; 0
    2f50:	9a 8b       	std	Y+18, r25	; 0x12
    2f52:	89 8b       	std	Y+17, r24	; 0x11
    2f54:	89 89       	ldd	r24, Y+17	; 0x11
    2f56:	9a 89       	ldd	r25, Y+18	; 0x12
    2f58:	01 97       	sbiw	r24, 0x01	; 1
    2f5a:	f1 f7       	brne	.-4      	; 0x2f58 <HLCD_vInit+0x2ae>
    2f5c:	9a 8b       	std	Y+18, r25	; 0x12
    2f5e:	89 8b       	std	Y+17, r24	; 0x11
		while(__ticks)
		{
			// wait 1/10 ms
			_delay_loop_2(((F_CPU) / 4e3) / 10);
			__ticks --;
    2f60:	8b 89       	ldd	r24, Y+19	; 0x13
    2f62:	9c 89       	ldd	r25, Y+20	; 0x14
    2f64:	01 97       	sbiw	r24, 0x01	; 1
    2f66:	9c 8b       	std	Y+20, r25	; 0x14
    2f68:	8b 8b       	std	Y+19, r24	; 0x13
		__ticks = 1;
	else if (__tmp > 65535)
	{
		//	__ticks = requested delay in 1/10 ms
		__ticks = (uint16_t) (__ms * 10.0);
		while(__ticks)
    2f6a:	8b 89       	ldd	r24, Y+19	; 0x13
    2f6c:	9c 89       	ldd	r25, Y+20	; 0x14
    2f6e:	00 97       	sbiw	r24, 0x00	; 0
    2f70:	69 f7       	brne	.-38     	; 0x2f4c <HLCD_vInit+0x2a2>
    2f72:	14 c0       	rjmp	.+40     	; 0x2f9c <HLCD_vInit+0x2f2>
			__ticks --;
		}
		return;
	}
	else
		__ticks = (uint16_t)__tmp;
    2f74:	6d 89       	ldd	r22, Y+21	; 0x15
    2f76:	7e 89       	ldd	r23, Y+22	; 0x16
    2f78:	8f 89       	ldd	r24, Y+23	; 0x17
    2f7a:	98 8d       	ldd	r25, Y+24	; 0x18
    2f7c:	0e 94 49 00 	call	0x92	; 0x92 <__fixunssfsi>
    2f80:	dc 01       	movw	r26, r24
    2f82:	cb 01       	movw	r24, r22
    2f84:	9c 8b       	std	Y+20, r25	; 0x14
    2f86:	8b 8b       	std	Y+19, r24	; 0x13
    2f88:	8b 89       	ldd	r24, Y+19	; 0x13
    2f8a:	9c 89       	ldd	r25, Y+20	; 0x14
    2f8c:	98 8b       	std	Y+16, r25	; 0x10
    2f8e:	8f 87       	std	Y+15, r24	; 0x0f
    2f90:	8f 85       	ldd	r24, Y+15	; 0x0f
    2f92:	98 89       	ldd	r25, Y+16	; 0x10
    2f94:	01 97       	sbiw	r24, 0x01	; 1
    2f96:	f1 f7       	brne	.-4      	; 0x2f94 <HLCD_vInit+0x2ea>
    2f98:	98 8b       	std	Y+16, r25	; 0x10
    2f9a:	8f 87       	std	Y+15, r24	; 0x0f
	_delay_ms(1);
	HLCD_vSendCmd(0x01);	// send clear instruction
    2f9c:	81 e0       	ldi	r24, 0x01	; 1
    2f9e:	0e 94 4f 18 	call	0x309e	; 0x309e <HLCD_vSendCmd>
    2fa2:	80 e0       	ldi	r24, 0x00	; 0
    2fa4:	90 e0       	ldi	r25, 0x00	; 0
    2fa6:	a0 e0       	ldi	r26, 0x00	; 0
    2fa8:	b0 e4       	ldi	r27, 0x40	; 64
    2faa:	8b 87       	std	Y+11, r24	; 0x0b
    2fac:	9c 87       	std	Y+12, r25	; 0x0c
    2fae:	ad 87       	std	Y+13, r26	; 0x0d
    2fb0:	be 87       	std	Y+14, r27	; 0x0e
 */
void
_delay_ms(double __ms)
{
	uint16_t __ticks;
	double __tmp = ((F_CPU) / 4e3) * __ms;
    2fb2:	6b 85       	ldd	r22, Y+11	; 0x0b
    2fb4:	7c 85       	ldd	r23, Y+12	; 0x0c
    2fb6:	8d 85       	ldd	r24, Y+13	; 0x0d
    2fb8:	9e 85       	ldd	r25, Y+14	; 0x0e
    2fba:	20 e0       	ldi	r18, 0x00	; 0
    2fbc:	30 e0       	ldi	r19, 0x00	; 0
    2fbe:	4a ef       	ldi	r20, 0xFA	; 250
    2fc0:	54 e4       	ldi	r21, 0x44	; 68
    2fc2:	0e 94 1f 02 	call	0x43e	; 0x43e <__mulsf3>
    2fc6:	dc 01       	movw	r26, r24
    2fc8:	cb 01       	movw	r24, r22
    2fca:	8f 83       	std	Y+7, r24	; 0x07
    2fcc:	98 87       	std	Y+8, r25	; 0x08
    2fce:	a9 87       	std	Y+9, r26	; 0x09
    2fd0:	ba 87       	std	Y+10, r27	; 0x0a
	if (__tmp < 1.0)
    2fd2:	6f 81       	ldd	r22, Y+7	; 0x07
    2fd4:	78 85       	ldd	r23, Y+8	; 0x08
    2fd6:	89 85       	ldd	r24, Y+9	; 0x09
    2fd8:	9a 85       	ldd	r25, Y+10	; 0x0a
    2fda:	20 e0       	ldi	r18, 0x00	; 0
    2fdc:	30 e0       	ldi	r19, 0x00	; 0
    2fde:	40 e8       	ldi	r20, 0x80	; 128
    2fe0:	5f e3       	ldi	r21, 0x3F	; 63
    2fe2:	0e 94 79 03 	call	0x6f2	; 0x6f2 <__ltsf2>
    2fe6:	88 23       	and	r24, r24
    2fe8:	2c f4       	brge	.+10     	; 0x2ff4 <HLCD_vInit+0x34a>
		__ticks = 1;
    2fea:	81 e0       	ldi	r24, 0x01	; 1
    2fec:	90 e0       	ldi	r25, 0x00	; 0
    2fee:	9e 83       	std	Y+6, r25	; 0x06
    2ff0:	8d 83       	std	Y+5, r24	; 0x05
    2ff2:	3f c0       	rjmp	.+126    	; 0x3072 <HLCD_vInit+0x3c8>
	else if (__tmp > 65535)
    2ff4:	6f 81       	ldd	r22, Y+7	; 0x07
    2ff6:	78 85       	ldd	r23, Y+8	; 0x08
    2ff8:	89 85       	ldd	r24, Y+9	; 0x09
    2ffa:	9a 85       	ldd	r25, Y+10	; 0x0a
    2ffc:	20 e0       	ldi	r18, 0x00	; 0
    2ffe:	3f ef       	ldi	r19, 0xFF	; 255
    3000:	4f e7       	ldi	r20, 0x7F	; 127
    3002:	57 e4       	ldi	r21, 0x47	; 71
    3004:	0e 94 19 03 	call	0x632	; 0x632 <__gtsf2>
    3008:	18 16       	cp	r1, r24
    300a:	4c f5       	brge	.+82     	; 0x305e <HLCD_vInit+0x3b4>
	{
		//	__ticks = requested delay in 1/10 ms
		__ticks = (uint16_t) (__ms * 10.0);
    300c:	6b 85       	ldd	r22, Y+11	; 0x0b
    300e:	7c 85       	ldd	r23, Y+12	; 0x0c
    3010:	8d 85       	ldd	r24, Y+13	; 0x0d
    3012:	9e 85       	ldd	r25, Y+14	; 0x0e
    3014:	20 e0       	ldi	r18, 0x00	; 0
    3016:	30 e0       	ldi	r19, 0x00	; 0
    3018:	40 e2       	ldi	r20, 0x20	; 32
    301a:	51 e4       	ldi	r21, 0x41	; 65
    301c:	0e 94 1f 02 	call	0x43e	; 0x43e <__mulsf3>
    3020:	dc 01       	movw	r26, r24
    3022:	cb 01       	movw	r24, r22
    3024:	bc 01       	movw	r22, r24
    3026:	cd 01       	movw	r24, r26
    3028:	0e 94 49 00 	call	0x92	; 0x92 <__fixunssfsi>
    302c:	dc 01       	movw	r26, r24
    302e:	cb 01       	movw	r24, r22
    3030:	9e 83       	std	Y+6, r25	; 0x06
    3032:	8d 83       	std	Y+5, r24	; 0x05
    3034:	0f c0       	rjmp	.+30     	; 0x3054 <HLCD_vInit+0x3aa>
    3036:	88 ec       	ldi	r24, 0xC8	; 200
    3038:	90 e0       	ldi	r25, 0x00	; 0
    303a:	9c 83       	std	Y+4, r25	; 0x04
    303c:	8b 83       	std	Y+3, r24	; 0x03
    303e:	8b 81       	ldd	r24, Y+3	; 0x03
    3040:	9c 81       	ldd	r25, Y+4	; 0x04
    3042:	01 97       	sbiw	r24, 0x01	; 1
    3044:	f1 f7       	brne	.-4      	; 0x3042 <HLCD_vInit+0x398>
    3046:	9c 83       	std	Y+4, r25	; 0x04
    3048:	8b 83       	std	Y+3, r24	; 0x03
		while(__ticks)
		{
			// wait 1/10 ms
			_delay_loop_2(((F_CPU) / 4e3) / 10);
			__ticks --;
    304a:	8d 81       	ldd	r24, Y+5	; 0x05
    304c:	9e 81       	ldd	r25, Y+6	; 0x06
    304e:	01 97       	sbiw	r24, 0x01	; 1
    3050:	9e 83       	std	Y+6, r25	; 0x06
    3052:	8d 83       	std	Y+5, r24	; 0x05
		__ticks = 1;
	else if (__tmp > 65535)
	{
		//	__ticks = requested delay in 1/10 ms
		__ticks = (uint16_t) (__ms * 10.0);
		while(__ticks)
    3054:	8d 81       	ldd	r24, Y+5	; 0x05
    3056:	9e 81       	ldd	r25, Y+6	; 0x06
    3058:	00 97       	sbiw	r24, 0x00	; 0
    305a:	69 f7       	brne	.-38     	; 0x3036 <HLCD_vInit+0x38c>
    305c:	14 c0       	rjmp	.+40     	; 0x3086 <HLCD_vInit+0x3dc>
			__ticks --;
		}
		return;
	}
	else
		__ticks = (uint16_t)__tmp;
    305e:	6f 81       	ldd	r22, Y+7	; 0x07
    3060:	78 85       	ldd	r23, Y+8	; 0x08
    3062:	89 85       	ldd	r24, Y+9	; 0x09
    3064:	9a 85       	ldd	r25, Y+10	; 0x0a
    3066:	0e 94 49 00 	call	0x92	; 0x92 <__fixunssfsi>
    306a:	dc 01       	movw	r26, r24
    306c:	cb 01       	movw	r24, r22
    306e:	9e 83       	std	Y+6, r25	; 0x06
    3070:	8d 83       	std	Y+5, r24	; 0x05
    3072:	8d 81       	ldd	r24, Y+5	; 0x05
    3074:	9e 81       	ldd	r25, Y+6	; 0x06
    3076:	9a 83       	std	Y+2, r25	; 0x02
    3078:	89 83       	std	Y+1, r24	; 0x01
    307a:	89 81       	ldd	r24, Y+1	; 0x01
    307c:	9a 81       	ldd	r25, Y+2	; 0x02
    307e:	01 97       	sbiw	r24, 0x01	; 1
    3080:	f1 f7       	brne	.-4      	; 0x307e <HLCD_vInit+0x3d4>
    3082:	9a 83       	std	Y+2, r25	; 0x02
    3084:	89 83       	std	Y+1, r24	; 0x01
	_delay_ms(2);
	HLCD_vSendCmd(0x06);	// send entry mode set instruction
    3086:	86 e0       	ldi	r24, 0x06	; 6
    3088:	0e 94 4f 18 	call	0x309e	; 0x309e <HLCD_vSendCmd>

}
    308c:	e8 96       	adiw	r28, 0x38	; 56
    308e:	0f b6       	in	r0, 0x3f	; 63
    3090:	f8 94       	cli
    3092:	de bf       	out	0x3e, r29	; 62
    3094:	0f be       	out	0x3f, r0	; 63
    3096:	cd bf       	out	0x3d, r28	; 61
    3098:	cf 91       	pop	r28
    309a:	df 91       	pop	r29
    309c:	08 95       	ret

0000309e <HLCD_vSendCmd>:
void HLCD_vSendCmd(u8 A_u8cmd)
{
    309e:	df 93       	push	r29
    30a0:	cf 93       	push	r28
    30a2:	cd b7       	in	r28, 0x3d	; 61
    30a4:	de b7       	in	r29, 0x3e	; 62
    30a6:	6d 97       	sbiw	r28, 0x1d	; 29
    30a8:	0f b6       	in	r0, 0x3f	; 63
    30aa:	f8 94       	cli
    30ac:	de bf       	out	0x3e, r29	; 62
    30ae:	0f be       	out	0x3f, r0	; 63
    30b0:	cd bf       	out	0x3d, r28	; 61
    30b2:	8d 8f       	std	Y+29, r24	; 0x1d
	/* Control RS to Send Command */
	MDIO_vSetPinVal(LCD_CTRL_PORT, LCD_RS, DIO_LOW);
    30b4:	80 e0       	ldi	r24, 0x00	; 0
    30b6:	60 e0       	ldi	r22, 0x00	; 0
    30b8:	40 e0       	ldi	r20, 0x00	; 0
    30ba:	0e 94 6d 0e 	call	0x1cda	; 0x1cda <MDIO_vSetPinVal>

	/* Reset RW to Enable Writing */
	MDIO_vSetPinVal(LCD_CTRL_PORT, LCD_RW, DIO_LOW);
    30be:	80 e0       	ldi	r24, 0x00	; 0
    30c0:	61 e0       	ldi	r22, 0x01	; 1
    30c2:	40 e0       	ldi	r20, 0x00	; 0
    30c4:	0e 94 6d 0e 	call	0x1cda	; 0x1cda <MDIO_vSetPinVal>

	/* Write instruction */
	MDIO_vSetPortVal(LCD_DATA_PORT, A_u8cmd);
    30c8:	82 e0       	ldi	r24, 0x02	; 2
    30ca:	6d 8d       	ldd	r22, Y+29	; 0x1d
    30cc:	0e 94 1f 10 	call	0x203e	; 0x203e <MDIO_vSetPortVal>

	/* Pulse on Enable */
	MDIO_vSetPinVal(LCD_CTRL_PORT, LCD_E, DIO_HIGH);
    30d0:	80 e0       	ldi	r24, 0x00	; 0
    30d2:	62 e0       	ldi	r22, 0x02	; 2
    30d4:	41 e0       	ldi	r20, 0x01	; 1
    30d6:	0e 94 6d 0e 	call	0x1cda	; 0x1cda <MDIO_vSetPinVal>
    30da:	80 e0       	ldi	r24, 0x00	; 0
    30dc:	90 e0       	ldi	r25, 0x00	; 0
    30de:	a0 e8       	ldi	r26, 0x80	; 128
    30e0:	bf e3       	ldi	r27, 0x3F	; 63
    30e2:	89 8f       	std	Y+25, r24	; 0x19
    30e4:	9a 8f       	std	Y+26, r25	; 0x1a
    30e6:	ab 8f       	std	Y+27, r26	; 0x1b
    30e8:	bc 8f       	std	Y+28, r27	; 0x1c
 */
void
_delay_ms(double __ms)
{
	uint16_t __ticks;
	double __tmp = ((F_CPU) / 4e3) * __ms;
    30ea:	69 8d       	ldd	r22, Y+25	; 0x19
    30ec:	7a 8d       	ldd	r23, Y+26	; 0x1a
    30ee:	8b 8d       	ldd	r24, Y+27	; 0x1b
    30f0:	9c 8d       	ldd	r25, Y+28	; 0x1c
    30f2:	20 e0       	ldi	r18, 0x00	; 0
    30f4:	30 e0       	ldi	r19, 0x00	; 0
    30f6:	4a ef       	ldi	r20, 0xFA	; 250
    30f8:	54 e4       	ldi	r21, 0x44	; 68
    30fa:	0e 94 1f 02 	call	0x43e	; 0x43e <__mulsf3>
    30fe:	dc 01       	movw	r26, r24
    3100:	cb 01       	movw	r24, r22
    3102:	8d 8b       	std	Y+21, r24	; 0x15
    3104:	9e 8b       	std	Y+22, r25	; 0x16
    3106:	af 8b       	std	Y+23, r26	; 0x17
    3108:	b8 8f       	std	Y+24, r27	; 0x18
	if (__tmp < 1.0)
    310a:	6d 89       	ldd	r22, Y+21	; 0x15
    310c:	7e 89       	ldd	r23, Y+22	; 0x16
    310e:	8f 89       	ldd	r24, Y+23	; 0x17
    3110:	98 8d       	ldd	r25, Y+24	; 0x18
    3112:	20 e0       	ldi	r18, 0x00	; 0
    3114:	30 e0       	ldi	r19, 0x00	; 0
    3116:	40 e8       	ldi	r20, 0x80	; 128
    3118:	5f e3       	ldi	r21, 0x3F	; 63
    311a:	0e 94 79 03 	call	0x6f2	; 0x6f2 <__ltsf2>
    311e:	88 23       	and	r24, r24
    3120:	2c f4       	brge	.+10     	; 0x312c <HLCD_vSendCmd+0x8e>
		__ticks = 1;
    3122:	81 e0       	ldi	r24, 0x01	; 1
    3124:	90 e0       	ldi	r25, 0x00	; 0
    3126:	9c 8b       	std	Y+20, r25	; 0x14
    3128:	8b 8b       	std	Y+19, r24	; 0x13
    312a:	3f c0       	rjmp	.+126    	; 0x31aa <HLCD_vSendCmd+0x10c>
	else if (__tmp > 65535)
    312c:	6d 89       	ldd	r22, Y+21	; 0x15
    312e:	7e 89       	ldd	r23, Y+22	; 0x16
    3130:	8f 89       	ldd	r24, Y+23	; 0x17
    3132:	98 8d       	ldd	r25, Y+24	; 0x18
    3134:	20 e0       	ldi	r18, 0x00	; 0
    3136:	3f ef       	ldi	r19, 0xFF	; 255
    3138:	4f e7       	ldi	r20, 0x7F	; 127
    313a:	57 e4       	ldi	r21, 0x47	; 71
    313c:	0e 94 19 03 	call	0x632	; 0x632 <__gtsf2>
    3140:	18 16       	cp	r1, r24
    3142:	4c f5       	brge	.+82     	; 0x3196 <HLCD_vSendCmd+0xf8>
	{
		//	__ticks = requested delay in 1/10 ms
		__ticks = (uint16_t) (__ms * 10.0);
    3144:	69 8d       	ldd	r22, Y+25	; 0x19
    3146:	7a 8d       	ldd	r23, Y+26	; 0x1a
    3148:	8b 8d       	ldd	r24, Y+27	; 0x1b
    314a:	9c 8d       	ldd	r25, Y+28	; 0x1c
    314c:	20 e0       	ldi	r18, 0x00	; 0
    314e:	30 e0       	ldi	r19, 0x00	; 0
    3150:	40 e2       	ldi	r20, 0x20	; 32
    3152:	51 e4       	ldi	r21, 0x41	; 65
    3154:	0e 94 1f 02 	call	0x43e	; 0x43e <__mulsf3>
    3158:	dc 01       	movw	r26, r24
    315a:	cb 01       	movw	r24, r22
    315c:	bc 01       	movw	r22, r24
    315e:	cd 01       	movw	r24, r26
    3160:	0e 94 49 00 	call	0x92	; 0x92 <__fixunssfsi>
    3164:	dc 01       	movw	r26, r24
    3166:	cb 01       	movw	r24, r22
    3168:	9c 8b       	std	Y+20, r25	; 0x14
    316a:	8b 8b       	std	Y+19, r24	; 0x13
    316c:	0f c0       	rjmp	.+30     	; 0x318c <HLCD_vSendCmd+0xee>
    316e:	88 ec       	ldi	r24, 0xC8	; 200
    3170:	90 e0       	ldi	r25, 0x00	; 0
    3172:	9a 8b       	std	Y+18, r25	; 0x12
    3174:	89 8b       	std	Y+17, r24	; 0x11
    3176:	89 89       	ldd	r24, Y+17	; 0x11
    3178:	9a 89       	ldd	r25, Y+18	; 0x12
    317a:	01 97       	sbiw	r24, 0x01	; 1
    317c:	f1 f7       	brne	.-4      	; 0x317a <HLCD_vSendCmd+0xdc>
    317e:	9a 8b       	std	Y+18, r25	; 0x12
    3180:	89 8b       	std	Y+17, r24	; 0x11
		while(__ticks)
		{
			// wait 1/10 ms
			_delay_loop_2(((F_CPU) / 4e3) / 10);
			__ticks --;
    3182:	8b 89       	ldd	r24, Y+19	; 0x13
    3184:	9c 89       	ldd	r25, Y+20	; 0x14
    3186:	01 97       	sbiw	r24, 0x01	; 1
    3188:	9c 8b       	std	Y+20, r25	; 0x14
    318a:	8b 8b       	std	Y+19, r24	; 0x13
		__ticks = 1;
	else if (__tmp > 65535)
	{
		//	__ticks = requested delay in 1/10 ms
		__ticks = (uint16_t) (__ms * 10.0);
		while(__ticks)
    318c:	8b 89       	ldd	r24, Y+19	; 0x13
    318e:	9c 89       	ldd	r25, Y+20	; 0x14
    3190:	00 97       	sbiw	r24, 0x00	; 0
    3192:	69 f7       	brne	.-38     	; 0x316e <HLCD_vSendCmd+0xd0>
    3194:	14 c0       	rjmp	.+40     	; 0x31be <HLCD_vSendCmd+0x120>
			__ticks --;
		}
		return;
	}
	else
		__ticks = (uint16_t)__tmp;
    3196:	6d 89       	ldd	r22, Y+21	; 0x15
    3198:	7e 89       	ldd	r23, Y+22	; 0x16
    319a:	8f 89       	ldd	r24, Y+23	; 0x17
    319c:	98 8d       	ldd	r25, Y+24	; 0x18
    319e:	0e 94 49 00 	call	0x92	; 0x92 <__fixunssfsi>
    31a2:	dc 01       	movw	r26, r24
    31a4:	cb 01       	movw	r24, r22
    31a6:	9c 8b       	std	Y+20, r25	; 0x14
    31a8:	8b 8b       	std	Y+19, r24	; 0x13
    31aa:	8b 89       	ldd	r24, Y+19	; 0x13
    31ac:	9c 89       	ldd	r25, Y+20	; 0x14
    31ae:	98 8b       	std	Y+16, r25	; 0x10
    31b0:	8f 87       	std	Y+15, r24	; 0x0f
    31b2:	8f 85       	ldd	r24, Y+15	; 0x0f
    31b4:	98 89       	ldd	r25, Y+16	; 0x10
    31b6:	01 97       	sbiw	r24, 0x01	; 1
    31b8:	f1 f7       	brne	.-4      	; 0x31b6 <HLCD_vSendCmd+0x118>
    31ba:	98 8b       	std	Y+16, r25	; 0x10
    31bc:	8f 87       	std	Y+15, r24	; 0x0f
	_delay_ms(1);
	MDIO_vSetPinVal(LCD_CTRL_PORT, LCD_E, DIO_LOW);
    31be:	80 e0       	ldi	r24, 0x00	; 0
    31c0:	62 e0       	ldi	r22, 0x02	; 2
    31c2:	40 e0       	ldi	r20, 0x00	; 0
    31c4:	0e 94 6d 0e 	call	0x1cda	; 0x1cda <MDIO_vSetPinVal>
    31c8:	80 e0       	ldi	r24, 0x00	; 0
    31ca:	90 e0       	ldi	r25, 0x00	; 0
    31cc:	a0 e8       	ldi	r26, 0x80	; 128
    31ce:	bf e3       	ldi	r27, 0x3F	; 63
    31d0:	8b 87       	std	Y+11, r24	; 0x0b
    31d2:	9c 87       	std	Y+12, r25	; 0x0c
    31d4:	ad 87       	std	Y+13, r26	; 0x0d
    31d6:	be 87       	std	Y+14, r27	; 0x0e
 */
void
_delay_ms(double __ms)
{
	uint16_t __ticks;
	double __tmp = ((F_CPU) / 4e3) * __ms;
    31d8:	6b 85       	ldd	r22, Y+11	; 0x0b
    31da:	7c 85       	ldd	r23, Y+12	; 0x0c
    31dc:	8d 85       	ldd	r24, Y+13	; 0x0d
    31de:	9e 85       	ldd	r25, Y+14	; 0x0e
    31e0:	20 e0       	ldi	r18, 0x00	; 0
    31e2:	30 e0       	ldi	r19, 0x00	; 0
    31e4:	4a ef       	ldi	r20, 0xFA	; 250
    31e6:	54 e4       	ldi	r21, 0x44	; 68
    31e8:	0e 94 1f 02 	call	0x43e	; 0x43e <__mulsf3>
    31ec:	dc 01       	movw	r26, r24
    31ee:	cb 01       	movw	r24, r22
    31f0:	8f 83       	std	Y+7, r24	; 0x07
    31f2:	98 87       	std	Y+8, r25	; 0x08
    31f4:	a9 87       	std	Y+9, r26	; 0x09
    31f6:	ba 87       	std	Y+10, r27	; 0x0a
	if (__tmp < 1.0)
    31f8:	6f 81       	ldd	r22, Y+7	; 0x07
    31fa:	78 85       	ldd	r23, Y+8	; 0x08
    31fc:	89 85       	ldd	r24, Y+9	; 0x09
    31fe:	9a 85       	ldd	r25, Y+10	; 0x0a
    3200:	20 e0       	ldi	r18, 0x00	; 0
    3202:	30 e0       	ldi	r19, 0x00	; 0
    3204:	40 e8       	ldi	r20, 0x80	; 128
    3206:	5f e3       	ldi	r21, 0x3F	; 63
    3208:	0e 94 79 03 	call	0x6f2	; 0x6f2 <__ltsf2>
    320c:	88 23       	and	r24, r24
    320e:	2c f4       	brge	.+10     	; 0x321a <HLCD_vSendCmd+0x17c>
		__ticks = 1;
    3210:	81 e0       	ldi	r24, 0x01	; 1
    3212:	90 e0       	ldi	r25, 0x00	; 0
    3214:	9e 83       	std	Y+6, r25	; 0x06
    3216:	8d 83       	std	Y+5, r24	; 0x05
    3218:	3f c0       	rjmp	.+126    	; 0x3298 <HLCD_vSendCmd+0x1fa>
	else if (__tmp > 65535)
    321a:	6f 81       	ldd	r22, Y+7	; 0x07
    321c:	78 85       	ldd	r23, Y+8	; 0x08
    321e:	89 85       	ldd	r24, Y+9	; 0x09
    3220:	9a 85       	ldd	r25, Y+10	; 0x0a
    3222:	20 e0       	ldi	r18, 0x00	; 0
    3224:	3f ef       	ldi	r19, 0xFF	; 255
    3226:	4f e7       	ldi	r20, 0x7F	; 127
    3228:	57 e4       	ldi	r21, 0x47	; 71
    322a:	0e 94 19 03 	call	0x632	; 0x632 <__gtsf2>
    322e:	18 16       	cp	r1, r24
    3230:	4c f5       	brge	.+82     	; 0x3284 <HLCD_vSendCmd+0x1e6>
	{
		//	__ticks = requested delay in 1/10 ms
		__ticks = (uint16_t) (__ms * 10.0);
    3232:	6b 85       	ldd	r22, Y+11	; 0x0b
    3234:	7c 85       	ldd	r23, Y+12	; 0x0c
    3236:	8d 85       	ldd	r24, Y+13	; 0x0d
    3238:	9e 85       	ldd	r25, Y+14	; 0x0e
    323a:	20 e0       	ldi	r18, 0x00	; 0
    323c:	30 e0       	ldi	r19, 0x00	; 0
    323e:	40 e2       	ldi	r20, 0x20	; 32
    3240:	51 e4       	ldi	r21, 0x41	; 65
    3242:	0e 94 1f 02 	call	0x43e	; 0x43e <__mulsf3>
    3246:	dc 01       	movw	r26, r24
    3248:	cb 01       	movw	r24, r22
    324a:	bc 01       	movw	r22, r24
    324c:	cd 01       	movw	r24, r26
    324e:	0e 94 49 00 	call	0x92	; 0x92 <__fixunssfsi>
    3252:	dc 01       	movw	r26, r24
    3254:	cb 01       	movw	r24, r22
    3256:	9e 83       	std	Y+6, r25	; 0x06
    3258:	8d 83       	std	Y+5, r24	; 0x05
    325a:	0f c0       	rjmp	.+30     	; 0x327a <HLCD_vSendCmd+0x1dc>
    325c:	88 ec       	ldi	r24, 0xC8	; 200
    325e:	90 e0       	ldi	r25, 0x00	; 0
    3260:	9c 83       	std	Y+4, r25	; 0x04
    3262:	8b 83       	std	Y+3, r24	; 0x03
    3264:	8b 81       	ldd	r24, Y+3	; 0x03
    3266:	9c 81       	ldd	r25, Y+4	; 0x04
    3268:	01 97       	sbiw	r24, 0x01	; 1
    326a:	f1 f7       	brne	.-4      	; 0x3268 <HLCD_vSendCmd+0x1ca>
    326c:	9c 83       	std	Y+4, r25	; 0x04
    326e:	8b 83       	std	Y+3, r24	; 0x03
		while(__ticks)
		{
			// wait 1/10 ms
			_delay_loop_2(((F_CPU) / 4e3) / 10);
			__ticks --;
    3270:	8d 81       	ldd	r24, Y+5	; 0x05
    3272:	9e 81       	ldd	r25, Y+6	; 0x06
    3274:	01 97       	sbiw	r24, 0x01	; 1
    3276:	9e 83       	std	Y+6, r25	; 0x06
    3278:	8d 83       	std	Y+5, r24	; 0x05
		__ticks = 1;
	else if (__tmp > 65535)
	{
		//	__ticks = requested delay in 1/10 ms
		__ticks = (uint16_t) (__ms * 10.0);
		while(__ticks)
    327a:	8d 81       	ldd	r24, Y+5	; 0x05
    327c:	9e 81       	ldd	r25, Y+6	; 0x06
    327e:	00 97       	sbiw	r24, 0x00	; 0
    3280:	69 f7       	brne	.-38     	; 0x325c <HLCD_vSendCmd+0x1be>
    3282:	14 c0       	rjmp	.+40     	; 0x32ac <HLCD_vSendCmd+0x20e>
			__ticks --;
		}
		return;
	}
	else
		__ticks = (uint16_t)__tmp;
    3284:	6f 81       	ldd	r22, Y+7	; 0x07
    3286:	78 85       	ldd	r23, Y+8	; 0x08
    3288:	89 85       	ldd	r24, Y+9	; 0x09
    328a:	9a 85       	ldd	r25, Y+10	; 0x0a
    328c:	0e 94 49 00 	call	0x92	; 0x92 <__fixunssfsi>
    3290:	dc 01       	movw	r26, r24
    3292:	cb 01       	movw	r24, r22
    3294:	9e 83       	std	Y+6, r25	; 0x06
    3296:	8d 83       	std	Y+5, r24	; 0x05
    3298:	8d 81       	ldd	r24, Y+5	; 0x05
    329a:	9e 81       	ldd	r25, Y+6	; 0x06
    329c:	9a 83       	std	Y+2, r25	; 0x02
    329e:	89 83       	std	Y+1, r24	; 0x01
    32a0:	89 81       	ldd	r24, Y+1	; 0x01
    32a2:	9a 81       	ldd	r25, Y+2	; 0x02
    32a4:	01 97       	sbiw	r24, 0x01	; 1
    32a6:	f1 f7       	brne	.-4      	; 0x32a4 <HLCD_vSendCmd+0x206>
    32a8:	9a 83       	std	Y+2, r25	; 0x02
    32aa:	89 83       	std	Y+1, r24	; 0x01
	_delay_ms(1);

}
    32ac:	6d 96       	adiw	r28, 0x1d	; 29
    32ae:	0f b6       	in	r0, 0x3f	; 63
    32b0:	f8 94       	cli
    32b2:	de bf       	out	0x3e, r29	; 62
    32b4:	0f be       	out	0x3f, r0	; 63
    32b6:	cd bf       	out	0x3d, r28	; 61
    32b8:	cf 91       	pop	r28
    32ba:	df 91       	pop	r29
    32bc:	08 95       	ret

000032be <HLCD_vSendChar>:
void HLCD_vSendChar(u8 A_u8Char)
{
    32be:	df 93       	push	r29
    32c0:	cf 93       	push	r28
    32c2:	cd b7       	in	r28, 0x3d	; 61
    32c4:	de b7       	in	r29, 0x3e	; 62
    32c6:	6d 97       	sbiw	r28, 0x1d	; 29
    32c8:	0f b6       	in	r0, 0x3f	; 63
    32ca:	f8 94       	cli
    32cc:	de bf       	out	0x3e, r29	; 62
    32ce:	0f be       	out	0x3f, r0	; 63
    32d0:	cd bf       	out	0x3d, r28	; 61
    32d2:	8d 8f       	std	Y+29, r24	; 0x1d
	/* Control RS to Send Data */
	MDIO_vSetPinVal(LCD_CTRL_PORT, LCD_RS, DIO_HIGH);
    32d4:	80 e0       	ldi	r24, 0x00	; 0
    32d6:	60 e0       	ldi	r22, 0x00	; 0
    32d8:	41 e0       	ldi	r20, 0x01	; 1
    32da:	0e 94 6d 0e 	call	0x1cda	; 0x1cda <MDIO_vSetPinVal>

	/* Reset RW to Enable Writing */
	MDIO_vSetPinVal(LCD_CTRL_PORT, LCD_RW, DIO_LOW);
    32de:	80 e0       	ldi	r24, 0x00	; 0
    32e0:	61 e0       	ldi	r22, 0x01	; 1
    32e2:	40 e0       	ldi	r20, 0x00	; 0
    32e4:	0e 94 6d 0e 	call	0x1cda	; 0x1cda <MDIO_vSetPinVal>

	/* Write instruction */
	MDIO_vSetPortVal(LCD_DATA_PORT, A_u8Char);
    32e8:	82 e0       	ldi	r24, 0x02	; 2
    32ea:	6d 8d       	ldd	r22, Y+29	; 0x1d
    32ec:	0e 94 1f 10 	call	0x203e	; 0x203e <MDIO_vSetPortVal>

	/* Pulse on Enable */
	MDIO_vSetPinVal(LCD_CTRL_PORT, LCD_E, DIO_HIGH);
    32f0:	80 e0       	ldi	r24, 0x00	; 0
    32f2:	62 e0       	ldi	r22, 0x02	; 2
    32f4:	41 e0       	ldi	r20, 0x01	; 1
    32f6:	0e 94 6d 0e 	call	0x1cda	; 0x1cda <MDIO_vSetPinVal>
    32fa:	80 e0       	ldi	r24, 0x00	; 0
    32fc:	90 e0       	ldi	r25, 0x00	; 0
    32fe:	a0 e8       	ldi	r26, 0x80	; 128
    3300:	bf e3       	ldi	r27, 0x3F	; 63
    3302:	89 8f       	std	Y+25, r24	; 0x19
    3304:	9a 8f       	std	Y+26, r25	; 0x1a
    3306:	ab 8f       	std	Y+27, r26	; 0x1b
    3308:	bc 8f       	std	Y+28, r27	; 0x1c
 */
void
_delay_ms(double __ms)
{
	uint16_t __ticks;
	double __tmp = ((F_CPU) / 4e3) * __ms;
    330a:	69 8d       	ldd	r22, Y+25	; 0x19
    330c:	7a 8d       	ldd	r23, Y+26	; 0x1a
    330e:	8b 8d       	ldd	r24, Y+27	; 0x1b
    3310:	9c 8d       	ldd	r25, Y+28	; 0x1c
    3312:	20 e0       	ldi	r18, 0x00	; 0
    3314:	30 e0       	ldi	r19, 0x00	; 0
    3316:	4a ef       	ldi	r20, 0xFA	; 250
    3318:	54 e4       	ldi	r21, 0x44	; 68
    331a:	0e 94 1f 02 	call	0x43e	; 0x43e <__mulsf3>
    331e:	dc 01       	movw	r26, r24
    3320:	cb 01       	movw	r24, r22
    3322:	8d 8b       	std	Y+21, r24	; 0x15
    3324:	9e 8b       	std	Y+22, r25	; 0x16
    3326:	af 8b       	std	Y+23, r26	; 0x17
    3328:	b8 8f       	std	Y+24, r27	; 0x18
	if (__tmp < 1.0)
    332a:	6d 89       	ldd	r22, Y+21	; 0x15
    332c:	7e 89       	ldd	r23, Y+22	; 0x16
    332e:	8f 89       	ldd	r24, Y+23	; 0x17
    3330:	98 8d       	ldd	r25, Y+24	; 0x18
    3332:	20 e0       	ldi	r18, 0x00	; 0
    3334:	30 e0       	ldi	r19, 0x00	; 0
    3336:	40 e8       	ldi	r20, 0x80	; 128
    3338:	5f e3       	ldi	r21, 0x3F	; 63
    333a:	0e 94 79 03 	call	0x6f2	; 0x6f2 <__ltsf2>
    333e:	88 23       	and	r24, r24
    3340:	2c f4       	brge	.+10     	; 0x334c <HLCD_vSendChar+0x8e>
		__ticks = 1;
    3342:	81 e0       	ldi	r24, 0x01	; 1
    3344:	90 e0       	ldi	r25, 0x00	; 0
    3346:	9c 8b       	std	Y+20, r25	; 0x14
    3348:	8b 8b       	std	Y+19, r24	; 0x13
    334a:	3f c0       	rjmp	.+126    	; 0x33ca <HLCD_vSendChar+0x10c>
	else if (__tmp > 65535)
    334c:	6d 89       	ldd	r22, Y+21	; 0x15
    334e:	7e 89       	ldd	r23, Y+22	; 0x16
    3350:	8f 89       	ldd	r24, Y+23	; 0x17
    3352:	98 8d       	ldd	r25, Y+24	; 0x18
    3354:	20 e0       	ldi	r18, 0x00	; 0
    3356:	3f ef       	ldi	r19, 0xFF	; 255
    3358:	4f e7       	ldi	r20, 0x7F	; 127
    335a:	57 e4       	ldi	r21, 0x47	; 71
    335c:	0e 94 19 03 	call	0x632	; 0x632 <__gtsf2>
    3360:	18 16       	cp	r1, r24
    3362:	4c f5       	brge	.+82     	; 0x33b6 <HLCD_vSendChar+0xf8>
	{
		//	__ticks = requested delay in 1/10 ms
		__ticks = (uint16_t) (__ms * 10.0);
    3364:	69 8d       	ldd	r22, Y+25	; 0x19
    3366:	7a 8d       	ldd	r23, Y+26	; 0x1a
    3368:	8b 8d       	ldd	r24, Y+27	; 0x1b
    336a:	9c 8d       	ldd	r25, Y+28	; 0x1c
    336c:	20 e0       	ldi	r18, 0x00	; 0
    336e:	30 e0       	ldi	r19, 0x00	; 0
    3370:	40 e2       	ldi	r20, 0x20	; 32
    3372:	51 e4       	ldi	r21, 0x41	; 65
    3374:	0e 94 1f 02 	call	0x43e	; 0x43e <__mulsf3>
    3378:	dc 01       	movw	r26, r24
    337a:	cb 01       	movw	r24, r22
    337c:	bc 01       	movw	r22, r24
    337e:	cd 01       	movw	r24, r26
    3380:	0e 94 49 00 	call	0x92	; 0x92 <__fixunssfsi>
    3384:	dc 01       	movw	r26, r24
    3386:	cb 01       	movw	r24, r22
    3388:	9c 8b       	std	Y+20, r25	; 0x14
    338a:	8b 8b       	std	Y+19, r24	; 0x13
    338c:	0f c0       	rjmp	.+30     	; 0x33ac <HLCD_vSendChar+0xee>
    338e:	88 ec       	ldi	r24, 0xC8	; 200
    3390:	90 e0       	ldi	r25, 0x00	; 0
    3392:	9a 8b       	std	Y+18, r25	; 0x12
    3394:	89 8b       	std	Y+17, r24	; 0x11
    3396:	89 89       	ldd	r24, Y+17	; 0x11
    3398:	9a 89       	ldd	r25, Y+18	; 0x12
    339a:	01 97       	sbiw	r24, 0x01	; 1
    339c:	f1 f7       	brne	.-4      	; 0x339a <HLCD_vSendChar+0xdc>
    339e:	9a 8b       	std	Y+18, r25	; 0x12
    33a0:	89 8b       	std	Y+17, r24	; 0x11
		while(__ticks)
		{
			// wait 1/10 ms
			_delay_loop_2(((F_CPU) / 4e3) / 10);
			__ticks --;
    33a2:	8b 89       	ldd	r24, Y+19	; 0x13
    33a4:	9c 89       	ldd	r25, Y+20	; 0x14
    33a6:	01 97       	sbiw	r24, 0x01	; 1
    33a8:	9c 8b       	std	Y+20, r25	; 0x14
    33aa:	8b 8b       	std	Y+19, r24	; 0x13
		__ticks = 1;
	else if (__tmp > 65535)
	{
		//	__ticks = requested delay in 1/10 ms
		__ticks = (uint16_t) (__ms * 10.0);
		while(__ticks)
    33ac:	8b 89       	ldd	r24, Y+19	; 0x13
    33ae:	9c 89       	ldd	r25, Y+20	; 0x14
    33b0:	00 97       	sbiw	r24, 0x00	; 0
    33b2:	69 f7       	brne	.-38     	; 0x338e <HLCD_vSendChar+0xd0>
    33b4:	14 c0       	rjmp	.+40     	; 0x33de <HLCD_vSendChar+0x120>
			__ticks --;
		}
		return;
	}
	else
		__ticks = (uint16_t)__tmp;
    33b6:	6d 89       	ldd	r22, Y+21	; 0x15
    33b8:	7e 89       	ldd	r23, Y+22	; 0x16
    33ba:	8f 89       	ldd	r24, Y+23	; 0x17
    33bc:	98 8d       	ldd	r25, Y+24	; 0x18
    33be:	0e 94 49 00 	call	0x92	; 0x92 <__fixunssfsi>
    33c2:	dc 01       	movw	r26, r24
    33c4:	cb 01       	movw	r24, r22
    33c6:	9c 8b       	std	Y+20, r25	; 0x14
    33c8:	8b 8b       	std	Y+19, r24	; 0x13
    33ca:	8b 89       	ldd	r24, Y+19	; 0x13
    33cc:	9c 89       	ldd	r25, Y+20	; 0x14
    33ce:	98 8b       	std	Y+16, r25	; 0x10
    33d0:	8f 87       	std	Y+15, r24	; 0x0f
    33d2:	8f 85       	ldd	r24, Y+15	; 0x0f
    33d4:	98 89       	ldd	r25, Y+16	; 0x10
    33d6:	01 97       	sbiw	r24, 0x01	; 1
    33d8:	f1 f7       	brne	.-4      	; 0x33d6 <HLCD_vSendChar+0x118>
    33da:	98 8b       	std	Y+16, r25	; 0x10
    33dc:	8f 87       	std	Y+15, r24	; 0x0f
	_delay_ms(1);
	MDIO_vSetPinVal(LCD_CTRL_PORT, LCD_E, DIO_LOW);
    33de:	80 e0       	ldi	r24, 0x00	; 0
    33e0:	62 e0       	ldi	r22, 0x02	; 2
    33e2:	40 e0       	ldi	r20, 0x00	; 0
    33e4:	0e 94 6d 0e 	call	0x1cda	; 0x1cda <MDIO_vSetPinVal>
    33e8:	80 e0       	ldi	r24, 0x00	; 0
    33ea:	90 e0       	ldi	r25, 0x00	; 0
    33ec:	a0 e8       	ldi	r26, 0x80	; 128
    33ee:	bf e3       	ldi	r27, 0x3F	; 63
    33f0:	8b 87       	std	Y+11, r24	; 0x0b
    33f2:	9c 87       	std	Y+12, r25	; 0x0c
    33f4:	ad 87       	std	Y+13, r26	; 0x0d
    33f6:	be 87       	std	Y+14, r27	; 0x0e
 */
void
_delay_ms(double __ms)
{
	uint16_t __ticks;
	double __tmp = ((F_CPU) / 4e3) * __ms;
    33f8:	6b 85       	ldd	r22, Y+11	; 0x0b
    33fa:	7c 85       	ldd	r23, Y+12	; 0x0c
    33fc:	8d 85       	ldd	r24, Y+13	; 0x0d
    33fe:	9e 85       	ldd	r25, Y+14	; 0x0e
    3400:	20 e0       	ldi	r18, 0x00	; 0
    3402:	30 e0       	ldi	r19, 0x00	; 0
    3404:	4a ef       	ldi	r20, 0xFA	; 250
    3406:	54 e4       	ldi	r21, 0x44	; 68
    3408:	0e 94 1f 02 	call	0x43e	; 0x43e <__mulsf3>
    340c:	dc 01       	movw	r26, r24
    340e:	cb 01       	movw	r24, r22
    3410:	8f 83       	std	Y+7, r24	; 0x07
    3412:	98 87       	std	Y+8, r25	; 0x08
    3414:	a9 87       	std	Y+9, r26	; 0x09
    3416:	ba 87       	std	Y+10, r27	; 0x0a
	if (__tmp < 1.0)
    3418:	6f 81       	ldd	r22, Y+7	; 0x07
    341a:	78 85       	ldd	r23, Y+8	; 0x08
    341c:	89 85       	ldd	r24, Y+9	; 0x09
    341e:	9a 85       	ldd	r25, Y+10	; 0x0a
    3420:	20 e0       	ldi	r18, 0x00	; 0
    3422:	30 e0       	ldi	r19, 0x00	; 0
    3424:	40 e8       	ldi	r20, 0x80	; 128
    3426:	5f e3       	ldi	r21, 0x3F	; 63
    3428:	0e 94 79 03 	call	0x6f2	; 0x6f2 <__ltsf2>
    342c:	88 23       	and	r24, r24
    342e:	2c f4       	brge	.+10     	; 0x343a <HLCD_vSendChar+0x17c>
		__ticks = 1;
    3430:	81 e0       	ldi	r24, 0x01	; 1
    3432:	90 e0       	ldi	r25, 0x00	; 0
    3434:	9e 83       	std	Y+6, r25	; 0x06
    3436:	8d 83       	std	Y+5, r24	; 0x05
    3438:	3f c0       	rjmp	.+126    	; 0x34b8 <HLCD_vSendChar+0x1fa>
	else if (__tmp > 65535)
    343a:	6f 81       	ldd	r22, Y+7	; 0x07
    343c:	78 85       	ldd	r23, Y+8	; 0x08
    343e:	89 85       	ldd	r24, Y+9	; 0x09
    3440:	9a 85       	ldd	r25, Y+10	; 0x0a
    3442:	20 e0       	ldi	r18, 0x00	; 0
    3444:	3f ef       	ldi	r19, 0xFF	; 255
    3446:	4f e7       	ldi	r20, 0x7F	; 127
    3448:	57 e4       	ldi	r21, 0x47	; 71
    344a:	0e 94 19 03 	call	0x632	; 0x632 <__gtsf2>
    344e:	18 16       	cp	r1, r24
    3450:	4c f5       	brge	.+82     	; 0x34a4 <HLCD_vSendChar+0x1e6>
	{
		//	__ticks = requested delay in 1/10 ms
		__ticks = (uint16_t) (__ms * 10.0);
    3452:	6b 85       	ldd	r22, Y+11	; 0x0b
    3454:	7c 85       	ldd	r23, Y+12	; 0x0c
    3456:	8d 85       	ldd	r24, Y+13	; 0x0d
    3458:	9e 85       	ldd	r25, Y+14	; 0x0e
    345a:	20 e0       	ldi	r18, 0x00	; 0
    345c:	30 e0       	ldi	r19, 0x00	; 0
    345e:	40 e2       	ldi	r20, 0x20	; 32
    3460:	51 e4       	ldi	r21, 0x41	; 65
    3462:	0e 94 1f 02 	call	0x43e	; 0x43e <__mulsf3>
    3466:	dc 01       	movw	r26, r24
    3468:	cb 01       	movw	r24, r22
    346a:	bc 01       	movw	r22, r24
    346c:	cd 01       	movw	r24, r26
    346e:	0e 94 49 00 	call	0x92	; 0x92 <__fixunssfsi>
    3472:	dc 01       	movw	r26, r24
    3474:	cb 01       	movw	r24, r22
    3476:	9e 83       	std	Y+6, r25	; 0x06
    3478:	8d 83       	std	Y+5, r24	; 0x05
    347a:	0f c0       	rjmp	.+30     	; 0x349a <HLCD_vSendChar+0x1dc>
    347c:	88 ec       	ldi	r24, 0xC8	; 200
    347e:	90 e0       	ldi	r25, 0x00	; 0
    3480:	9c 83       	std	Y+4, r25	; 0x04
    3482:	8b 83       	std	Y+3, r24	; 0x03
    3484:	8b 81       	ldd	r24, Y+3	; 0x03
    3486:	9c 81       	ldd	r25, Y+4	; 0x04
    3488:	01 97       	sbiw	r24, 0x01	; 1
    348a:	f1 f7       	brne	.-4      	; 0x3488 <HLCD_vSendChar+0x1ca>
    348c:	9c 83       	std	Y+4, r25	; 0x04
    348e:	8b 83       	std	Y+3, r24	; 0x03
		while(__ticks)
		{
			// wait 1/10 ms
			_delay_loop_2(((F_CPU) / 4e3) / 10);
			__ticks --;
    3490:	8d 81       	ldd	r24, Y+5	; 0x05
    3492:	9e 81       	ldd	r25, Y+6	; 0x06
    3494:	01 97       	sbiw	r24, 0x01	; 1
    3496:	9e 83       	std	Y+6, r25	; 0x06
    3498:	8d 83       	std	Y+5, r24	; 0x05
		__ticks = 1;
	else if (__tmp > 65535)
	{
		//	__ticks = requested delay in 1/10 ms
		__ticks = (uint16_t) (__ms * 10.0);
		while(__ticks)
    349a:	8d 81       	ldd	r24, Y+5	; 0x05
    349c:	9e 81       	ldd	r25, Y+6	; 0x06
    349e:	00 97       	sbiw	r24, 0x00	; 0
    34a0:	69 f7       	brne	.-38     	; 0x347c <HLCD_vSendChar+0x1be>
    34a2:	14 c0       	rjmp	.+40     	; 0x34cc <HLCD_vSendChar+0x20e>
			__ticks --;
		}
		return;
	}
	else
		__ticks = (uint16_t)__tmp;
    34a4:	6f 81       	ldd	r22, Y+7	; 0x07
    34a6:	78 85       	ldd	r23, Y+8	; 0x08
    34a8:	89 85       	ldd	r24, Y+9	; 0x09
    34aa:	9a 85       	ldd	r25, Y+10	; 0x0a
    34ac:	0e 94 49 00 	call	0x92	; 0x92 <__fixunssfsi>
    34b0:	dc 01       	movw	r26, r24
    34b2:	cb 01       	movw	r24, r22
    34b4:	9e 83       	std	Y+6, r25	; 0x06
    34b6:	8d 83       	std	Y+5, r24	; 0x05
    34b8:	8d 81       	ldd	r24, Y+5	; 0x05
    34ba:	9e 81       	ldd	r25, Y+6	; 0x06
    34bc:	9a 83       	std	Y+2, r25	; 0x02
    34be:	89 83       	std	Y+1, r24	; 0x01
    34c0:	89 81       	ldd	r24, Y+1	; 0x01
    34c2:	9a 81       	ldd	r25, Y+2	; 0x02
    34c4:	01 97       	sbiw	r24, 0x01	; 1
    34c6:	f1 f7       	brne	.-4      	; 0x34c4 <HLCD_vSendChar+0x206>
    34c8:	9a 83       	std	Y+2, r25	; 0x02
    34ca:	89 83       	std	Y+1, r24	; 0x01
	_delay_ms(1);
}
    34cc:	6d 96       	adiw	r28, 0x1d	; 29
    34ce:	0f b6       	in	r0, 0x3f	; 63
    34d0:	f8 94       	cli
    34d2:	de bf       	out	0x3e, r29	; 62
    34d4:	0f be       	out	0x3f, r0	; 63
    34d6:	cd bf       	out	0x3d, r28	; 61
    34d8:	cf 91       	pop	r28
    34da:	df 91       	pop	r29
    34dc:	08 95       	ret

000034de <HLCD_vDisplayString>:

void HLCD_vDisplayString(const u8 A_s8Str[])
{
    34de:	df 93       	push	r29
    34e0:	cf 93       	push	r28
    34e2:	00 d0       	rcall	.+0      	; 0x34e4 <HLCD_vDisplayString+0x6>
    34e4:	0f 92       	push	r0
    34e6:	cd b7       	in	r28, 0x3d	; 61
    34e8:	de b7       	in	r29, 0x3e	; 62
    34ea:	9b 83       	std	Y+3, r25	; 0x03
    34ec:	8a 83       	std	Y+2, r24	; 0x02
	for(u8 L_u8index=0 ;A_s8Str[L_u8index] != '\0'; L_u8index++)
    34ee:	19 82       	std	Y+1, r1	; 0x01
    34f0:	0e c0       	rjmp	.+28     	; 0x350e <HLCD_vDisplayString+0x30>
	{
		HLCD_vSendChar(A_s8Str[L_u8index]);
    34f2:	89 81       	ldd	r24, Y+1	; 0x01
    34f4:	28 2f       	mov	r18, r24
    34f6:	30 e0       	ldi	r19, 0x00	; 0
    34f8:	8a 81       	ldd	r24, Y+2	; 0x02
    34fa:	9b 81       	ldd	r25, Y+3	; 0x03
    34fc:	fc 01       	movw	r30, r24
    34fe:	e2 0f       	add	r30, r18
    3500:	f3 1f       	adc	r31, r19
    3502:	80 81       	ld	r24, Z
    3504:	0e 94 5f 19 	call	0x32be	; 0x32be <HLCD_vSendChar>
	_delay_ms(1);
}

void HLCD_vDisplayString(const u8 A_s8Str[])
{
	for(u8 L_u8index=0 ;A_s8Str[L_u8index] != '\0'; L_u8index++)
    3508:	89 81       	ldd	r24, Y+1	; 0x01
    350a:	8f 5f       	subi	r24, 0xFF	; 255
    350c:	89 83       	std	Y+1, r24	; 0x01
    350e:	89 81       	ldd	r24, Y+1	; 0x01
    3510:	28 2f       	mov	r18, r24
    3512:	30 e0       	ldi	r19, 0x00	; 0
    3514:	8a 81       	ldd	r24, Y+2	; 0x02
    3516:	9b 81       	ldd	r25, Y+3	; 0x03
    3518:	fc 01       	movw	r30, r24
    351a:	e2 0f       	add	r30, r18
    351c:	f3 1f       	adc	r31, r19
    351e:	80 81       	ld	r24, Z
    3520:	88 23       	and	r24, r24
    3522:	39 f7       	brne	.-50     	; 0x34f2 <HLCD_vDisplayString+0x14>
	{
		HLCD_vSendChar(A_s8Str[L_u8index]);
	}
}
    3524:	0f 90       	pop	r0
    3526:	0f 90       	pop	r0
    3528:	0f 90       	pop	r0
    352a:	cf 91       	pop	r28
    352c:	df 91       	pop	r29
    352e:	08 95       	ret

00003530 <HLCD_vPrintNumber>:
void HLCD_vPrintNumber(u32 A_u32Number)
{
    3530:	0f 93       	push	r16
    3532:	1f 93       	push	r17
    3534:	df 93       	push	r29
    3536:	cf 93       	push	r28
    3538:	cd b7       	in	r28, 0x3d	; 61
    353a:	de b7       	in	r29, 0x3e	; 62
    353c:	60 97       	sbiw	r28, 0x10	; 16
    353e:	0f b6       	in	r0, 0x3f	; 63
    3540:	f8 94       	cli
    3542:	de bf       	out	0x3e, r29	; 62
    3544:	0f be       	out	0x3f, r0	; 63
    3546:	cd bf       	out	0x3d, r28	; 61
    3548:	6d 87       	std	Y+13, r22	; 0x0d
    354a:	7e 87       	std	Y+14, r23	; 0x0e
    354c:	8f 87       	std	Y+15, r24	; 0x0f
    354e:	98 8b       	std	Y+16, r25	; 0x10
	u8 L_u8index = 0;
    3550:	1a 82       	std	Y+2, r1	; 0x02
	u8 L_u8digits[10] = {0};
    3552:	8a e0       	ldi	r24, 0x0A	; 10
    3554:	fe 01       	movw	r30, r28
    3556:	33 96       	adiw	r30, 0x03	; 3
    3558:	df 01       	movw	r26, r30
    355a:	98 2f       	mov	r25, r24
    355c:	1d 92       	st	X+, r1
    355e:	9a 95       	dec	r25
    3560:	e9 f7       	brne	.-6      	; 0x355c <HLCD_vPrintNumber+0x2c>
    3562:	2e c0       	rjmp	.+92     	; 0x35c0 <HLCD_vPrintNumber+0x90>

	/* Extract digits */
	while(A_u32Number > 0)
	{
		L_u8digits[L_u8index] = A_u32Number%10 + '0';
    3564:	8a 81       	ldd	r24, Y+2	; 0x02
    3566:	08 2f       	mov	r16, r24
    3568:	10 e0       	ldi	r17, 0x00	; 0
    356a:	8d 85       	ldd	r24, Y+13	; 0x0d
    356c:	9e 85       	ldd	r25, Y+14	; 0x0e
    356e:	af 85       	ldd	r26, Y+15	; 0x0f
    3570:	b8 89       	ldd	r27, Y+16	; 0x10
    3572:	2a e0       	ldi	r18, 0x0A	; 10
    3574:	30 e0       	ldi	r19, 0x00	; 0
    3576:	40 e0       	ldi	r20, 0x00	; 0
    3578:	50 e0       	ldi	r21, 0x00	; 0
    357a:	bc 01       	movw	r22, r24
    357c:	cd 01       	movw	r24, r26
    357e:	0e 94 99 31 	call	0x6332	; 0x6332 <__udivmodsi4>
    3582:	dc 01       	movw	r26, r24
    3584:	cb 01       	movw	r24, r22
    3586:	28 2f       	mov	r18, r24
    3588:	20 5d       	subi	r18, 0xD0	; 208
    358a:	ce 01       	movw	r24, r28
    358c:	03 96       	adiw	r24, 0x03	; 3
    358e:	fc 01       	movw	r30, r24
    3590:	e0 0f       	add	r30, r16
    3592:	f1 1f       	adc	r31, r17
    3594:	20 83       	st	Z, r18
		A_u32Number/=10;
    3596:	8d 85       	ldd	r24, Y+13	; 0x0d
    3598:	9e 85       	ldd	r25, Y+14	; 0x0e
    359a:	af 85       	ldd	r26, Y+15	; 0x0f
    359c:	b8 89       	ldd	r27, Y+16	; 0x10
    359e:	2a e0       	ldi	r18, 0x0A	; 10
    35a0:	30 e0       	ldi	r19, 0x00	; 0
    35a2:	40 e0       	ldi	r20, 0x00	; 0
    35a4:	50 e0       	ldi	r21, 0x00	; 0
    35a6:	bc 01       	movw	r22, r24
    35a8:	cd 01       	movw	r24, r26
    35aa:	0e 94 99 31 	call	0x6332	; 0x6332 <__udivmodsi4>
    35ae:	da 01       	movw	r26, r20
    35b0:	c9 01       	movw	r24, r18
    35b2:	8d 87       	std	Y+13, r24	; 0x0d
    35b4:	9e 87       	std	Y+14, r25	; 0x0e
    35b6:	af 87       	std	Y+15, r26	; 0x0f
    35b8:	b8 8b       	std	Y+16, r27	; 0x10
		L_u8index++;
    35ba:	8a 81       	ldd	r24, Y+2	; 0x02
    35bc:	8f 5f       	subi	r24, 0xFF	; 255
    35be:	8a 83       	std	Y+2, r24	; 0x02
{
	u8 L_u8index = 0;
	u8 L_u8digits[10] = {0};

	/* Extract digits */
	while(A_u32Number > 0)
    35c0:	8d 85       	ldd	r24, Y+13	; 0x0d
    35c2:	9e 85       	ldd	r25, Y+14	; 0x0e
    35c4:	af 85       	ldd	r26, Y+15	; 0x0f
    35c6:	b8 89       	ldd	r27, Y+16	; 0x10
    35c8:	00 97       	sbiw	r24, 0x00	; 0
    35ca:	a1 05       	cpc	r26, r1
    35cc:	b1 05       	cpc	r27, r1
    35ce:	51 f6       	brne	.-108    	; 0x3564 <HLCD_vPrintNumber+0x34>
	{
		L_u8digits[L_u8index] = A_u32Number%10 + '0';
		A_u32Number/=10;
		L_u8index++;
	}
	for(s8 L_u8index = 9; L_u8index >= 0; L_u8index--)
    35d0:	89 e0       	ldi	r24, 0x09	; 9
    35d2:	89 83       	std	Y+1, r24	; 0x01
    35d4:	1d c0       	rjmp	.+58     	; 0x3610 <HLCD_vPrintNumber+0xe0>
	{
		if(L_u8digits[L_u8index] == 0) continue;
    35d6:	89 81       	ldd	r24, Y+1	; 0x01
    35d8:	28 2f       	mov	r18, r24
    35da:	33 27       	eor	r19, r19
    35dc:	27 fd       	sbrc	r18, 7
    35de:	30 95       	com	r19
    35e0:	ce 01       	movw	r24, r28
    35e2:	03 96       	adiw	r24, 0x03	; 3
    35e4:	fc 01       	movw	r30, r24
    35e6:	e2 0f       	add	r30, r18
    35e8:	f3 1f       	adc	r31, r19
    35ea:	80 81       	ld	r24, Z
    35ec:	88 23       	and	r24, r24
    35ee:	69 f0       	breq	.+26     	; 0x360a <HLCD_vPrintNumber+0xda>
		HLCD_vSendChar(L_u8digits[L_u8index]);
    35f0:	89 81       	ldd	r24, Y+1	; 0x01
    35f2:	28 2f       	mov	r18, r24
    35f4:	33 27       	eor	r19, r19
    35f6:	27 fd       	sbrc	r18, 7
    35f8:	30 95       	com	r19
    35fa:	ce 01       	movw	r24, r28
    35fc:	03 96       	adiw	r24, 0x03	; 3
    35fe:	fc 01       	movw	r30, r24
    3600:	e2 0f       	add	r30, r18
    3602:	f3 1f       	adc	r31, r19
    3604:	80 81       	ld	r24, Z
    3606:	0e 94 5f 19 	call	0x32be	; 0x32be <HLCD_vSendChar>
	{
		L_u8digits[L_u8index] = A_u32Number%10 + '0';
		A_u32Number/=10;
		L_u8index++;
	}
	for(s8 L_u8index = 9; L_u8index >= 0; L_u8index--)
    360a:	89 81       	ldd	r24, Y+1	; 0x01
    360c:	81 50       	subi	r24, 0x01	; 1
    360e:	89 83       	std	Y+1, r24	; 0x01
    3610:	89 81       	ldd	r24, Y+1	; 0x01
    3612:	88 23       	and	r24, r24
    3614:	04 f7       	brge	.-64     	; 0x35d6 <HLCD_vPrintNumber+0xa6>
	{
		if(L_u8digits[L_u8index] == 0) continue;
		HLCD_vSendChar(L_u8digits[L_u8index]);
	}

}
    3616:	60 96       	adiw	r28, 0x10	; 16
    3618:	0f b6       	in	r0, 0x3f	; 63
    361a:	f8 94       	cli
    361c:	de bf       	out	0x3e, r29	; 62
    361e:	0f be       	out	0x3f, r0	; 63
    3620:	cd bf       	out	0x3d, r28	; 61
    3622:	cf 91       	pop	r28
    3624:	df 91       	pop	r29
    3626:	1f 91       	pop	r17
    3628:	0f 91       	pop	r16
    362a:	08 95       	ret

0000362c <HLCD_vSetCursorPosition>:
void HLCD_vSetCursorPosition(u8 A_u8Row, u8 A_u8Col)
{
    362c:	df 93       	push	r29
    362e:	cf 93       	push	r28
    3630:	00 d0       	rcall	.+0      	; 0x3632 <HLCD_vSetCursorPosition+0x6>
    3632:	00 d0       	rcall	.+0      	; 0x3634 <HLCD_vSetCursorPosition+0x8>
    3634:	cd b7       	in	r28, 0x3d	; 61
    3636:	de b7       	in	r29, 0x3e	; 62
    3638:	89 83       	std	Y+1, r24	; 0x01
    363a:	6a 83       	std	Y+2, r22	; 0x02

    if (A_u8Row > 1 || A_u8Col > 15)
    363c:	89 81       	ldd	r24, Y+1	; 0x01
    363e:	82 30       	cpi	r24, 0x02	; 2
    3640:	d8 f4       	brcc	.+54     	; 0x3678 <HLCD_vSetCursorPosition+0x4c>
    3642:	8a 81       	ldd	r24, Y+2	; 0x02
    3644:	80 31       	cpi	r24, 0x10	; 16
    3646:	c0 f4       	brcc	.+48     	; 0x3678 <HLCD_vSetCursorPosition+0x4c>
    {
        return;
    }

	switch(A_u8Row){
    3648:	89 81       	ldd	r24, Y+1	; 0x01
    364a:	28 2f       	mov	r18, r24
    364c:	30 e0       	ldi	r19, 0x00	; 0
    364e:	3c 83       	std	Y+4, r19	; 0x04
    3650:	2b 83       	std	Y+3, r18	; 0x03
    3652:	8b 81       	ldd	r24, Y+3	; 0x03
    3654:	9c 81       	ldd	r25, Y+4	; 0x04
    3656:	00 97       	sbiw	r24, 0x00	; 0
    3658:	31 f0       	breq	.+12     	; 0x3666 <HLCD_vSetCursorPosition+0x3a>
    365a:	2b 81       	ldd	r18, Y+3	; 0x03
    365c:	3c 81       	ldd	r19, Y+4	; 0x04
    365e:	21 30       	cpi	r18, 0x01	; 1
    3660:	31 05       	cpc	r19, r1
    3662:	31 f0       	breq	.+12     	; 0x3670 <HLCD_vSetCursorPosition+0x44>
    3664:	09 c0       	rjmp	.+18     	; 0x3678 <HLCD_vSetCursorPosition+0x4c>
	case 0:
		// DDRAM base address + col number
		HLCD_vSendCmd(DDRAM_BASE_ADDR_R0 + A_u8Col);
    3666:	8a 81       	ldd	r24, Y+2	; 0x02
    3668:	80 58       	subi	r24, 0x80	; 128
    366a:	0e 94 4f 18 	call	0x309e	; 0x309e <HLCD_vSendCmd>
    366e:	04 c0       	rjmp	.+8      	; 0x3678 <HLCD_vSetCursorPosition+0x4c>
		break;
	case 1:
		HLCD_vSendCmd(DDRAM_BASE_ADDR_R1 + A_u8Col);
    3670:	8a 81       	ldd	r24, Y+2	; 0x02
    3672:	80 54       	subi	r24, 0x40	; 64
    3674:	0e 94 4f 18 	call	0x309e	; 0x309e <HLCD_vSendCmd>
		break;
	}
}
    3678:	0f 90       	pop	r0
    367a:	0f 90       	pop	r0
    367c:	0f 90       	pop	r0
    367e:	0f 90       	pop	r0
    3680:	cf 91       	pop	r28
    3682:	df 91       	pop	r29
    3684:	08 95       	ret

00003686 <HLCD_vClearScreen>:

void HLCD_vClearScreen(void) {
    3686:	df 93       	push	r29
    3688:	cf 93       	push	r28
    368a:	cd b7       	in	r28, 0x3d	; 61
    368c:	de b7       	in	r29, 0x3e	; 62
	HLCD_vSendCmd(0x01);
    368e:	81 e0       	ldi	r24, 0x01	; 1
    3690:	0e 94 4f 18 	call	0x309e	; 0x309e <HLCD_vSendCmd>
}
    3694:	cf 91       	pop	r28
    3696:	df 91       	pop	r29
    3698:	08 95       	ret

0000369a <HLCD_vWriteCGRAM>:



void HLCD_vWriteCGRAM(u8 A_u8PatternIdx, u8* A_u8PatternValue)
{
    369a:	df 93       	push	r29
    369c:	cf 93       	push	r28
    369e:	00 d0       	rcall	.+0      	; 0x36a0 <HLCD_vWriteCGRAM+0x6>
    36a0:	00 d0       	rcall	.+0      	; 0x36a2 <HLCD_vWriteCGRAM+0x8>
    36a2:	00 d0       	rcall	.+0      	; 0x36a4 <HLCD_vWriteCGRAM+0xa>
    36a4:	cd b7       	in	r28, 0x3d	; 61
    36a6:	de b7       	in	r29, 0x3e	; 62
    36a8:	8a 83       	std	Y+2, r24	; 0x02
    36aa:	7c 83       	std	Y+4, r23	; 0x04
    36ac:	6b 83       	std	Y+3, r22	; 0x03
	u8 L_u8Iterator;

	switch(A_u8PatternIdx)
    36ae:	8a 81       	ldd	r24, Y+2	; 0x02
    36b0:	28 2f       	mov	r18, r24
    36b2:	30 e0       	ldi	r19, 0x00	; 0
    36b4:	3e 83       	std	Y+6, r19	; 0x06
    36b6:	2d 83       	std	Y+5, r18	; 0x05
    36b8:	8d 81       	ldd	r24, Y+5	; 0x05
    36ba:	9e 81       	ldd	r25, Y+6	; 0x06
    36bc:	83 30       	cpi	r24, 0x03	; 3
    36be:	91 05       	cpc	r25, r1
    36c0:	a9 f1       	breq	.+106    	; 0x372c <HLCD_vWriteCGRAM+0x92>
    36c2:	2d 81       	ldd	r18, Y+5	; 0x05
    36c4:	3e 81       	ldd	r19, Y+6	; 0x06
    36c6:	24 30       	cpi	r18, 0x04	; 4
    36c8:	31 05       	cpc	r19, r1
    36ca:	7c f4       	brge	.+30     	; 0x36ea <HLCD_vWriteCGRAM+0x50>
    36cc:	8d 81       	ldd	r24, Y+5	; 0x05
    36ce:	9e 81       	ldd	r25, Y+6	; 0x06
    36d0:	81 30       	cpi	r24, 0x01	; 1
    36d2:	91 05       	cpc	r25, r1
    36d4:	19 f1       	breq	.+70     	; 0x371c <HLCD_vWriteCGRAM+0x82>
    36d6:	2d 81       	ldd	r18, Y+5	; 0x05
    36d8:	3e 81       	ldd	r19, Y+6	; 0x06
    36da:	22 30       	cpi	r18, 0x02	; 2
    36dc:	31 05       	cpc	r19, r1
    36de:	14 f5       	brge	.+68     	; 0x3724 <HLCD_vWriteCGRAM+0x8a>
    36e0:	8d 81       	ldd	r24, Y+5	; 0x05
    36e2:	9e 81       	ldd	r25, Y+6	; 0x06
    36e4:	00 97       	sbiw	r24, 0x00	; 0
    36e6:	b1 f0       	breq	.+44     	; 0x3714 <HLCD_vWriteCGRAM+0x7a>
    36e8:	47 c0       	rjmp	.+142    	; 0x3778 <HLCD_vWriteCGRAM+0xde>
    36ea:	2d 81       	ldd	r18, Y+5	; 0x05
    36ec:	3e 81       	ldd	r19, Y+6	; 0x06
    36ee:	25 30       	cpi	r18, 0x05	; 5
    36f0:	31 05       	cpc	r19, r1
    36f2:	21 f1       	breq	.+72     	; 0x373c <HLCD_vWriteCGRAM+0xa2>
    36f4:	8d 81       	ldd	r24, Y+5	; 0x05
    36f6:	9e 81       	ldd	r25, Y+6	; 0x06
    36f8:	85 30       	cpi	r24, 0x05	; 5
    36fa:	91 05       	cpc	r25, r1
    36fc:	dc f0       	brlt	.+54     	; 0x3734 <HLCD_vWriteCGRAM+0x9a>
    36fe:	2d 81       	ldd	r18, Y+5	; 0x05
    3700:	3e 81       	ldd	r19, Y+6	; 0x06
    3702:	26 30       	cpi	r18, 0x06	; 6
    3704:	31 05       	cpc	r19, r1
    3706:	f1 f0       	breq	.+60     	; 0x3744 <HLCD_vWriteCGRAM+0xaa>
    3708:	8d 81       	ldd	r24, Y+5	; 0x05
    370a:	9e 81       	ldd	r25, Y+6	; 0x06
    370c:	87 30       	cpi	r24, 0x07	; 7
    370e:	91 05       	cpc	r25, r1
    3710:	e9 f0       	breq	.+58     	; 0x374c <HLCD_vWriteCGRAM+0xb2>
    3712:	32 c0       	rjmp	.+100    	; 0x3778 <HLCD_vWriteCGRAM+0xde>
	{
    case 0: HLCD_vSendCmd(0x40); break;
    3714:	80 e4       	ldi	r24, 0x40	; 64
    3716:	0e 94 4f 18 	call	0x309e	; 0x309e <HLCD_vSendCmd>
    371a:	1b c0       	rjmp	.+54     	; 0x3752 <HLCD_vWriteCGRAM+0xb8>
    case 1: HLCD_vSendCmd(0x48); break;
    371c:	88 e4       	ldi	r24, 0x48	; 72
    371e:	0e 94 4f 18 	call	0x309e	; 0x309e <HLCD_vSendCmd>
    3722:	17 c0       	rjmp	.+46     	; 0x3752 <HLCD_vWriteCGRAM+0xb8>
    case 2: HLCD_vSendCmd(0x50); break;
    3724:	80 e5       	ldi	r24, 0x50	; 80
    3726:	0e 94 4f 18 	call	0x309e	; 0x309e <HLCD_vSendCmd>
    372a:	13 c0       	rjmp	.+38     	; 0x3752 <HLCD_vWriteCGRAM+0xb8>
    case 3: HLCD_vSendCmd(0x58); break;
    372c:	88 e5       	ldi	r24, 0x58	; 88
    372e:	0e 94 4f 18 	call	0x309e	; 0x309e <HLCD_vSendCmd>
    3732:	0f c0       	rjmp	.+30     	; 0x3752 <HLCD_vWriteCGRAM+0xb8>
    case 4: HLCD_vSendCmd(0x60); break;
    3734:	80 e6       	ldi	r24, 0x60	; 96
    3736:	0e 94 4f 18 	call	0x309e	; 0x309e <HLCD_vSendCmd>
    373a:	0b c0       	rjmp	.+22     	; 0x3752 <HLCD_vWriteCGRAM+0xb8>
    case 5: HLCD_vSendCmd(0x68); break;
    373c:	88 e6       	ldi	r24, 0x68	; 104
    373e:	0e 94 4f 18 	call	0x309e	; 0x309e <HLCD_vSendCmd>
    3742:	07 c0       	rjmp	.+14     	; 0x3752 <HLCD_vWriteCGRAM+0xb8>
    case 6: HLCD_vSendCmd(0x70); break;
    3744:	80 e7       	ldi	r24, 0x70	; 112
    3746:	0e 94 4f 18 	call	0x309e	; 0x309e <HLCD_vSendCmd>
    374a:	03 c0       	rjmp	.+6      	; 0x3752 <HLCD_vWriteCGRAM+0xb8>
    case 7: HLCD_vSendCmd(0x78); break;
    374c:	88 e7       	ldi	r24, 0x78	; 120
    374e:	0e 94 4f 18 	call	0x309e	; 0x309e <HLCD_vSendCmd>
    	return;
	}

	//Write Patterns

	for(L_u8Iterator= 0; L_u8Iterator<8;L_u8Iterator++)
    3752:	19 82       	std	Y+1, r1	; 0x01
    3754:	0e c0       	rjmp	.+28     	; 0x3772 <HLCD_vWriteCGRAM+0xd8>
	{
		HLCD_vSendChar(A_u8PatternValue[L_u8Iterator]);
    3756:	89 81       	ldd	r24, Y+1	; 0x01
    3758:	28 2f       	mov	r18, r24
    375a:	30 e0       	ldi	r19, 0x00	; 0
    375c:	8b 81       	ldd	r24, Y+3	; 0x03
    375e:	9c 81       	ldd	r25, Y+4	; 0x04
    3760:	fc 01       	movw	r30, r24
    3762:	e2 0f       	add	r30, r18
    3764:	f3 1f       	adc	r31, r19
    3766:	80 81       	ld	r24, Z
    3768:	0e 94 5f 19 	call	0x32be	; 0x32be <HLCD_vSendChar>
    	return;
	}

	//Write Patterns

	for(L_u8Iterator= 0; L_u8Iterator<8;L_u8Iterator++)
    376c:	89 81       	ldd	r24, Y+1	; 0x01
    376e:	8f 5f       	subi	r24, 0xFF	; 255
    3770:	89 83       	std	Y+1, r24	; 0x01
    3772:	89 81       	ldd	r24, Y+1	; 0x01
    3774:	88 30       	cpi	r24, 0x08	; 8
    3776:	78 f3       	brcs	.-34     	; 0x3756 <HLCD_vWriteCGRAM+0xbc>
	{
		HLCD_vSendChar(A_u8PatternValue[L_u8Iterator]);
	}
}
    3778:	26 96       	adiw	r28, 0x06	; 6
    377a:	0f b6       	in	r0, 0x3f	; 63
    377c:	f8 94       	cli
    377e:	de bf       	out	0x3e, r29	; 62
    3780:	0f be       	out	0x3f, r0	; 63
    3782:	cd bf       	out	0x3d, r28	; 61
    3784:	cf 91       	pop	r28
    3786:	df 91       	pop	r29
    3788:	08 95       	ret

0000378a <HLCD_vDisplayCGRAM>:


void HLCD_vDisplayCGRAM(u8 A_u8PatternIdx, u8 A_u8Row, u8 A_u8Col)
{
    378a:	df 93       	push	r29
    378c:	cf 93       	push	r28
    378e:	00 d0       	rcall	.+0      	; 0x3790 <HLCD_vDisplayCGRAM+0x6>
    3790:	0f 92       	push	r0
    3792:	cd b7       	in	r28, 0x3d	; 61
    3794:	de b7       	in	r29, 0x3e	; 62
    3796:	89 83       	std	Y+1, r24	; 0x01
    3798:	6a 83       	std	Y+2, r22	; 0x02
    379a:	4b 83       	std	Y+3, r20	; 0x03
    if((A_u8PatternIdx > 7) || (A_u8Row > 1) || (A_u8Col > 15))
    379c:	89 81       	ldd	r24, Y+1	; 0x01
    379e:	88 30       	cpi	r24, 0x08	; 8
    37a0:	68 f4       	brcc	.+26     	; 0x37bc <HLCD_vDisplayCGRAM+0x32>
    37a2:	8a 81       	ldd	r24, Y+2	; 0x02
    37a4:	82 30       	cpi	r24, 0x02	; 2
    37a6:	50 f4       	brcc	.+20     	; 0x37bc <HLCD_vDisplayCGRAM+0x32>
    37a8:	8b 81       	ldd	r24, Y+3	; 0x03
    37aa:	80 31       	cpi	r24, 0x10	; 16
    37ac:	38 f4       	brcc	.+14     	; 0x37bc <HLCD_vDisplayCGRAM+0x32>
    {
        return;
    }

    HLCD_vSetCursorPosition(A_u8Row, A_u8Col);
    37ae:	8a 81       	ldd	r24, Y+2	; 0x02
    37b0:	6b 81       	ldd	r22, Y+3	; 0x03
    37b2:	0e 94 16 1b 	call	0x362c	; 0x362c <HLCD_vSetCursorPosition>
    HLCD_vSendChar(A_u8PatternIdx);
    37b6:	89 81       	ldd	r24, Y+1	; 0x01
    37b8:	0e 94 5f 19 	call	0x32be	; 0x32be <HLCD_vSendChar>
}
    37bc:	0f 90       	pop	r0
    37be:	0f 90       	pop	r0
    37c0:	0f 90       	pop	r0
    37c2:	cf 91       	pop	r28
    37c4:	df 91       	pop	r29
    37c6:	08 95       	ret

000037c8 <HKPD_vInit>:
#include "KPD_cfg.h"
#include "KPD_int.h"


void HKPD_vInit(void)
{
    37c8:	df 93       	push	r29
    37ca:	cf 93       	push	r28
    37cc:	0f 92       	push	r0
    37ce:	cd b7       	in	r28, 0x3d	; 61
    37d0:	de b7       	in	r29, 0x3e	; 62
    u8 i;

    /* Configure all column pins as outputs */
    for(i = COL_INIT; i <= COL_END; i++)
    37d2:	19 82       	std	Y+1, r1	; 0x01
    37d4:	0d c0       	rjmp	.+26     	; 0x37f0 <HKPD_vInit+0x28>
    {
        MDIO_vSetPinDir(KPD_COL_PORT, i, DIO_OUTPUT);
    37d6:	80 e0       	ldi	r24, 0x00	; 0
    37d8:	69 81       	ldd	r22, Y+1	; 0x01
    37da:	41 e0       	ldi	r20, 0x01	; 1
    37dc:	0e 94 76 0d 	call	0x1aec	; 0x1aec <MDIO_vSetPinDir>

        /* Deactivate all columns initially (HIGH) */
        MDIO_vSetPinVal(KPD_COL_PORT, i, DIO_HIGH);
    37e0:	80 e0       	ldi	r24, 0x00	; 0
    37e2:	69 81       	ldd	r22, Y+1	; 0x01
    37e4:	41 e0       	ldi	r20, 0x01	; 1
    37e6:	0e 94 6d 0e 	call	0x1cda	; 0x1cda <MDIO_vSetPinVal>
void HKPD_vInit(void)
{
    u8 i;

    /* Configure all column pins as outputs */
    for(i = COL_INIT; i <= COL_END; i++)
    37ea:	89 81       	ldd	r24, Y+1	; 0x01
    37ec:	8f 5f       	subi	r24, 0xFF	; 255
    37ee:	89 83       	std	Y+1, r24	; 0x01
    37f0:	89 81       	ldd	r24, Y+1	; 0x01
    37f2:	83 30       	cpi	r24, 0x03	; 3
    37f4:	80 f3       	brcs	.-32     	; 0x37d6 <HKPD_vInit+0xe>
        /* Deactivate all columns initially (HIGH) */
        MDIO_vSetPinVal(KPD_COL_PORT, i, DIO_HIGH);
    }

    /* Configure all row pins as inputs */
    for(i = ROW_INIT; i <= ROW_END; i++)
    37f6:	84 e0       	ldi	r24, 0x04	; 4
    37f8:	89 83       	std	Y+1, r24	; 0x01
    37fa:	0d c0       	rjmp	.+26     	; 0x3816 <HKPD_vInit+0x4e>
    {
    	MDIO_vSetPinDir(KPD_ROW_PORT, i, DIO_INPUT);
    37fc:	80 e0       	ldi	r24, 0x00	; 0
    37fe:	69 81       	ldd	r22, Y+1	; 0x01
    3800:	40 e0       	ldi	r20, 0x00	; 0
    3802:	0e 94 76 0d 	call	0x1aec	; 0x1aec <MDIO_vSetPinDir>

        /* Enable internal pull-up resistors */
        MDIO_vSetPinVal(KPD_ROW_PORT, i, DIO_HIGH);
    3806:	80 e0       	ldi	r24, 0x00	; 0
    3808:	69 81       	ldd	r22, Y+1	; 0x01
    380a:	41 e0       	ldi	r20, 0x01	; 1
    380c:	0e 94 6d 0e 	call	0x1cda	; 0x1cda <MDIO_vSetPinVal>
        /* Deactivate all columns initially (HIGH) */
        MDIO_vSetPinVal(KPD_COL_PORT, i, DIO_HIGH);
    }

    /* Configure all row pins as inputs */
    for(i = ROW_INIT; i <= ROW_END; i++)
    3810:	89 81       	ldd	r24, Y+1	; 0x01
    3812:	8f 5f       	subi	r24, 0xFF	; 255
    3814:	89 83       	std	Y+1, r24	; 0x01
    3816:	89 81       	ldd	r24, Y+1	; 0x01
    3818:	87 30       	cpi	r24, 0x07	; 7
    381a:	80 f3       	brcs	.-32     	; 0x37fc <HKPD_vInit+0x34>
    	MDIO_vSetPinDir(KPD_ROW_PORT, i, DIO_INPUT);

        /* Enable internal pull-up resistors */
        MDIO_vSetPinVal(KPD_ROW_PORT, i, DIO_HIGH);
    }
}
    381c:	0f 90       	pop	r0
    381e:	cf 91       	pop	r28
    3820:	df 91       	pop	r29
    3822:	08 95       	ret

00003824 <HKPD_u8GetPressedKey>:


u8 HKPD_u8GetPressedKey(const u8 KeyMap[KPD_ROWS][KPD_COLS])
{
    3824:	df 93       	push	r29
    3826:	cf 93       	push	r28
    3828:	cd b7       	in	r28, 0x3d	; 61
    382a:	de b7       	in	r29, 0x3e	; 62
    382c:	63 97       	sbiw	r28, 0x13	; 19
    382e:	0f b6       	in	r0, 0x3f	; 63
    3830:	f8 94       	cli
    3832:	de bf       	out	0x3e, r29	; 62
    3834:	0f be       	out	0x3f, r0	; 63
    3836:	cd bf       	out	0x3d, r28	; 61
    3838:	9a 8b       	std	Y+18, r25	; 0x12
    383a:	89 8b       	std	Y+17, r24	; 0x11
    /* Scan every column one by one */
    for(u8 col = COL_INIT; col <= COL_END; col++)
    383c:	18 8a       	std	Y+16, r1	; 0x10
    383e:	b9 c0       	rjmp	.+370    	; 0x39b2 <HKPD_u8GetPressedKey+0x18e>
    {
        /* Activate the current column by making it LOW */
        MDIO_vSetPinVal(KPD_COL_PORT, col, DIO_LOW);
    3840:	80 e0       	ldi	r24, 0x00	; 0
    3842:	68 89       	ldd	r22, Y+16	; 0x10
    3844:	40 e0       	ldi	r20, 0x00	; 0
    3846:	0e 94 6d 0e 	call	0x1cda	; 0x1cda <MDIO_vSetPinVal>

        /* Check all rows */
        for(u8 row = ROW_INIT; row <= ROW_END; row++)
    384a:	84 e0       	ldi	r24, 0x04	; 4
    384c:	8f 87       	std	Y+15, r24	; 0x0f
    384e:	a5 c0       	rjmp	.+330    	; 0x399a <HKPD_u8GetPressedKey+0x176>
        {
            /* If row becomes LOW, then a key is pressed */
            if(MDIO_u8GetPinVal(KPD_ROW_PORT, row) == DIO_LOW)
    3850:	80 e0       	ldi	r24, 0x00	; 0
    3852:	6f 85       	ldd	r22, Y+15	; 0x0f
    3854:	0e 94 64 0f 	call	0x1ec8	; 0x1ec8 <MDIO_u8GetPinVal>
    3858:	88 23       	and	r24, r24
    385a:	09 f0       	breq	.+2      	; 0x385e <HKPD_u8GetPressedKey+0x3a>
    385c:	9b c0       	rjmp	.+310    	; 0x3994 <HKPD_u8GetPressedKey+0x170>
    385e:	80 e0       	ldi	r24, 0x00	; 0
    3860:	90 e0       	ldi	r25, 0x00	; 0
    3862:	a0 ea       	ldi	r26, 0xA0	; 160
    3864:	b1 e4       	ldi	r27, 0x41	; 65
    3866:	8b 87       	std	Y+11, r24	; 0x0b
    3868:	9c 87       	std	Y+12, r25	; 0x0c
    386a:	ad 87       	std	Y+13, r26	; 0x0d
    386c:	be 87       	std	Y+14, r27	; 0x0e
 */
void
_delay_ms(double __ms)
{
	uint16_t __ticks;
	double __tmp = ((F_CPU) / 4e3) * __ms;
    386e:	6b 85       	ldd	r22, Y+11	; 0x0b
    3870:	7c 85       	ldd	r23, Y+12	; 0x0c
    3872:	8d 85       	ldd	r24, Y+13	; 0x0d
    3874:	9e 85       	ldd	r25, Y+14	; 0x0e
    3876:	20 e0       	ldi	r18, 0x00	; 0
    3878:	30 e0       	ldi	r19, 0x00	; 0
    387a:	4a ef       	ldi	r20, 0xFA	; 250
    387c:	54 e4       	ldi	r21, 0x44	; 68
    387e:	0e 94 1f 02 	call	0x43e	; 0x43e <__mulsf3>
    3882:	dc 01       	movw	r26, r24
    3884:	cb 01       	movw	r24, r22
    3886:	8f 83       	std	Y+7, r24	; 0x07
    3888:	98 87       	std	Y+8, r25	; 0x08
    388a:	a9 87       	std	Y+9, r26	; 0x09
    388c:	ba 87       	std	Y+10, r27	; 0x0a
	if (__tmp < 1.0)
    388e:	6f 81       	ldd	r22, Y+7	; 0x07
    3890:	78 85       	ldd	r23, Y+8	; 0x08
    3892:	89 85       	ldd	r24, Y+9	; 0x09
    3894:	9a 85       	ldd	r25, Y+10	; 0x0a
    3896:	20 e0       	ldi	r18, 0x00	; 0
    3898:	30 e0       	ldi	r19, 0x00	; 0
    389a:	40 e8       	ldi	r20, 0x80	; 128
    389c:	5f e3       	ldi	r21, 0x3F	; 63
    389e:	0e 94 79 03 	call	0x6f2	; 0x6f2 <__ltsf2>
    38a2:	88 23       	and	r24, r24
    38a4:	2c f4       	brge	.+10     	; 0x38b0 <HKPD_u8GetPressedKey+0x8c>
		__ticks = 1;
    38a6:	81 e0       	ldi	r24, 0x01	; 1
    38a8:	90 e0       	ldi	r25, 0x00	; 0
    38aa:	9e 83       	std	Y+6, r25	; 0x06
    38ac:	8d 83       	std	Y+5, r24	; 0x05
    38ae:	3f c0       	rjmp	.+126    	; 0x392e <HKPD_u8GetPressedKey+0x10a>
	else if (__tmp > 65535)
    38b0:	6f 81       	ldd	r22, Y+7	; 0x07
    38b2:	78 85       	ldd	r23, Y+8	; 0x08
    38b4:	89 85       	ldd	r24, Y+9	; 0x09
    38b6:	9a 85       	ldd	r25, Y+10	; 0x0a
    38b8:	20 e0       	ldi	r18, 0x00	; 0
    38ba:	3f ef       	ldi	r19, 0xFF	; 255
    38bc:	4f e7       	ldi	r20, 0x7F	; 127
    38be:	57 e4       	ldi	r21, 0x47	; 71
    38c0:	0e 94 19 03 	call	0x632	; 0x632 <__gtsf2>
    38c4:	18 16       	cp	r1, r24
    38c6:	4c f5       	brge	.+82     	; 0x391a <HKPD_u8GetPressedKey+0xf6>
	{
		//	__ticks = requested delay in 1/10 ms
		__ticks = (uint16_t) (__ms * 10.0);
    38c8:	6b 85       	ldd	r22, Y+11	; 0x0b
    38ca:	7c 85       	ldd	r23, Y+12	; 0x0c
    38cc:	8d 85       	ldd	r24, Y+13	; 0x0d
    38ce:	9e 85       	ldd	r25, Y+14	; 0x0e
    38d0:	20 e0       	ldi	r18, 0x00	; 0
    38d2:	30 e0       	ldi	r19, 0x00	; 0
    38d4:	40 e2       	ldi	r20, 0x20	; 32
    38d6:	51 e4       	ldi	r21, 0x41	; 65
    38d8:	0e 94 1f 02 	call	0x43e	; 0x43e <__mulsf3>
    38dc:	dc 01       	movw	r26, r24
    38de:	cb 01       	movw	r24, r22
    38e0:	bc 01       	movw	r22, r24
    38e2:	cd 01       	movw	r24, r26
    38e4:	0e 94 49 00 	call	0x92	; 0x92 <__fixunssfsi>
    38e8:	dc 01       	movw	r26, r24
    38ea:	cb 01       	movw	r24, r22
    38ec:	9e 83       	std	Y+6, r25	; 0x06
    38ee:	8d 83       	std	Y+5, r24	; 0x05
    38f0:	0f c0       	rjmp	.+30     	; 0x3910 <HKPD_u8GetPressedKey+0xec>
    38f2:	88 ec       	ldi	r24, 0xC8	; 200
    38f4:	90 e0       	ldi	r25, 0x00	; 0
    38f6:	9c 83       	std	Y+4, r25	; 0x04
    38f8:	8b 83       	std	Y+3, r24	; 0x03
    38fa:	8b 81       	ldd	r24, Y+3	; 0x03
    38fc:	9c 81       	ldd	r25, Y+4	; 0x04
    38fe:	01 97       	sbiw	r24, 0x01	; 1
    3900:	f1 f7       	brne	.-4      	; 0x38fe <HKPD_u8GetPressedKey+0xda>
    3902:	9c 83       	std	Y+4, r25	; 0x04
    3904:	8b 83       	std	Y+3, r24	; 0x03
		while(__ticks)
		{
			// wait 1/10 ms
			_delay_loop_2(((F_CPU) / 4e3) / 10);
			__ticks --;
    3906:	8d 81       	ldd	r24, Y+5	; 0x05
    3908:	9e 81       	ldd	r25, Y+6	; 0x06
    390a:	01 97       	sbiw	r24, 0x01	; 1
    390c:	9e 83       	std	Y+6, r25	; 0x06
    390e:	8d 83       	std	Y+5, r24	; 0x05
		__ticks = 1;
	else if (__tmp > 65535)
	{
		//	__ticks = requested delay in 1/10 ms
		__ticks = (uint16_t) (__ms * 10.0);
		while(__ticks)
    3910:	8d 81       	ldd	r24, Y+5	; 0x05
    3912:	9e 81       	ldd	r25, Y+6	; 0x06
    3914:	00 97       	sbiw	r24, 0x00	; 0
    3916:	69 f7       	brne	.-38     	; 0x38f2 <HKPD_u8GetPressedKey+0xce>
    3918:	14 c0       	rjmp	.+40     	; 0x3942 <HKPD_u8GetPressedKey+0x11e>
			__ticks --;
		}
		return;
	}
	else
		__ticks = (uint16_t)__tmp;
    391a:	6f 81       	ldd	r22, Y+7	; 0x07
    391c:	78 85       	ldd	r23, Y+8	; 0x08
    391e:	89 85       	ldd	r24, Y+9	; 0x09
    3920:	9a 85       	ldd	r25, Y+10	; 0x0a
    3922:	0e 94 49 00 	call	0x92	; 0x92 <__fixunssfsi>
    3926:	dc 01       	movw	r26, r24
    3928:	cb 01       	movw	r24, r22
    392a:	9e 83       	std	Y+6, r25	; 0x06
    392c:	8d 83       	std	Y+5, r24	; 0x05
    392e:	8d 81       	ldd	r24, Y+5	; 0x05
    3930:	9e 81       	ldd	r25, Y+6	; 0x06
    3932:	9a 83       	std	Y+2, r25	; 0x02
    3934:	89 83       	std	Y+1, r24	; 0x01
    3936:	89 81       	ldd	r24, Y+1	; 0x01
    3938:	9a 81       	ldd	r25, Y+2	; 0x02
    393a:	01 97       	sbiw	r24, 0x01	; 1
    393c:	f1 f7       	brne	.-4      	; 0x393a <HKPD_u8GetPressedKey+0x116>
    393e:	9a 83       	std	Y+2, r25	; 0x02
    3940:	89 83       	std	Y+1, r24	; 0x01
            {
                /* Debouncing delay */
                _delay_ms(20);

                /* Confirm the key is still pressed */
                if(MDIO_u8GetPinVal(KPD_ROW_PORT, row) == DIO_LOW)
    3942:	80 e0       	ldi	r24, 0x00	; 0
    3944:	6f 85       	ldd	r22, Y+15	; 0x0f
    3946:	0e 94 64 0f 	call	0x1ec8	; 0x1ec8 <MDIO_u8GetPinVal>
    394a:	88 23       	and	r24, r24
    394c:	19 f5       	brne	.+70     	; 0x3994 <HKPD_u8GetPressedKey+0x170>
                {
                    /* Wait until the user releases the key */
                    while(MDIO_u8GetPinVal(KPD_ROW_PORT, row) == DIO_LOW);
    394e:	80 e0       	ldi	r24, 0x00	; 0
    3950:	6f 85       	ldd	r22, Y+15	; 0x0f
    3952:	0e 94 64 0f 	call	0x1ec8	; 0x1ec8 <MDIO_u8GetPinVal>
    3956:	88 23       	and	r24, r24
    3958:	d1 f3       	breq	.-12     	; 0x394e <HKPD_u8GetPressedKey+0x12a>

                    /* Restore the current column to HIGH */
                    MDIO_vSetPinVal(KPD_COL_PORT, col, DIO_HIGH);
    395a:	80 e0       	ldi	r24, 0x00	; 0
    395c:	68 89       	ldd	r22, Y+16	; 0x10
    395e:	41 e0       	ldi	r20, 0x01	; 1
    3960:	0e 94 6d 0e 	call	0x1cda	; 0x1cda <MDIO_vSetPinVal>

            
                    return KeyMap[row - ROW_INIT][col - COL_INIT];
    3964:	8f 85       	ldd	r24, Y+15	; 0x0f
    3966:	28 2f       	mov	r18, r24
    3968:	30 e0       	ldi	r19, 0x00	; 0
    396a:	c9 01       	movw	r24, r18
    396c:	88 0f       	add	r24, r24
    396e:	99 1f       	adc	r25, r25
    3970:	82 0f       	add	r24, r18
    3972:	93 1f       	adc	r25, r19
    3974:	9c 01       	movw	r18, r24
    3976:	2c 50       	subi	r18, 0x0C	; 12
    3978:	30 40       	sbci	r19, 0x00	; 0
    397a:	89 89       	ldd	r24, Y+17	; 0x11
    397c:	9a 89       	ldd	r25, Y+18	; 0x12
    397e:	28 0f       	add	r18, r24
    3980:	39 1f       	adc	r19, r25
    3982:	88 89       	ldd	r24, Y+16	; 0x10
    3984:	88 2f       	mov	r24, r24
    3986:	90 e0       	ldi	r25, 0x00	; 0
    3988:	f9 01       	movw	r30, r18
    398a:	e8 0f       	add	r30, r24
    398c:	f9 1f       	adc	r31, r25
    398e:	80 81       	ld	r24, Z
    3990:	8b 8b       	std	Y+19, r24	; 0x13
    3992:	15 c0       	rjmp	.+42     	; 0x39be <HKPD_u8GetPressedKey+0x19a>
    {
        /* Activate the current column by making it LOW */
        MDIO_vSetPinVal(KPD_COL_PORT, col, DIO_LOW);

        /* Check all rows */
        for(u8 row = ROW_INIT; row <= ROW_END; row++)
    3994:	8f 85       	ldd	r24, Y+15	; 0x0f
    3996:	8f 5f       	subi	r24, 0xFF	; 255
    3998:	8f 87       	std	Y+15, r24	; 0x0f
    399a:	8f 85       	ldd	r24, Y+15	; 0x0f
    399c:	87 30       	cpi	r24, 0x07	; 7
    399e:	08 f4       	brcc	.+2      	; 0x39a2 <HKPD_u8GetPressedKey+0x17e>
    39a0:	57 cf       	rjmp	.-338    	; 0x3850 <HKPD_u8GetPressedKey+0x2c>
                }
            }
        }

        /* Deactivate the current column before scanning the next one */
        MDIO_vSetPinVal(KPD_COL_PORT, col, DIO_HIGH);
    39a2:	80 e0       	ldi	r24, 0x00	; 0
    39a4:	68 89       	ldd	r22, Y+16	; 0x10
    39a6:	41 e0       	ldi	r20, 0x01	; 1
    39a8:	0e 94 6d 0e 	call	0x1cda	; 0x1cda <MDIO_vSetPinVal>


u8 HKPD_u8GetPressedKey(const u8 KeyMap[KPD_ROWS][KPD_COLS])
{
    /* Scan every column one by one */
    for(u8 col = COL_INIT; col <= COL_END; col++)
    39ac:	88 89       	ldd	r24, Y+16	; 0x10
    39ae:	8f 5f       	subi	r24, 0xFF	; 255
    39b0:	88 8b       	std	Y+16, r24	; 0x10
    39b2:	88 89       	ldd	r24, Y+16	; 0x10
    39b4:	83 30       	cpi	r24, 0x03	; 3
    39b6:	08 f4       	brcc	.+2      	; 0x39ba <HKPD_u8GetPressedKey+0x196>
    39b8:	43 cf       	rjmp	.-378    	; 0x3840 <HKPD_u8GetPressedKey+0x1c>
        /* Deactivate the current column before scanning the next one */
        MDIO_vSetPinVal(KPD_COL_PORT, col, DIO_HIGH);
    }

    /* No key was pressed */
    return NO_KEY;
    39ba:	8f ef       	ldi	r24, 0xFF	; 255
    39bc:	8b 8b       	std	Y+19, r24	; 0x13
    39be:	8b 89       	ldd	r24, Y+19	; 0x13
}
    39c0:	63 96       	adiw	r28, 0x13	; 19
    39c2:	0f b6       	in	r0, 0x3f	; 63
    39c4:	f8 94       	cli
    39c6:	de bf       	out	0x3e, r29	; 62
    39c8:	0f be       	out	0x3f, r0	; 63
    39ca:	cd bf       	out	0x3d, r28	; 61
    39cc:	cf 91       	pop	r28
    39ce:	df 91       	pop	r29
    39d0:	08 95       	ret

000039d2 <xCoRoutineCreate>:
static void prvCheckDelayedList( void );

/*-----------------------------------------------------------*/

signed portBASE_TYPE xCoRoutineCreate( crCOROUTINE_CODE pxCoRoutineCode, unsigned portBASE_TYPE uxPriority, unsigned portBASE_TYPE uxIndex )
{
    39d2:	df 93       	push	r29
    39d4:	cf 93       	push	r28
    39d6:	cd b7       	in	r28, 0x3d	; 61
    39d8:	de b7       	in	r29, 0x3e	; 62
    39da:	27 97       	sbiw	r28, 0x07	; 7
    39dc:	0f b6       	in	r0, 0x3f	; 63
    39de:	f8 94       	cli
    39e0:	de bf       	out	0x3e, r29	; 62
    39e2:	0f be       	out	0x3f, r0	; 63
    39e4:	cd bf       	out	0x3d, r28	; 61
    39e6:	9d 83       	std	Y+5, r25	; 0x05
    39e8:	8c 83       	std	Y+4, r24	; 0x04
    39ea:	6e 83       	std	Y+6, r22	; 0x06
    39ec:	4f 83       	std	Y+7, r20	; 0x07
signed portBASE_TYPE xReturn;
corCRCB *pxCoRoutine;

	/* Allocate the memory that will store the co-routine control block. */
	pxCoRoutine = ( corCRCB * ) pvPortMalloc( sizeof( corCRCB ) );
    39ee:	8a e1       	ldi	r24, 0x1A	; 26
    39f0:	90 e0       	ldi	r25, 0x00	; 0
    39f2:	0e 94 c1 1f 	call	0x3f82	; 0x3f82 <pvPortMalloc>
    39f6:	9a 83       	std	Y+2, r25	; 0x02
    39f8:	89 83       	std	Y+1, r24	; 0x01
	if( pxCoRoutine )
    39fa:	89 81       	ldd	r24, Y+1	; 0x01
    39fc:	9a 81       	ldd	r25, Y+2	; 0x02
    39fe:	00 97       	sbiw	r24, 0x00	; 0
    3a00:	09 f4       	brne	.+2      	; 0x3a04 <xCoRoutineCreate+0x32>
    3a02:	6f c0       	rjmp	.+222    	; 0x3ae2 <xCoRoutineCreate+0x110>
	{
		/* If pxCurrentCoRoutine is NULL then this is the first co-routine to
		be created and the co-routine data structures need initialising. */
		if( pxCurrentCoRoutine == NULL )
    3a04:	80 91 f4 00 	lds	r24, 0x00F4
    3a08:	90 91 f5 00 	lds	r25, 0x00F5
    3a0c:	00 97       	sbiw	r24, 0x00	; 0
    3a0e:	41 f4       	brne	.+16     	; 0x3a20 <xCoRoutineCreate+0x4e>
		{
			pxCurrentCoRoutine = pxCoRoutine;
    3a10:	89 81       	ldd	r24, Y+1	; 0x01
    3a12:	9a 81       	ldd	r25, Y+2	; 0x02
    3a14:	90 93 f5 00 	sts	0x00F5, r25
    3a18:	80 93 f4 00 	sts	0x00F4, r24
			prvInitialiseCoRoutineLists();
    3a1c:	0e 94 50 1f 	call	0x3ea0	; 0x3ea0 <prvInitialiseCoRoutineLists>
		}

		/* Check the priority is within limits. */
		if( uxPriority >= configMAX_CO_ROUTINE_PRIORITIES )
    3a20:	8e 81       	ldd	r24, Y+6	; 0x06
    3a22:	82 30       	cpi	r24, 0x02	; 2
    3a24:	10 f0       	brcs	.+4      	; 0x3a2a <xCoRoutineCreate+0x58>
		{
			uxPriority = configMAX_CO_ROUTINE_PRIORITIES - 1;
    3a26:	81 e0       	ldi	r24, 0x01	; 1
    3a28:	8e 83       	std	Y+6, r24	; 0x06
		}

		/* Fill out the co-routine control block from the function parameters. */
		pxCoRoutine->uxState = corINITIAL_STATE;
    3a2a:	e9 81       	ldd	r30, Y+1	; 0x01
    3a2c:	fa 81       	ldd	r31, Y+2	; 0x02
    3a2e:	11 8e       	std	Z+25, r1	; 0x19
    3a30:	10 8e       	std	Z+24, r1	; 0x18
		pxCoRoutine->uxPriority = uxPriority;
    3a32:	e9 81       	ldd	r30, Y+1	; 0x01
    3a34:	fa 81       	ldd	r31, Y+2	; 0x02
    3a36:	8e 81       	ldd	r24, Y+6	; 0x06
    3a38:	86 8b       	std	Z+22, r24	; 0x16
		pxCoRoutine->uxIndex = uxIndex;
    3a3a:	e9 81       	ldd	r30, Y+1	; 0x01
    3a3c:	fa 81       	ldd	r31, Y+2	; 0x02
    3a3e:	8f 81       	ldd	r24, Y+7	; 0x07
    3a40:	87 8b       	std	Z+23, r24	; 0x17
		pxCoRoutine->pxCoRoutineFunction = pxCoRoutineCode;
    3a42:	e9 81       	ldd	r30, Y+1	; 0x01
    3a44:	fa 81       	ldd	r31, Y+2	; 0x02
    3a46:	8c 81       	ldd	r24, Y+4	; 0x04
    3a48:	9d 81       	ldd	r25, Y+5	; 0x05
    3a4a:	91 83       	std	Z+1, r25	; 0x01
    3a4c:	80 83       	st	Z, r24

		/* Initialise all the other co-routine control block parameters. */
		vListInitialiseItem( &( pxCoRoutine->xGenericListItem ) );
    3a4e:	89 81       	ldd	r24, Y+1	; 0x01
    3a50:	9a 81       	ldd	r25, Y+2	; 0x02
    3a52:	02 96       	adiw	r24, 0x02	; 2
    3a54:	0e 94 57 20 	call	0x40ae	; 0x40ae <vListInitialiseItem>
		vListInitialiseItem( &( pxCoRoutine->xEventListItem ) );
    3a58:	89 81       	ldd	r24, Y+1	; 0x01
    3a5a:	9a 81       	ldd	r25, Y+2	; 0x02
    3a5c:	0c 96       	adiw	r24, 0x0c	; 12
    3a5e:	0e 94 57 20 	call	0x40ae	; 0x40ae <vListInitialiseItem>

		/* Set the co-routine control block as a link back from the xListItem.
		This is so we can get back to the containing CRCB from a generic item
		in a list. */
		listSET_LIST_ITEM_OWNER( &( pxCoRoutine->xGenericListItem ), pxCoRoutine );
    3a62:	e9 81       	ldd	r30, Y+1	; 0x01
    3a64:	fa 81       	ldd	r31, Y+2	; 0x02
    3a66:	89 81       	ldd	r24, Y+1	; 0x01
    3a68:	9a 81       	ldd	r25, Y+2	; 0x02
    3a6a:	91 87       	std	Z+9, r25	; 0x09
    3a6c:	80 87       	std	Z+8, r24	; 0x08
		listSET_LIST_ITEM_OWNER( &( pxCoRoutine->xEventListItem ), pxCoRoutine );
    3a6e:	e9 81       	ldd	r30, Y+1	; 0x01
    3a70:	fa 81       	ldd	r31, Y+2	; 0x02
    3a72:	89 81       	ldd	r24, Y+1	; 0x01
    3a74:	9a 81       	ldd	r25, Y+2	; 0x02
    3a76:	93 8b       	std	Z+19, r25	; 0x13
    3a78:	82 8b       	std	Z+18, r24	; 0x12
	
		/* Event lists are always in priority order. */
		listSET_LIST_ITEM_VALUE( &( pxCoRoutine->xEventListItem ), configMAX_PRIORITIES - ( portTickType ) uxPriority );
    3a7a:	8e 81       	ldd	r24, Y+6	; 0x06
    3a7c:	28 2f       	mov	r18, r24
    3a7e:	30 e0       	ldi	r19, 0x00	; 0
    3a80:	84 e0       	ldi	r24, 0x04	; 4
    3a82:	90 e0       	ldi	r25, 0x00	; 0
    3a84:	82 1b       	sub	r24, r18
    3a86:	93 0b       	sbc	r25, r19
    3a88:	e9 81       	ldd	r30, Y+1	; 0x01
    3a8a:	fa 81       	ldd	r31, Y+2	; 0x02
    3a8c:	95 87       	std	Z+13, r25	; 0x0d
    3a8e:	84 87       	std	Z+12, r24	; 0x0c
		
		/* Now the co-routine has been initialised it can be added to the ready
		list at the correct priority. */
		prvAddCoRoutineToReadyQueue( pxCoRoutine );
    3a90:	e9 81       	ldd	r30, Y+1	; 0x01
    3a92:	fa 81       	ldd	r31, Y+2	; 0x02
    3a94:	96 89       	ldd	r25, Z+22	; 0x16
    3a96:	80 91 f6 00 	lds	r24, 0x00F6
    3a9a:	89 17       	cp	r24, r25
    3a9c:	28 f4       	brcc	.+10     	; 0x3aa8 <xCoRoutineCreate+0xd6>
    3a9e:	e9 81       	ldd	r30, Y+1	; 0x01
    3aa0:	fa 81       	ldd	r31, Y+2	; 0x02
    3aa2:	86 89       	ldd	r24, Z+22	; 0x16
    3aa4:	80 93 f6 00 	sts	0x00F6, r24
    3aa8:	e9 81       	ldd	r30, Y+1	; 0x01
    3aaa:	fa 81       	ldd	r31, Y+2	; 0x02
    3aac:	86 89       	ldd	r24, Z+22	; 0x16
    3aae:	28 2f       	mov	r18, r24
    3ab0:	30 e0       	ldi	r19, 0x00	; 0
    3ab2:	c9 01       	movw	r24, r18
    3ab4:	88 0f       	add	r24, r24
    3ab6:	99 1f       	adc	r25, r25
    3ab8:	88 0f       	add	r24, r24
    3aba:	99 1f       	adc	r25, r25
    3abc:	88 0f       	add	r24, r24
    3abe:	99 1f       	adc	r25, r25
    3ac0:	82 0f       	add	r24, r18
    3ac2:	93 1f       	adc	r25, r19
    3ac4:	ac 01       	movw	r20, r24
    3ac6:	43 50       	subi	r20, 0x03	; 3
    3ac8:	5f 4f       	sbci	r21, 0xFF	; 255
    3aca:	89 81       	ldd	r24, Y+1	; 0x01
    3acc:	9a 81       	ldd	r25, Y+2	; 0x02
    3ace:	9c 01       	movw	r18, r24
    3ad0:	2e 5f       	subi	r18, 0xFE	; 254
    3ad2:	3f 4f       	sbci	r19, 0xFF	; 255
    3ad4:	ca 01       	movw	r24, r20
    3ad6:	b9 01       	movw	r22, r18
    3ad8:	0e 94 67 20 	call	0x40ce	; 0x40ce <vListInsertEnd>

		xReturn = pdPASS;
    3adc:	81 e0       	ldi	r24, 0x01	; 1
    3ade:	8b 83       	std	Y+3, r24	; 0x03
    3ae0:	02 c0       	rjmp	.+4      	; 0x3ae6 <xCoRoutineCreate+0x114>
	}
	else
	{		
		xReturn = errCOULD_NOT_ALLOCATE_REQUIRED_MEMORY;
    3ae2:	8f ef       	ldi	r24, 0xFF	; 255
    3ae4:	8b 83       	std	Y+3, r24	; 0x03
	}
	
	return xReturn;	
    3ae6:	8b 81       	ldd	r24, Y+3	; 0x03
}
    3ae8:	27 96       	adiw	r28, 0x07	; 7
    3aea:	0f b6       	in	r0, 0x3f	; 63
    3aec:	f8 94       	cli
    3aee:	de bf       	out	0x3e, r29	; 62
    3af0:	0f be       	out	0x3f, r0	; 63
    3af2:	cd bf       	out	0x3d, r28	; 61
    3af4:	cf 91       	pop	r28
    3af6:	df 91       	pop	r29
    3af8:	08 95       	ret

00003afa <vCoRoutineAddToDelayedList>:
/*-----------------------------------------------------------*/

void vCoRoutineAddToDelayedList( portTickType xTicksToDelay, xList *pxEventList )
{
    3afa:	df 93       	push	r29
    3afc:	cf 93       	push	r28
    3afe:	00 d0       	rcall	.+0      	; 0x3b00 <vCoRoutineAddToDelayedList+0x6>
    3b00:	00 d0       	rcall	.+0      	; 0x3b02 <vCoRoutineAddToDelayedList+0x8>
    3b02:	00 d0       	rcall	.+0      	; 0x3b04 <vCoRoutineAddToDelayedList+0xa>
    3b04:	cd b7       	in	r28, 0x3d	; 61
    3b06:	de b7       	in	r29, 0x3e	; 62
    3b08:	9c 83       	std	Y+4, r25	; 0x04
    3b0a:	8b 83       	std	Y+3, r24	; 0x03
    3b0c:	7e 83       	std	Y+6, r23	; 0x06
    3b0e:	6d 83       	std	Y+5, r22	; 0x05
portTickType xTimeToWake;

	/* Calculate the time to wake - this may overflow but this is
	not a problem. */
	xTimeToWake = xCoRoutineTickCount + xTicksToDelay;
    3b10:	20 91 f7 00 	lds	r18, 0x00F7
    3b14:	30 91 f8 00 	lds	r19, 0x00F8
    3b18:	8b 81       	ldd	r24, Y+3	; 0x03
    3b1a:	9c 81       	ldd	r25, Y+4	; 0x04
    3b1c:	82 0f       	add	r24, r18
    3b1e:	93 1f       	adc	r25, r19
    3b20:	9a 83       	std	Y+2, r25	; 0x02
    3b22:	89 83       	std	Y+1, r24	; 0x01

	/* We must remove ourselves from the ready list before adding
	ourselves to the blocked list as the same list item is used for
	both lists. */
	vListRemove( ( xListItem * ) &( pxCurrentCoRoutine->xGenericListItem ) );
    3b24:	80 91 f4 00 	lds	r24, 0x00F4
    3b28:	90 91 f5 00 	lds	r25, 0x00F5
    3b2c:	02 96       	adiw	r24, 0x02	; 2
    3b2e:	0e 94 1f 21 	call	0x423e	; 0x423e <vListRemove>

	/* The list item will be inserted in wake time order. */
	listSET_LIST_ITEM_VALUE( &( pxCurrentCoRoutine->xGenericListItem ), xTimeToWake );
    3b32:	e0 91 f4 00 	lds	r30, 0x00F4
    3b36:	f0 91 f5 00 	lds	r31, 0x00F5
    3b3a:	89 81       	ldd	r24, Y+1	; 0x01
    3b3c:	9a 81       	ldd	r25, Y+2	; 0x02
    3b3e:	93 83       	std	Z+3, r25	; 0x03
    3b40:	82 83       	std	Z+2, r24	; 0x02

	if( xTimeToWake < xCoRoutineTickCount )
    3b42:	20 91 f7 00 	lds	r18, 0x00F7
    3b46:	30 91 f8 00 	lds	r19, 0x00F8
    3b4a:	89 81       	ldd	r24, Y+1	; 0x01
    3b4c:	9a 81       	ldd	r25, Y+2	; 0x02
    3b4e:	82 17       	cp	r24, r18
    3b50:	93 07       	cpc	r25, r19
    3b52:	70 f4       	brcc	.+28     	; 0x3b70 <vCoRoutineAddToDelayedList+0x76>
	{
		/* Wake time has overflowed.  Place this item in the
		overflow list. */
		vListInsert( ( xList * ) pxOverflowDelayedCoRoutineList, ( xListItem * ) &( pxCurrentCoRoutine->xGenericListItem ) );
    3b54:	80 91 23 01 	lds	r24, 0x0123
    3b58:	90 91 24 01 	lds	r25, 0x0124
    3b5c:	20 91 f4 00 	lds	r18, 0x00F4
    3b60:	30 91 f5 00 	lds	r19, 0x00F5
    3b64:	2e 5f       	subi	r18, 0xFE	; 254
    3b66:	3f 4f       	sbci	r19, 0xFF	; 255
    3b68:	b9 01       	movw	r22, r18
    3b6a:	0e 94 b3 20 	call	0x4166	; 0x4166 <vListInsert>
    3b6e:	0d c0       	rjmp	.+26     	; 0x3b8a <vCoRoutineAddToDelayedList+0x90>
	}
	else
	{
		/* The wake time has not overflowed, so we can use the
		current block list. */
		vListInsert( ( xList * ) pxDelayedCoRoutineList, ( xListItem * ) &( pxCurrentCoRoutine->xGenericListItem ) );
    3b70:	80 91 21 01 	lds	r24, 0x0121
    3b74:	90 91 22 01 	lds	r25, 0x0122
    3b78:	20 91 f4 00 	lds	r18, 0x00F4
    3b7c:	30 91 f5 00 	lds	r19, 0x00F5
    3b80:	2e 5f       	subi	r18, 0xFE	; 254
    3b82:	3f 4f       	sbci	r19, 0xFF	; 255
    3b84:	b9 01       	movw	r22, r18
    3b86:	0e 94 b3 20 	call	0x4166	; 0x4166 <vListInsert>
	}

	if( pxEventList )
    3b8a:	8d 81       	ldd	r24, Y+5	; 0x05
    3b8c:	9e 81       	ldd	r25, Y+6	; 0x06
    3b8e:	00 97       	sbiw	r24, 0x00	; 0
    3b90:	61 f0       	breq	.+24     	; 0x3baa <vCoRoutineAddToDelayedList+0xb0>
	{
		/* Also add the co-routine to an event list.  If this is done then the
		function must be called with interrupts disabled. */
		vListInsert( pxEventList, &( pxCurrentCoRoutine->xEventListItem ) );
    3b92:	80 91 f4 00 	lds	r24, 0x00F4
    3b96:	90 91 f5 00 	lds	r25, 0x00F5
    3b9a:	9c 01       	movw	r18, r24
    3b9c:	24 5f       	subi	r18, 0xF4	; 244
    3b9e:	3f 4f       	sbci	r19, 0xFF	; 255
    3ba0:	8d 81       	ldd	r24, Y+5	; 0x05
    3ba2:	9e 81       	ldd	r25, Y+6	; 0x06
    3ba4:	b9 01       	movw	r22, r18
    3ba6:	0e 94 b3 20 	call	0x4166	; 0x4166 <vListInsert>
	}
}
    3baa:	26 96       	adiw	r28, 0x06	; 6
    3bac:	0f b6       	in	r0, 0x3f	; 63
    3bae:	f8 94       	cli
    3bb0:	de bf       	out	0x3e, r29	; 62
    3bb2:	0f be       	out	0x3f, r0	; 63
    3bb4:	cd bf       	out	0x3d, r28	; 61
    3bb6:	cf 91       	pop	r28
    3bb8:	df 91       	pop	r29
    3bba:	08 95       	ret

00003bbc <prvCheckPendingReadyList>:
/*-----------------------------------------------------------*/

static void prvCheckPendingReadyList( void )
{
    3bbc:	df 93       	push	r29
    3bbe:	cf 93       	push	r28
    3bc0:	00 d0       	rcall	.+0      	; 0x3bc2 <prvCheckPendingReadyList+0x6>
    3bc2:	cd b7       	in	r28, 0x3d	; 61
    3bc4:	de b7       	in	r29, 0x3e	; 62
    3bc6:	3a c0       	rjmp	.+116    	; 0x3c3c <prvCheckPendingReadyList+0x80>
	while( listLIST_IS_EMPTY( &xPendingReadyCoRoutineList ) == pdFALSE )
	{
		corCRCB *pxUnblockedCRCB;

		/* The pending ready list can be accessed by an ISR. */
		portDISABLE_INTERRUPTS();
    3bc8:	f8 94       	cli
		{	
			pxUnblockedCRCB = ( corCRCB * ) listGET_OWNER_OF_HEAD_ENTRY( (&xPendingReadyCoRoutineList) );			
    3bca:	e0 91 2a 01 	lds	r30, 0x012A
    3bce:	f0 91 2b 01 	lds	r31, 0x012B
    3bd2:	86 81       	ldd	r24, Z+6	; 0x06
    3bd4:	97 81       	ldd	r25, Z+7	; 0x07
    3bd6:	9a 83       	std	Y+2, r25	; 0x02
    3bd8:	89 83       	std	Y+1, r24	; 0x01
			vListRemove( &( pxUnblockedCRCB->xEventListItem ) );
    3bda:	89 81       	ldd	r24, Y+1	; 0x01
    3bdc:	9a 81       	ldd	r25, Y+2	; 0x02
    3bde:	0c 96       	adiw	r24, 0x0c	; 12
    3be0:	0e 94 1f 21 	call	0x423e	; 0x423e <vListRemove>
		}
		portENABLE_INTERRUPTS();
    3be4:	78 94       	sei

		vListRemove( &( pxUnblockedCRCB->xGenericListItem ) );
    3be6:	89 81       	ldd	r24, Y+1	; 0x01
    3be8:	9a 81       	ldd	r25, Y+2	; 0x02
    3bea:	02 96       	adiw	r24, 0x02	; 2
    3bec:	0e 94 1f 21 	call	0x423e	; 0x423e <vListRemove>
		prvAddCoRoutineToReadyQueue( pxUnblockedCRCB );	
    3bf0:	e9 81       	ldd	r30, Y+1	; 0x01
    3bf2:	fa 81       	ldd	r31, Y+2	; 0x02
    3bf4:	96 89       	ldd	r25, Z+22	; 0x16
    3bf6:	80 91 f6 00 	lds	r24, 0x00F6
    3bfa:	89 17       	cp	r24, r25
    3bfc:	28 f4       	brcc	.+10     	; 0x3c08 <prvCheckPendingReadyList+0x4c>
    3bfe:	e9 81       	ldd	r30, Y+1	; 0x01
    3c00:	fa 81       	ldd	r31, Y+2	; 0x02
    3c02:	86 89       	ldd	r24, Z+22	; 0x16
    3c04:	80 93 f6 00 	sts	0x00F6, r24
    3c08:	e9 81       	ldd	r30, Y+1	; 0x01
    3c0a:	fa 81       	ldd	r31, Y+2	; 0x02
    3c0c:	86 89       	ldd	r24, Z+22	; 0x16
    3c0e:	28 2f       	mov	r18, r24
    3c10:	30 e0       	ldi	r19, 0x00	; 0
    3c12:	c9 01       	movw	r24, r18
    3c14:	88 0f       	add	r24, r24
    3c16:	99 1f       	adc	r25, r25
    3c18:	88 0f       	add	r24, r24
    3c1a:	99 1f       	adc	r25, r25
    3c1c:	88 0f       	add	r24, r24
    3c1e:	99 1f       	adc	r25, r25
    3c20:	82 0f       	add	r24, r18
    3c22:	93 1f       	adc	r25, r19
    3c24:	ac 01       	movw	r20, r24
    3c26:	43 50       	subi	r20, 0x03	; 3
    3c28:	5f 4f       	sbci	r21, 0xFF	; 255
    3c2a:	89 81       	ldd	r24, Y+1	; 0x01
    3c2c:	9a 81       	ldd	r25, Y+2	; 0x02
    3c2e:	9c 01       	movw	r18, r24
    3c30:	2e 5f       	subi	r18, 0xFE	; 254
    3c32:	3f 4f       	sbci	r19, 0xFF	; 255
    3c34:	ca 01       	movw	r24, r20
    3c36:	b9 01       	movw	r22, r18
    3c38:	0e 94 67 20 	call	0x40ce	; 0x40ce <vListInsertEnd>
static void prvCheckPendingReadyList( void )
{
	/* Are there any co-routines waiting to get moved to the ready list?  These
	are co-routines that have been readied by an ISR.  The ISR cannot access
	the	ready lists itself. */
	while( listLIST_IS_EMPTY( &xPendingReadyCoRoutineList ) == pdFALSE )
    3c3c:	80 91 25 01 	lds	r24, 0x0125
    3c40:	88 23       	and	r24, r24
    3c42:	09 f0       	breq	.+2      	; 0x3c46 <prvCheckPendingReadyList+0x8a>
    3c44:	c1 cf       	rjmp	.-126    	; 0x3bc8 <prvCheckPendingReadyList+0xc>
		portENABLE_INTERRUPTS();

		vListRemove( &( pxUnblockedCRCB->xGenericListItem ) );
		prvAddCoRoutineToReadyQueue( pxUnblockedCRCB );	
	}
}
    3c46:	0f 90       	pop	r0
    3c48:	0f 90       	pop	r0
    3c4a:	cf 91       	pop	r28
    3c4c:	df 91       	pop	r29
    3c4e:	08 95       	ret

00003c50 <prvCheckDelayedList>:
/*-----------------------------------------------------------*/

static void prvCheckDelayedList( void )
{
    3c50:	df 93       	push	r29
    3c52:	cf 93       	push	r28
    3c54:	00 d0       	rcall	.+0      	; 0x3c56 <prvCheckDelayedList+0x6>
    3c56:	00 d0       	rcall	.+0      	; 0x3c58 <prvCheckDelayedList+0x8>
    3c58:	cd b7       	in	r28, 0x3d	; 61
    3c5a:	de b7       	in	r29, 0x3e	; 62
corCRCB *pxCRCB;

	xPassedTicks = xTaskGetTickCount() - xLastTickCount;
    3c5c:	0e 94 0b 2d 	call	0x5a16	; 0x5a16 <xTaskGetTickCount>
    3c60:	20 91 f9 00 	lds	r18, 0x00F9
    3c64:	30 91 fa 00 	lds	r19, 0x00FA
    3c68:	82 1b       	sub	r24, r18
    3c6a:	93 0b       	sbc	r25, r19
    3c6c:	90 93 fc 00 	sts	0x00FC, r25
    3c70:	80 93 fb 00 	sts	0x00FB, r24
    3c74:	85 c0       	rjmp	.+266    	; 0x3d80 <prvCheckDelayedList+0x130>
	while( xPassedTicks )
	{
		xCoRoutineTickCount++;
    3c76:	80 91 f7 00 	lds	r24, 0x00F7
    3c7a:	90 91 f8 00 	lds	r25, 0x00F8
    3c7e:	01 96       	adiw	r24, 0x01	; 1
    3c80:	90 93 f8 00 	sts	0x00F8, r25
    3c84:	80 93 f7 00 	sts	0x00F7, r24
		xPassedTicks--;
    3c88:	80 91 fb 00 	lds	r24, 0x00FB
    3c8c:	90 91 fc 00 	lds	r25, 0x00FC
    3c90:	01 97       	sbiw	r24, 0x01	; 1
    3c92:	90 93 fc 00 	sts	0x00FC, r25
    3c96:	80 93 fb 00 	sts	0x00FB, r24

		/* If the tick count has overflowed we need to swap the ready lists. */
		if( xCoRoutineTickCount == 0 )
    3c9a:	80 91 f7 00 	lds	r24, 0x00F7
    3c9e:	90 91 f8 00 	lds	r25, 0x00F8
    3ca2:	00 97       	sbiw	r24, 0x00	; 0
    3ca4:	09 f0       	breq	.+2      	; 0x3ca8 <prvCheckDelayedList+0x58>
    3ca6:	64 c0       	rjmp	.+200    	; 0x3d70 <prvCheckDelayedList+0x120>
		{
			xList * pxTemp;

			/* Tick count has overflowed so we need to swap the delay lists.  If there are
			any items in pxDelayedCoRoutineList here then there is an error! */
			pxTemp = pxDelayedCoRoutineList;
    3ca8:	80 91 21 01 	lds	r24, 0x0121
    3cac:	90 91 22 01 	lds	r25, 0x0122
    3cb0:	9a 83       	std	Y+2, r25	; 0x02
    3cb2:	89 83       	std	Y+1, r24	; 0x01
			pxDelayedCoRoutineList = pxOverflowDelayedCoRoutineList;
    3cb4:	80 91 23 01 	lds	r24, 0x0123
    3cb8:	90 91 24 01 	lds	r25, 0x0124
    3cbc:	90 93 22 01 	sts	0x0122, r25
    3cc0:	80 93 21 01 	sts	0x0121, r24
			pxOverflowDelayedCoRoutineList = pxTemp;
    3cc4:	89 81       	ldd	r24, Y+1	; 0x01
    3cc6:	9a 81       	ldd	r25, Y+2	; 0x02
    3cc8:	90 93 24 01 	sts	0x0124, r25
    3ccc:	80 93 23 01 	sts	0x0123, r24
    3cd0:	4f c0       	rjmp	.+158    	; 0x3d70 <prvCheckDelayedList+0x120>
		}

		/* See if this tick has made a timeout expire. */
		while( listLIST_IS_EMPTY( pxDelayedCoRoutineList ) == pdFALSE )
		{
			pxCRCB = ( corCRCB * ) listGET_OWNER_OF_HEAD_ENTRY( pxDelayedCoRoutineList );
    3cd2:	e0 91 21 01 	lds	r30, 0x0121
    3cd6:	f0 91 22 01 	lds	r31, 0x0122
    3cda:	05 80       	ldd	r0, Z+5	; 0x05
    3cdc:	f6 81       	ldd	r31, Z+6	; 0x06
    3cde:	e0 2d       	mov	r30, r0
    3ce0:	86 81       	ldd	r24, Z+6	; 0x06
    3ce2:	97 81       	ldd	r25, Z+7	; 0x07
    3ce4:	9c 83       	std	Y+4, r25	; 0x04
    3ce6:	8b 83       	std	Y+3, r24	; 0x03

			if( xCoRoutineTickCount < listGET_LIST_ITEM_VALUE( &( pxCRCB->xGenericListItem ) ) )				
    3ce8:	eb 81       	ldd	r30, Y+3	; 0x03
    3cea:	fc 81       	ldd	r31, Y+4	; 0x04
    3cec:	22 81       	ldd	r18, Z+2	; 0x02
    3cee:	33 81       	ldd	r19, Z+3	; 0x03
    3cf0:	80 91 f7 00 	lds	r24, 0x00F7
    3cf4:	90 91 f8 00 	lds	r25, 0x00F8
    3cf8:	82 17       	cp	r24, r18
    3cfa:	93 07       	cpc	r25, r19
    3cfc:	08 f4       	brcc	.+2      	; 0x3d00 <prvCheckDelayedList+0xb0>
    3cfe:	40 c0       	rjmp	.+128    	; 0x3d80 <prvCheckDelayedList+0x130>
			{			
				/* Timeout not yet expired. */																			
				break;																				
			}																						

			portDISABLE_INTERRUPTS();
    3d00:	f8 94       	cli
				/* The event could have occurred just before this critical
				section.  If this is the case then the generic list item will
				have been moved to the pending ready list and the following
				line is still valid.  Also the pvContainer parameter will have
				been set to NULL so the following lines are also valid. */
				vListRemove( &( pxCRCB->xGenericListItem ) );											
    3d02:	8b 81       	ldd	r24, Y+3	; 0x03
    3d04:	9c 81       	ldd	r25, Y+4	; 0x04
    3d06:	02 96       	adiw	r24, 0x02	; 2
    3d08:	0e 94 1f 21 	call	0x423e	; 0x423e <vListRemove>

				/* Is the co-routine waiting on an event also? */												
				if( pxCRCB->xEventListItem.pvContainer )													
    3d0c:	eb 81       	ldd	r30, Y+3	; 0x03
    3d0e:	fc 81       	ldd	r31, Y+4	; 0x04
    3d10:	84 89       	ldd	r24, Z+20	; 0x14
    3d12:	95 89       	ldd	r25, Z+21	; 0x15
    3d14:	00 97       	sbiw	r24, 0x00	; 0
    3d16:	29 f0       	breq	.+10     	; 0x3d22 <prvCheckDelayedList+0xd2>
				{															
					vListRemove( &( pxCRCB->xEventListItem ) );											
    3d18:	8b 81       	ldd	r24, Y+3	; 0x03
    3d1a:	9c 81       	ldd	r25, Y+4	; 0x04
    3d1c:	0c 96       	adiw	r24, 0x0c	; 12
    3d1e:	0e 94 1f 21 	call	0x423e	; 0x423e <vListRemove>
				}
			}
			portENABLE_INTERRUPTS();
    3d22:	78 94       	sei

			prvAddCoRoutineToReadyQueue( pxCRCB );													
    3d24:	eb 81       	ldd	r30, Y+3	; 0x03
    3d26:	fc 81       	ldd	r31, Y+4	; 0x04
    3d28:	96 89       	ldd	r25, Z+22	; 0x16
    3d2a:	80 91 f6 00 	lds	r24, 0x00F6
    3d2e:	89 17       	cp	r24, r25
    3d30:	28 f4       	brcc	.+10     	; 0x3d3c <prvCheckDelayedList+0xec>
    3d32:	eb 81       	ldd	r30, Y+3	; 0x03
    3d34:	fc 81       	ldd	r31, Y+4	; 0x04
    3d36:	86 89       	ldd	r24, Z+22	; 0x16
    3d38:	80 93 f6 00 	sts	0x00F6, r24
    3d3c:	eb 81       	ldd	r30, Y+3	; 0x03
    3d3e:	fc 81       	ldd	r31, Y+4	; 0x04
    3d40:	86 89       	ldd	r24, Z+22	; 0x16
    3d42:	28 2f       	mov	r18, r24
    3d44:	30 e0       	ldi	r19, 0x00	; 0
    3d46:	c9 01       	movw	r24, r18
    3d48:	88 0f       	add	r24, r24
    3d4a:	99 1f       	adc	r25, r25
    3d4c:	88 0f       	add	r24, r24
    3d4e:	99 1f       	adc	r25, r25
    3d50:	88 0f       	add	r24, r24
    3d52:	99 1f       	adc	r25, r25
    3d54:	82 0f       	add	r24, r18
    3d56:	93 1f       	adc	r25, r19
    3d58:	ac 01       	movw	r20, r24
    3d5a:	43 50       	subi	r20, 0x03	; 3
    3d5c:	5f 4f       	sbci	r21, 0xFF	; 255
    3d5e:	8b 81       	ldd	r24, Y+3	; 0x03
    3d60:	9c 81       	ldd	r25, Y+4	; 0x04
    3d62:	9c 01       	movw	r18, r24
    3d64:	2e 5f       	subi	r18, 0xFE	; 254
    3d66:	3f 4f       	sbci	r19, 0xFF	; 255
    3d68:	ca 01       	movw	r24, r20
    3d6a:	b9 01       	movw	r22, r18
    3d6c:	0e 94 67 20 	call	0x40ce	; 0x40ce <vListInsertEnd>
			pxDelayedCoRoutineList = pxOverflowDelayedCoRoutineList;
			pxOverflowDelayedCoRoutineList = pxTemp;
		}

		/* See if this tick has made a timeout expire. */
		while( listLIST_IS_EMPTY( pxDelayedCoRoutineList ) == pdFALSE )
    3d70:	e0 91 21 01 	lds	r30, 0x0121
    3d74:	f0 91 22 01 	lds	r31, 0x0122
    3d78:	80 81       	ld	r24, Z
    3d7a:	88 23       	and	r24, r24
    3d7c:	09 f0       	breq	.+2      	; 0x3d80 <prvCheckDelayedList+0x130>
    3d7e:	a9 cf       	rjmp	.-174    	; 0x3cd2 <prvCheckDelayedList+0x82>
static void prvCheckDelayedList( void )
{
corCRCB *pxCRCB;

	xPassedTicks = xTaskGetTickCount() - xLastTickCount;
	while( xPassedTicks )
    3d80:	80 91 fb 00 	lds	r24, 0x00FB
    3d84:	90 91 fc 00 	lds	r25, 0x00FC
    3d88:	00 97       	sbiw	r24, 0x00	; 0
    3d8a:	09 f0       	breq	.+2      	; 0x3d8e <prvCheckDelayedList+0x13e>
    3d8c:	74 cf       	rjmp	.-280    	; 0x3c76 <prvCheckDelayedList+0x26>

			prvAddCoRoutineToReadyQueue( pxCRCB );													
		}																									
	}

	xLastTickCount = xCoRoutineTickCount;
    3d8e:	80 91 f7 00 	lds	r24, 0x00F7
    3d92:	90 91 f8 00 	lds	r25, 0x00F8
    3d96:	90 93 fa 00 	sts	0x00FA, r25
    3d9a:	80 93 f9 00 	sts	0x00F9, r24
}
    3d9e:	0f 90       	pop	r0
    3da0:	0f 90       	pop	r0
    3da2:	0f 90       	pop	r0
    3da4:	0f 90       	pop	r0
    3da6:	cf 91       	pop	r28
    3da8:	df 91       	pop	r29
    3daa:	08 95       	ret

00003dac <vCoRoutineSchedule>:
/*-----------------------------------------------------------*/

void vCoRoutineSchedule( void )
{
    3dac:	df 93       	push	r29
    3dae:	cf 93       	push	r28
    3db0:	00 d0       	rcall	.+0      	; 0x3db2 <vCoRoutineSchedule+0x6>
    3db2:	cd b7       	in	r28, 0x3d	; 61
    3db4:	de b7       	in	r29, 0x3e	; 62
	/* See if any co-routines readied by events need moving to the ready lists. */
	prvCheckPendingReadyList();
    3db6:	0e 94 de 1d 	call	0x3bbc	; 0x3bbc <prvCheckPendingReadyList>

	/* See if any delayed co-routines have timed out. */
	prvCheckDelayedList();
    3dba:	0e 94 28 1e 	call	0x3c50	; 0x3c50 <prvCheckDelayedList>
    3dbe:	0a c0       	rjmp	.+20     	; 0x3dd4 <vCoRoutineSchedule+0x28>

	/* Find the highest priority queue that contains ready co-routines. */
	while( listLIST_IS_EMPTY( &( pxReadyCoRoutineLists[ uxTopCoRoutineReadyPriority ] ) ) )
	{
		if( uxTopCoRoutineReadyPriority == 0 )
    3dc0:	80 91 f6 00 	lds	r24, 0x00F6
    3dc4:	88 23       	and	r24, r24
    3dc6:	09 f4       	brne	.+2      	; 0x3dca <vCoRoutineSchedule+0x1e>
    3dc8:	66 c0       	rjmp	.+204    	; 0x3e96 <vCoRoutineSchedule+0xea>
		{
			/* No more co-routines to check. */
			return;
		}
		--uxTopCoRoutineReadyPriority;
    3dca:	80 91 f6 00 	lds	r24, 0x00F6
    3dce:	81 50       	subi	r24, 0x01	; 1
    3dd0:	80 93 f6 00 	sts	0x00F6, r24

	/* See if any delayed co-routines have timed out. */
	prvCheckDelayedList();

	/* Find the highest priority queue that contains ready co-routines. */
	while( listLIST_IS_EMPTY( &( pxReadyCoRoutineLists[ uxTopCoRoutineReadyPriority ] ) ) )
    3dd4:	80 91 f6 00 	lds	r24, 0x00F6
    3dd8:	28 2f       	mov	r18, r24
    3dda:	30 e0       	ldi	r19, 0x00	; 0
    3ddc:	c9 01       	movw	r24, r18
    3dde:	88 0f       	add	r24, r24
    3de0:	99 1f       	adc	r25, r25
    3de2:	88 0f       	add	r24, r24
    3de4:	99 1f       	adc	r25, r25
    3de6:	88 0f       	add	r24, r24
    3de8:	99 1f       	adc	r25, r25
    3dea:	82 0f       	add	r24, r18
    3dec:	93 1f       	adc	r25, r19
    3dee:	fc 01       	movw	r30, r24
    3df0:	e3 50       	subi	r30, 0x03	; 3
    3df2:	ff 4f       	sbci	r31, 0xFF	; 255
    3df4:	80 81       	ld	r24, Z
    3df6:	88 23       	and	r24, r24
    3df8:	19 f3       	breq	.-58     	; 0x3dc0 <vCoRoutineSchedule+0x14>
		--uxTopCoRoutineReadyPriority;
	}

	/* listGET_OWNER_OF_NEXT_ENTRY walks through the list, so the co-routines
	 of the	same priority get an equal share of the processor time. */
	listGET_OWNER_OF_NEXT_ENTRY( pxCurrentCoRoutine, &( pxReadyCoRoutineLists[ uxTopCoRoutineReadyPriority ] ) );
    3dfa:	80 91 f6 00 	lds	r24, 0x00F6
    3dfe:	28 2f       	mov	r18, r24
    3e00:	30 e0       	ldi	r19, 0x00	; 0
    3e02:	c9 01       	movw	r24, r18
    3e04:	88 0f       	add	r24, r24
    3e06:	99 1f       	adc	r25, r25
    3e08:	88 0f       	add	r24, r24
    3e0a:	99 1f       	adc	r25, r25
    3e0c:	88 0f       	add	r24, r24
    3e0e:	99 1f       	adc	r25, r25
    3e10:	82 0f       	add	r24, r18
    3e12:	93 1f       	adc	r25, r19
    3e14:	83 50       	subi	r24, 0x03	; 3
    3e16:	9f 4f       	sbci	r25, 0xFF	; 255
    3e18:	9a 83       	std	Y+2, r25	; 0x02
    3e1a:	89 83       	std	Y+1, r24	; 0x01
    3e1c:	e9 81       	ldd	r30, Y+1	; 0x01
    3e1e:	fa 81       	ldd	r31, Y+2	; 0x02
    3e20:	01 80       	ldd	r0, Z+1	; 0x01
    3e22:	f2 81       	ldd	r31, Z+2	; 0x02
    3e24:	e0 2d       	mov	r30, r0
    3e26:	82 81       	ldd	r24, Z+2	; 0x02
    3e28:	93 81       	ldd	r25, Z+3	; 0x03
    3e2a:	e9 81       	ldd	r30, Y+1	; 0x01
    3e2c:	fa 81       	ldd	r31, Y+2	; 0x02
    3e2e:	92 83       	std	Z+2, r25	; 0x02
    3e30:	81 83       	std	Z+1, r24	; 0x01
    3e32:	e9 81       	ldd	r30, Y+1	; 0x01
    3e34:	fa 81       	ldd	r31, Y+2	; 0x02
    3e36:	21 81       	ldd	r18, Z+1	; 0x01
    3e38:	32 81       	ldd	r19, Z+2	; 0x02
    3e3a:	89 81       	ldd	r24, Y+1	; 0x01
    3e3c:	9a 81       	ldd	r25, Y+2	; 0x02
    3e3e:	03 96       	adiw	r24, 0x03	; 3
    3e40:	28 17       	cp	r18, r24
    3e42:	39 07       	cpc	r19, r25
    3e44:	59 f4       	brne	.+22     	; 0x3e5c <vCoRoutineSchedule+0xb0>
    3e46:	e9 81       	ldd	r30, Y+1	; 0x01
    3e48:	fa 81       	ldd	r31, Y+2	; 0x02
    3e4a:	01 80       	ldd	r0, Z+1	; 0x01
    3e4c:	f2 81       	ldd	r31, Z+2	; 0x02
    3e4e:	e0 2d       	mov	r30, r0
    3e50:	82 81       	ldd	r24, Z+2	; 0x02
    3e52:	93 81       	ldd	r25, Z+3	; 0x03
    3e54:	e9 81       	ldd	r30, Y+1	; 0x01
    3e56:	fa 81       	ldd	r31, Y+2	; 0x02
    3e58:	92 83       	std	Z+2, r25	; 0x02
    3e5a:	81 83       	std	Z+1, r24	; 0x01
    3e5c:	e9 81       	ldd	r30, Y+1	; 0x01
    3e5e:	fa 81       	ldd	r31, Y+2	; 0x02
    3e60:	01 80       	ldd	r0, Z+1	; 0x01
    3e62:	f2 81       	ldd	r31, Z+2	; 0x02
    3e64:	e0 2d       	mov	r30, r0
    3e66:	86 81       	ldd	r24, Z+6	; 0x06
    3e68:	97 81       	ldd	r25, Z+7	; 0x07
    3e6a:	90 93 f5 00 	sts	0x00F5, r25
    3e6e:	80 93 f4 00 	sts	0x00F4, r24

	/* Call the co-routine. */
	( pxCurrentCoRoutine->pxCoRoutineFunction )( pxCurrentCoRoutine, pxCurrentCoRoutine->uxIndex );
    3e72:	e0 91 f4 00 	lds	r30, 0x00F4
    3e76:	f0 91 f5 00 	lds	r31, 0x00F5
    3e7a:	40 81       	ld	r20, Z
    3e7c:	51 81       	ldd	r21, Z+1	; 0x01
    3e7e:	80 91 f4 00 	lds	r24, 0x00F4
    3e82:	90 91 f5 00 	lds	r25, 0x00F5
    3e86:	e0 91 f4 00 	lds	r30, 0x00F4
    3e8a:	f0 91 f5 00 	lds	r31, 0x00F5
    3e8e:	27 89       	ldd	r18, Z+23	; 0x17
    3e90:	62 2f       	mov	r22, r18
    3e92:	fa 01       	movw	r30, r20
    3e94:	09 95       	icall

	return;
}
    3e96:	0f 90       	pop	r0
    3e98:	0f 90       	pop	r0
    3e9a:	cf 91       	pop	r28
    3e9c:	df 91       	pop	r29
    3e9e:	08 95       	ret

00003ea0 <prvInitialiseCoRoutineLists>:
/*-----------------------------------------------------------*/

static void prvInitialiseCoRoutineLists( void )
{
    3ea0:	df 93       	push	r29
    3ea2:	cf 93       	push	r28
    3ea4:	0f 92       	push	r0
    3ea6:	cd b7       	in	r28, 0x3d	; 61
    3ea8:	de b7       	in	r29, 0x3e	; 62
unsigned portBASE_TYPE uxPriority;

	for( uxPriority = 0; uxPriority < configMAX_CO_ROUTINE_PRIORITIES; uxPriority++ )
    3eaa:	19 82       	std	Y+1, r1	; 0x01
    3eac:	13 c0       	rjmp	.+38     	; 0x3ed4 <prvInitialiseCoRoutineLists+0x34>
	{
		vListInitialise( ( xList * ) &( pxReadyCoRoutineLists[ uxPriority ] ) );
    3eae:	89 81       	ldd	r24, Y+1	; 0x01
    3eb0:	28 2f       	mov	r18, r24
    3eb2:	30 e0       	ldi	r19, 0x00	; 0
    3eb4:	c9 01       	movw	r24, r18
    3eb6:	88 0f       	add	r24, r24
    3eb8:	99 1f       	adc	r25, r25
    3eba:	88 0f       	add	r24, r24
    3ebc:	99 1f       	adc	r25, r25
    3ebe:	88 0f       	add	r24, r24
    3ec0:	99 1f       	adc	r25, r25
    3ec2:	82 0f       	add	r24, r18
    3ec4:	93 1f       	adc	r25, r19
    3ec6:	83 50       	subi	r24, 0x03	; 3
    3ec8:	9f 4f       	sbci	r25, 0xFF	; 255
    3eca:	0e 94 2d 20 	call	0x405a	; 0x405a <vListInitialise>

static void prvInitialiseCoRoutineLists( void )
{
unsigned portBASE_TYPE uxPriority;

	for( uxPriority = 0; uxPriority < configMAX_CO_ROUTINE_PRIORITIES; uxPriority++ )
    3ece:	89 81       	ldd	r24, Y+1	; 0x01
    3ed0:	8f 5f       	subi	r24, 0xFF	; 255
    3ed2:	89 83       	std	Y+1, r24	; 0x01
    3ed4:	89 81       	ldd	r24, Y+1	; 0x01
    3ed6:	82 30       	cpi	r24, 0x02	; 2
    3ed8:	50 f3       	brcs	.-44     	; 0x3eae <prvInitialiseCoRoutineLists+0xe>
	{
		vListInitialise( ( xList * ) &( pxReadyCoRoutineLists[ uxPriority ] ) );
	}

	vListInitialise( ( xList * ) &xDelayedCoRoutineList1 );
    3eda:	8f e0       	ldi	r24, 0x0F	; 15
    3edc:	91 e0       	ldi	r25, 0x01	; 1
    3ede:	0e 94 2d 20 	call	0x405a	; 0x405a <vListInitialise>
	vListInitialise( ( xList * ) &xDelayedCoRoutineList2 );
    3ee2:	88 e1       	ldi	r24, 0x18	; 24
    3ee4:	91 e0       	ldi	r25, 0x01	; 1
    3ee6:	0e 94 2d 20 	call	0x405a	; 0x405a <vListInitialise>
	vListInitialise( ( xList * ) &xPendingReadyCoRoutineList );
    3eea:	85 e2       	ldi	r24, 0x25	; 37
    3eec:	91 e0       	ldi	r25, 0x01	; 1
    3eee:	0e 94 2d 20 	call	0x405a	; 0x405a <vListInitialise>

	/* Start with pxDelayedCoRoutineList using list1 and the
	pxOverflowDelayedCoRoutineList using list2. */
	pxDelayedCoRoutineList = &xDelayedCoRoutineList1;
    3ef2:	8f e0       	ldi	r24, 0x0F	; 15
    3ef4:	91 e0       	ldi	r25, 0x01	; 1
    3ef6:	90 93 22 01 	sts	0x0122, r25
    3efa:	80 93 21 01 	sts	0x0121, r24
	pxOverflowDelayedCoRoutineList = &xDelayedCoRoutineList2;
    3efe:	88 e1       	ldi	r24, 0x18	; 24
    3f00:	91 e0       	ldi	r25, 0x01	; 1
    3f02:	90 93 24 01 	sts	0x0124, r25
    3f06:	80 93 23 01 	sts	0x0123, r24
}
    3f0a:	0f 90       	pop	r0
    3f0c:	cf 91       	pop	r28
    3f0e:	df 91       	pop	r29
    3f10:	08 95       	ret

00003f12 <xCoRoutineRemoveFromEventList>:
/*-----------------------------------------------------------*/

signed portBASE_TYPE xCoRoutineRemoveFromEventList( const xList *pxEventList )
{
    3f12:	df 93       	push	r29
    3f14:	cf 93       	push	r28
    3f16:	00 d0       	rcall	.+0      	; 0x3f18 <xCoRoutineRemoveFromEventList+0x6>
    3f18:	00 d0       	rcall	.+0      	; 0x3f1a <xCoRoutineRemoveFromEventList+0x8>
    3f1a:	0f 92       	push	r0
    3f1c:	cd b7       	in	r28, 0x3d	; 61
    3f1e:	de b7       	in	r29, 0x3e	; 62
    3f20:	9d 83       	std	Y+5, r25	; 0x05
    3f22:	8c 83       	std	Y+4, r24	; 0x04
signed portBASE_TYPE xReturn;

	/* This function is called from within an interrupt.  It can only access
	event lists and the pending ready list.  This function assumes that a
	check has already been made to ensure pxEventList is not empty. */
	pxUnblockedCRCB = ( corCRCB * ) listGET_OWNER_OF_HEAD_ENTRY( pxEventList );
    3f24:	ec 81       	ldd	r30, Y+4	; 0x04
    3f26:	fd 81       	ldd	r31, Y+5	; 0x05
    3f28:	05 80       	ldd	r0, Z+5	; 0x05
    3f2a:	f6 81       	ldd	r31, Z+6	; 0x06
    3f2c:	e0 2d       	mov	r30, r0
    3f2e:	86 81       	ldd	r24, Z+6	; 0x06
    3f30:	97 81       	ldd	r25, Z+7	; 0x07
    3f32:	9b 83       	std	Y+3, r25	; 0x03
    3f34:	8a 83       	std	Y+2, r24	; 0x02
	vListRemove( &( pxUnblockedCRCB->xEventListItem ) );
    3f36:	8a 81       	ldd	r24, Y+2	; 0x02
    3f38:	9b 81       	ldd	r25, Y+3	; 0x03
    3f3a:	0c 96       	adiw	r24, 0x0c	; 12
    3f3c:	0e 94 1f 21 	call	0x423e	; 0x423e <vListRemove>
	vListInsertEnd( ( xList * ) &( xPendingReadyCoRoutineList ), &( pxUnblockedCRCB->xEventListItem ) );
    3f40:	8a 81       	ldd	r24, Y+2	; 0x02
    3f42:	9b 81       	ldd	r25, Y+3	; 0x03
    3f44:	9c 01       	movw	r18, r24
    3f46:	24 5f       	subi	r18, 0xF4	; 244
    3f48:	3f 4f       	sbci	r19, 0xFF	; 255
    3f4a:	85 e2       	ldi	r24, 0x25	; 37
    3f4c:	91 e0       	ldi	r25, 0x01	; 1
    3f4e:	b9 01       	movw	r22, r18
    3f50:	0e 94 67 20 	call	0x40ce	; 0x40ce <vListInsertEnd>

	if( pxUnblockedCRCB->uxPriority >= pxCurrentCoRoutine->uxPriority )
    3f54:	ea 81       	ldd	r30, Y+2	; 0x02
    3f56:	fb 81       	ldd	r31, Y+3	; 0x03
    3f58:	96 89       	ldd	r25, Z+22	; 0x16
    3f5a:	e0 91 f4 00 	lds	r30, 0x00F4
    3f5e:	f0 91 f5 00 	lds	r31, 0x00F5
    3f62:	86 89       	ldd	r24, Z+22	; 0x16
    3f64:	98 17       	cp	r25, r24
    3f66:	18 f0       	brcs	.+6      	; 0x3f6e <xCoRoutineRemoveFromEventList+0x5c>
	{
		xReturn = pdTRUE;
    3f68:	81 e0       	ldi	r24, 0x01	; 1
    3f6a:	89 83       	std	Y+1, r24	; 0x01
    3f6c:	01 c0       	rjmp	.+2      	; 0x3f70 <xCoRoutineRemoveFromEventList+0x5e>
	}
	else
	{
		xReturn = pdFALSE;
    3f6e:	19 82       	std	Y+1, r1	; 0x01
	}

	return xReturn;
    3f70:	89 81       	ldd	r24, Y+1	; 0x01
}
    3f72:	0f 90       	pop	r0
    3f74:	0f 90       	pop	r0
    3f76:	0f 90       	pop	r0
    3f78:	0f 90       	pop	r0
    3f7a:	0f 90       	pop	r0
    3f7c:	cf 91       	pop	r28
    3f7e:	df 91       	pop	r29
    3f80:	08 95       	ret

00003f82 <pvPortMalloc>:

static size_t xNextFreeByte = ( size_t ) 0;
/*-----------------------------------------------------------*/

void *pvPortMalloc( size_t xWantedSize )
{
    3f82:	df 93       	push	r29
    3f84:	cf 93       	push	r28
    3f86:	00 d0       	rcall	.+0      	; 0x3f88 <pvPortMalloc+0x6>
    3f88:	00 d0       	rcall	.+0      	; 0x3f8a <pvPortMalloc+0x8>
    3f8a:	cd b7       	in	r28, 0x3d	; 61
    3f8c:	de b7       	in	r29, 0x3e	; 62
    3f8e:	9c 83       	std	Y+4, r25	; 0x04
    3f90:	8b 83       	std	Y+3, r24	; 0x03
void *pvReturn = NULL; 
    3f92:	1a 82       	std	Y+2, r1	; 0x02
    3f94:	19 82       	std	Y+1, r1	; 0x01
			/* Byte alignment required. */
			xWantedSize += ( portBYTE_ALIGNMENT - ( xWantedSize & portBYTE_ALIGNMENT_MASK ) );
		}
	#endif

	vTaskSuspendAll();
    3f96:	0e 94 75 2c 	call	0x58ea	; 0x58ea <vTaskSuspendAll>
	{
		/* Check there is enough room left for the allocation. */
		if( ( ( xNextFreeByte + xWantedSize ) < configTOTAL_HEAP_SIZE ) &&
    3f9a:	80 91 2e 01 	lds	r24, 0x012E
    3f9e:	90 91 2f 01 	lds	r25, 0x012F
    3fa2:	2b 81       	ldd	r18, Y+3	; 0x03
    3fa4:	3c 81       	ldd	r19, Y+4	; 0x04
    3fa6:	82 0f       	add	r24, r18
    3fa8:	93 1f       	adc	r25, r19
    3faa:	23 e0       	ldi	r18, 0x03	; 3
    3fac:	88 3e       	cpi	r24, 0xE8	; 232
    3fae:	92 07       	cpc	r25, r18
    3fb0:	18 f5       	brcc	.+70     	; 0x3ff8 <pvPortMalloc+0x76>
    3fb2:	20 91 2e 01 	lds	r18, 0x012E
    3fb6:	30 91 2f 01 	lds	r19, 0x012F
    3fba:	8b 81       	ldd	r24, Y+3	; 0x03
    3fbc:	9c 81       	ldd	r25, Y+4	; 0x04
    3fbe:	28 0f       	add	r18, r24
    3fc0:	39 1f       	adc	r19, r25
    3fc2:	80 91 2e 01 	lds	r24, 0x012E
    3fc6:	90 91 2f 01 	lds	r25, 0x012F
    3fca:	82 17       	cp	r24, r18
    3fcc:	93 07       	cpc	r25, r19
    3fce:	a0 f4       	brcc	.+40     	; 0x3ff8 <pvPortMalloc+0x76>
			( ( xNextFreeByte + xWantedSize ) > xNextFreeByte )	)/* Check for overflow. */
		{
			/* Return the next free byte then increment the index past this
			block. */
			pvReturn = &( xHeap.ucHeap[ xNextFreeByte ] );
    3fd0:	80 91 2e 01 	lds	r24, 0x012E
    3fd4:	90 91 2f 01 	lds	r25, 0x012F
    3fd8:	80 5d       	subi	r24, 0xD0	; 208
    3fda:	9e 4f       	sbci	r25, 0xFE	; 254
    3fdc:	9a 83       	std	Y+2, r25	; 0x02
    3fde:	89 83       	std	Y+1, r24	; 0x01
			xNextFreeByte += xWantedSize;			
    3fe0:	20 91 2e 01 	lds	r18, 0x012E
    3fe4:	30 91 2f 01 	lds	r19, 0x012F
    3fe8:	8b 81       	ldd	r24, Y+3	; 0x03
    3fea:	9c 81       	ldd	r25, Y+4	; 0x04
    3fec:	82 0f       	add	r24, r18
    3fee:	93 1f       	adc	r25, r19
    3ff0:	90 93 2f 01 	sts	0x012F, r25
    3ff4:	80 93 2e 01 	sts	0x012E, r24
		}	
	}
	xTaskResumeAll();
    3ff8:	0e 94 81 2c 	call	0x5902	; 0x5902 <xTaskResumeAll>
			vApplicationMallocFailedHook();
		}
	}
	#endif	

	return pvReturn;
    3ffc:	89 81       	ldd	r24, Y+1	; 0x01
    3ffe:	9a 81       	ldd	r25, Y+2	; 0x02
}
    4000:	0f 90       	pop	r0
    4002:	0f 90       	pop	r0
    4004:	0f 90       	pop	r0
    4006:	0f 90       	pop	r0
    4008:	cf 91       	pop	r28
    400a:	df 91       	pop	r29
    400c:	08 95       	ret

0000400e <vPortFree>:
/*-----------------------------------------------------------*/

void vPortFree( void *pv )
{
    400e:	df 93       	push	r29
    4010:	cf 93       	push	r28
    4012:	00 d0       	rcall	.+0      	; 0x4014 <vPortFree+0x6>
    4014:	cd b7       	in	r28, 0x3d	; 61
    4016:	de b7       	in	r29, 0x3e	; 62
    4018:	9a 83       	std	Y+2, r25	; 0x02
    401a:	89 83       	std	Y+1, r24	; 0x01
	/* Memory cannot be freed using this scheme.  See heap_2.c and heap_3.c 
	for alternative implementations, and the memory management pages of 
	http://www.FreeRTOS.org for more information. */
	( void ) pv;
}
    401c:	0f 90       	pop	r0
    401e:	0f 90       	pop	r0
    4020:	cf 91       	pop	r28
    4022:	df 91       	pop	r29
    4024:	08 95       	ret

00004026 <vPortInitialiseBlocks>:
/*-----------------------------------------------------------*/

void vPortInitialiseBlocks( void )
{
    4026:	df 93       	push	r29
    4028:	cf 93       	push	r28
    402a:	cd b7       	in	r28, 0x3d	; 61
    402c:	de b7       	in	r29, 0x3e	; 62
	/* Only required when static memory is not cleared. */
	xNextFreeByte = ( size_t ) 0;
    402e:	10 92 2f 01 	sts	0x012F, r1
    4032:	10 92 2e 01 	sts	0x012E, r1
}
    4036:	cf 91       	pop	r28
    4038:	df 91       	pop	r29
    403a:	08 95       	ret

0000403c <xPortGetFreeHeapSize>:
/*-----------------------------------------------------------*/

size_t xPortGetFreeHeapSize( void )
{
    403c:	df 93       	push	r29
    403e:	cf 93       	push	r28
    4040:	cd b7       	in	r28, 0x3d	; 61
    4042:	de b7       	in	r29, 0x3e	; 62
	return ( configTOTAL_HEAP_SIZE - xNextFreeByte );
    4044:	20 91 2e 01 	lds	r18, 0x012E
    4048:	30 91 2f 01 	lds	r19, 0x012F
    404c:	88 ee       	ldi	r24, 0xE8	; 232
    404e:	93 e0       	ldi	r25, 0x03	; 3
    4050:	82 1b       	sub	r24, r18
    4052:	93 0b       	sbc	r25, r19
}
    4054:	cf 91       	pop	r28
    4056:	df 91       	pop	r29
    4058:	08 95       	ret

0000405a <vListInitialise>:
/*-----------------------------------------------------------
 * PUBLIC LIST API documented in list.h
 *----------------------------------------------------------*/

void vListInitialise( xList *pxList )
{
    405a:	df 93       	push	r29
    405c:	cf 93       	push	r28
    405e:	00 d0       	rcall	.+0      	; 0x4060 <vListInitialise+0x6>
    4060:	cd b7       	in	r28, 0x3d	; 61
    4062:	de b7       	in	r29, 0x3e	; 62
    4064:	9a 83       	std	Y+2, r25	; 0x02
    4066:	89 83       	std	Y+1, r24	; 0x01
	/* The list structure contains a list item which is used to mark the
	end of the list.  To initialise the list the list end is inserted
	as the only list entry. */
	pxList->pxIndex = ( xListItem * ) &( pxList->xListEnd );
    4068:	89 81       	ldd	r24, Y+1	; 0x01
    406a:	9a 81       	ldd	r25, Y+2	; 0x02
    406c:	03 96       	adiw	r24, 0x03	; 3
    406e:	e9 81       	ldd	r30, Y+1	; 0x01
    4070:	fa 81       	ldd	r31, Y+2	; 0x02
    4072:	92 83       	std	Z+2, r25	; 0x02
    4074:	81 83       	std	Z+1, r24	; 0x01

	/* The list end value is the highest possible value in the list to
	ensure it remains at the end of the list. */
	pxList->xListEnd.xItemValue = portMAX_DELAY;
    4076:	e9 81       	ldd	r30, Y+1	; 0x01
    4078:	fa 81       	ldd	r31, Y+2	; 0x02
    407a:	8f ef       	ldi	r24, 0xFF	; 255
    407c:	9f ef       	ldi	r25, 0xFF	; 255
    407e:	94 83       	std	Z+4, r25	; 0x04
    4080:	83 83       	std	Z+3, r24	; 0x03

	/* The list end next and previous pointers point to itself so we know
	when the list is empty. */
	pxList->xListEnd.pxNext = ( xListItem * ) &( pxList->xListEnd );
    4082:	89 81       	ldd	r24, Y+1	; 0x01
    4084:	9a 81       	ldd	r25, Y+2	; 0x02
    4086:	03 96       	adiw	r24, 0x03	; 3
    4088:	e9 81       	ldd	r30, Y+1	; 0x01
    408a:	fa 81       	ldd	r31, Y+2	; 0x02
    408c:	96 83       	std	Z+6, r25	; 0x06
    408e:	85 83       	std	Z+5, r24	; 0x05
	pxList->xListEnd.pxPrevious = ( xListItem * ) &( pxList->xListEnd );
    4090:	89 81       	ldd	r24, Y+1	; 0x01
    4092:	9a 81       	ldd	r25, Y+2	; 0x02
    4094:	03 96       	adiw	r24, 0x03	; 3
    4096:	e9 81       	ldd	r30, Y+1	; 0x01
    4098:	fa 81       	ldd	r31, Y+2	; 0x02
    409a:	90 87       	std	Z+8, r25	; 0x08
    409c:	87 83       	std	Z+7, r24	; 0x07

	pxList->uxNumberOfItems = ( unsigned portBASE_TYPE ) 0U;
    409e:	e9 81       	ldd	r30, Y+1	; 0x01
    40a0:	fa 81       	ldd	r31, Y+2	; 0x02
    40a2:	10 82       	st	Z, r1
}
    40a4:	0f 90       	pop	r0
    40a6:	0f 90       	pop	r0
    40a8:	cf 91       	pop	r28
    40aa:	df 91       	pop	r29
    40ac:	08 95       	ret

000040ae <vListInitialiseItem>:
/*-----------------------------------------------------------*/

void vListInitialiseItem( xListItem *pxItem )
{
    40ae:	df 93       	push	r29
    40b0:	cf 93       	push	r28
    40b2:	00 d0       	rcall	.+0      	; 0x40b4 <vListInitialiseItem+0x6>
    40b4:	cd b7       	in	r28, 0x3d	; 61
    40b6:	de b7       	in	r29, 0x3e	; 62
    40b8:	9a 83       	std	Y+2, r25	; 0x02
    40ba:	89 83       	std	Y+1, r24	; 0x01
	/* Make sure the list item is not recorded as being on a list. */
	pxItem->pvContainer = NULL;
    40bc:	e9 81       	ldd	r30, Y+1	; 0x01
    40be:	fa 81       	ldd	r31, Y+2	; 0x02
    40c0:	11 86       	std	Z+9, r1	; 0x09
    40c2:	10 86       	std	Z+8, r1	; 0x08
}
    40c4:	0f 90       	pop	r0
    40c6:	0f 90       	pop	r0
    40c8:	cf 91       	pop	r28
    40ca:	df 91       	pop	r29
    40cc:	08 95       	ret

000040ce <vListInsertEnd>:
/*-----------------------------------------------------------*/

void vListInsertEnd( xList *pxList, xListItem *pxNewListItem )
{
    40ce:	df 93       	push	r29
    40d0:	cf 93       	push	r28
    40d2:	00 d0       	rcall	.+0      	; 0x40d4 <vListInsertEnd+0x6>
    40d4:	00 d0       	rcall	.+0      	; 0x40d6 <vListInsertEnd+0x8>
    40d6:	00 d0       	rcall	.+0      	; 0x40d8 <vListInsertEnd+0xa>
    40d8:	cd b7       	in	r28, 0x3d	; 61
    40da:	de b7       	in	r29, 0x3e	; 62
    40dc:	9c 83       	std	Y+4, r25	; 0x04
    40de:	8b 83       	std	Y+3, r24	; 0x03
    40e0:	7e 83       	std	Y+6, r23	; 0x06
    40e2:	6d 83       	std	Y+5, r22	; 0x05

	/* Insert a new list item into pxList, but rather than sort the list,
	makes the new list item the last item to be removed by a call to
	pvListGetOwnerOfNextEntry.  This means it has to be the item pointed to by
	the pxIndex member. */
	pxIndex = pxList->pxIndex;
    40e4:	eb 81       	ldd	r30, Y+3	; 0x03
    40e6:	fc 81       	ldd	r31, Y+4	; 0x04
    40e8:	81 81       	ldd	r24, Z+1	; 0x01
    40ea:	92 81       	ldd	r25, Z+2	; 0x02
    40ec:	9a 83       	std	Y+2, r25	; 0x02
    40ee:	89 83       	std	Y+1, r24	; 0x01

	pxNewListItem->pxNext = pxIndex->pxNext;
    40f0:	e9 81       	ldd	r30, Y+1	; 0x01
    40f2:	fa 81       	ldd	r31, Y+2	; 0x02
    40f4:	82 81       	ldd	r24, Z+2	; 0x02
    40f6:	93 81       	ldd	r25, Z+3	; 0x03
    40f8:	ed 81       	ldd	r30, Y+5	; 0x05
    40fa:	fe 81       	ldd	r31, Y+6	; 0x06
    40fc:	93 83       	std	Z+3, r25	; 0x03
    40fe:	82 83       	std	Z+2, r24	; 0x02
	pxNewListItem->pxPrevious = pxList->pxIndex;
    4100:	eb 81       	ldd	r30, Y+3	; 0x03
    4102:	fc 81       	ldd	r31, Y+4	; 0x04
    4104:	81 81       	ldd	r24, Z+1	; 0x01
    4106:	92 81       	ldd	r25, Z+2	; 0x02
    4108:	ed 81       	ldd	r30, Y+5	; 0x05
    410a:	fe 81       	ldd	r31, Y+6	; 0x06
    410c:	95 83       	std	Z+5, r25	; 0x05
    410e:	84 83       	std	Z+4, r24	; 0x04
	pxIndex->pxNext->pxPrevious = ( volatile xListItem * ) pxNewListItem;
    4110:	e9 81       	ldd	r30, Y+1	; 0x01
    4112:	fa 81       	ldd	r31, Y+2	; 0x02
    4114:	02 80       	ldd	r0, Z+2	; 0x02
    4116:	f3 81       	ldd	r31, Z+3	; 0x03
    4118:	e0 2d       	mov	r30, r0
    411a:	8d 81       	ldd	r24, Y+5	; 0x05
    411c:	9e 81       	ldd	r25, Y+6	; 0x06
    411e:	95 83       	std	Z+5, r25	; 0x05
    4120:	84 83       	std	Z+4, r24	; 0x04
	pxIndex->pxNext = ( volatile xListItem * ) pxNewListItem;
    4122:	8d 81       	ldd	r24, Y+5	; 0x05
    4124:	9e 81       	ldd	r25, Y+6	; 0x06
    4126:	e9 81       	ldd	r30, Y+1	; 0x01
    4128:	fa 81       	ldd	r31, Y+2	; 0x02
    412a:	93 83       	std	Z+3, r25	; 0x03
    412c:	82 83       	std	Z+2, r24	; 0x02
	pxList->pxIndex = ( volatile xListItem * ) pxNewListItem;
    412e:	8d 81       	ldd	r24, Y+5	; 0x05
    4130:	9e 81       	ldd	r25, Y+6	; 0x06
    4132:	eb 81       	ldd	r30, Y+3	; 0x03
    4134:	fc 81       	ldd	r31, Y+4	; 0x04
    4136:	92 83       	std	Z+2, r25	; 0x02
    4138:	81 83       	std	Z+1, r24	; 0x01

	/* Remember which list the item is in. */
	pxNewListItem->pvContainer = ( void * ) pxList;
    413a:	ed 81       	ldd	r30, Y+5	; 0x05
    413c:	fe 81       	ldd	r31, Y+6	; 0x06
    413e:	8b 81       	ldd	r24, Y+3	; 0x03
    4140:	9c 81       	ldd	r25, Y+4	; 0x04
    4142:	91 87       	std	Z+9, r25	; 0x09
    4144:	80 87       	std	Z+8, r24	; 0x08

	( pxList->uxNumberOfItems )++;
    4146:	eb 81       	ldd	r30, Y+3	; 0x03
    4148:	fc 81       	ldd	r31, Y+4	; 0x04
    414a:	80 81       	ld	r24, Z
    414c:	8f 5f       	subi	r24, 0xFF	; 255
    414e:	eb 81       	ldd	r30, Y+3	; 0x03
    4150:	fc 81       	ldd	r31, Y+4	; 0x04
    4152:	80 83       	st	Z, r24
}
    4154:	26 96       	adiw	r28, 0x06	; 6
    4156:	0f b6       	in	r0, 0x3f	; 63
    4158:	f8 94       	cli
    415a:	de bf       	out	0x3e, r29	; 62
    415c:	0f be       	out	0x3f, r0	; 63
    415e:	cd bf       	out	0x3d, r28	; 61
    4160:	cf 91       	pop	r28
    4162:	df 91       	pop	r29
    4164:	08 95       	ret

00004166 <vListInsert>:
/*-----------------------------------------------------------*/

void vListInsert( xList *pxList, xListItem *pxNewListItem )
{
    4166:	df 93       	push	r29
    4168:	cf 93       	push	r28
    416a:	cd b7       	in	r28, 0x3d	; 61
    416c:	de b7       	in	r29, 0x3e	; 62
    416e:	28 97       	sbiw	r28, 0x08	; 8
    4170:	0f b6       	in	r0, 0x3f	; 63
    4172:	f8 94       	cli
    4174:	de bf       	out	0x3e, r29	; 62
    4176:	0f be       	out	0x3f, r0	; 63
    4178:	cd bf       	out	0x3d, r28	; 61
    417a:	9e 83       	std	Y+6, r25	; 0x06
    417c:	8d 83       	std	Y+5, r24	; 0x05
    417e:	78 87       	std	Y+8, r23	; 0x08
    4180:	6f 83       	std	Y+7, r22	; 0x07
volatile xListItem *pxIterator;
portTickType xValueOfInsertion;

	/* Insert the new list item into the list, sorted in ulListItem order. */
	xValueOfInsertion = pxNewListItem->xItemValue;
    4182:	ef 81       	ldd	r30, Y+7	; 0x07
    4184:	f8 85       	ldd	r31, Y+8	; 0x08
    4186:	80 81       	ld	r24, Z
    4188:	91 81       	ldd	r25, Z+1	; 0x01
    418a:	9a 83       	std	Y+2, r25	; 0x02
    418c:	89 83       	std	Y+1, r24	; 0x01
	are stored in ready lists (all of which have the same ulListItem value)
	get an equal share of the CPU.  However, if the xItemValue is the same as
	the back marker the iteration loop below will not end.  This means we need
	to guard against this by checking the value first and modifying the
	algorithm slightly if necessary. */
	if( xValueOfInsertion == portMAX_DELAY )
    418e:	89 81       	ldd	r24, Y+1	; 0x01
    4190:	9a 81       	ldd	r25, Y+2	; 0x02
    4192:	2f ef       	ldi	r18, 0xFF	; 255
    4194:	8f 3f       	cpi	r24, 0xFF	; 255
    4196:	92 07       	cpc	r25, r18
    4198:	39 f4       	brne	.+14     	; 0x41a8 <vListInsert+0x42>
	{
		pxIterator = pxList->xListEnd.pxPrevious;
    419a:	ed 81       	ldd	r30, Y+5	; 0x05
    419c:	fe 81       	ldd	r31, Y+6	; 0x06
    419e:	87 81       	ldd	r24, Z+7	; 0x07
    41a0:	90 85       	ldd	r25, Z+8	; 0x08
    41a2:	9c 83       	std	Y+4, r25	; 0x04
    41a4:	8b 83       	std	Y+3, r24	; 0x03
    41a6:	18 c0       	rjmp	.+48     	; 0x41d8 <vListInsert+0x72>
			   before the scheduler has been started (are interrupts firing
			   before vTaskStartScheduler() has been called?).
		See http://www.freertos.org/FAQHelp.html for more tips.
		**********************************************************************/
		
		for( pxIterator = ( xListItem * ) &( pxList->xListEnd ); pxIterator->pxNext->xItemValue <= xValueOfInsertion; pxIterator = pxIterator->pxNext )
    41a8:	8d 81       	ldd	r24, Y+5	; 0x05
    41aa:	9e 81       	ldd	r25, Y+6	; 0x06
    41ac:	03 96       	adiw	r24, 0x03	; 3
    41ae:	9c 83       	std	Y+4, r25	; 0x04
    41b0:	8b 83       	std	Y+3, r24	; 0x03
    41b2:	06 c0       	rjmp	.+12     	; 0x41c0 <vListInsert+0x5a>
    41b4:	eb 81       	ldd	r30, Y+3	; 0x03
    41b6:	fc 81       	ldd	r31, Y+4	; 0x04
    41b8:	82 81       	ldd	r24, Z+2	; 0x02
    41ba:	93 81       	ldd	r25, Z+3	; 0x03
    41bc:	9c 83       	std	Y+4, r25	; 0x04
    41be:	8b 83       	std	Y+3, r24	; 0x03
    41c0:	eb 81       	ldd	r30, Y+3	; 0x03
    41c2:	fc 81       	ldd	r31, Y+4	; 0x04
    41c4:	02 80       	ldd	r0, Z+2	; 0x02
    41c6:	f3 81       	ldd	r31, Z+3	; 0x03
    41c8:	e0 2d       	mov	r30, r0
    41ca:	20 81       	ld	r18, Z
    41cc:	31 81       	ldd	r19, Z+1	; 0x01
    41ce:	89 81       	ldd	r24, Y+1	; 0x01
    41d0:	9a 81       	ldd	r25, Y+2	; 0x02
    41d2:	82 17       	cp	r24, r18
    41d4:	93 07       	cpc	r25, r19
    41d6:	70 f7       	brcc	.-36     	; 0x41b4 <vListInsert+0x4e>
			/* There is nothing to do here, we are just iterating to the
			wanted insertion position. */
		}
	}

	pxNewListItem->pxNext = pxIterator->pxNext;
    41d8:	eb 81       	ldd	r30, Y+3	; 0x03
    41da:	fc 81       	ldd	r31, Y+4	; 0x04
    41dc:	82 81       	ldd	r24, Z+2	; 0x02
    41de:	93 81       	ldd	r25, Z+3	; 0x03
    41e0:	ef 81       	ldd	r30, Y+7	; 0x07
    41e2:	f8 85       	ldd	r31, Y+8	; 0x08
    41e4:	93 83       	std	Z+3, r25	; 0x03
    41e6:	82 83       	std	Z+2, r24	; 0x02
	pxNewListItem->pxNext->pxPrevious = ( volatile xListItem * ) pxNewListItem;
    41e8:	ef 81       	ldd	r30, Y+7	; 0x07
    41ea:	f8 85       	ldd	r31, Y+8	; 0x08
    41ec:	02 80       	ldd	r0, Z+2	; 0x02
    41ee:	f3 81       	ldd	r31, Z+3	; 0x03
    41f0:	e0 2d       	mov	r30, r0
    41f2:	8f 81       	ldd	r24, Y+7	; 0x07
    41f4:	98 85       	ldd	r25, Y+8	; 0x08
    41f6:	95 83       	std	Z+5, r25	; 0x05
    41f8:	84 83       	std	Z+4, r24	; 0x04
	pxNewListItem->pxPrevious = pxIterator;
    41fa:	ef 81       	ldd	r30, Y+7	; 0x07
    41fc:	f8 85       	ldd	r31, Y+8	; 0x08
    41fe:	8b 81       	ldd	r24, Y+3	; 0x03
    4200:	9c 81       	ldd	r25, Y+4	; 0x04
    4202:	95 83       	std	Z+5, r25	; 0x05
    4204:	84 83       	std	Z+4, r24	; 0x04
	pxIterator->pxNext = ( volatile xListItem * ) pxNewListItem;
    4206:	8f 81       	ldd	r24, Y+7	; 0x07
    4208:	98 85       	ldd	r25, Y+8	; 0x08
    420a:	eb 81       	ldd	r30, Y+3	; 0x03
    420c:	fc 81       	ldd	r31, Y+4	; 0x04
    420e:	93 83       	std	Z+3, r25	; 0x03
    4210:	82 83       	std	Z+2, r24	; 0x02

	/* Remember which list the item is in.  This allows fast removal of the
	item later. */
	pxNewListItem->pvContainer = ( void * ) pxList;
    4212:	ef 81       	ldd	r30, Y+7	; 0x07
    4214:	f8 85       	ldd	r31, Y+8	; 0x08
    4216:	8d 81       	ldd	r24, Y+5	; 0x05
    4218:	9e 81       	ldd	r25, Y+6	; 0x06
    421a:	91 87       	std	Z+9, r25	; 0x09
    421c:	80 87       	std	Z+8, r24	; 0x08

	( pxList->uxNumberOfItems )++;
    421e:	ed 81       	ldd	r30, Y+5	; 0x05
    4220:	fe 81       	ldd	r31, Y+6	; 0x06
    4222:	80 81       	ld	r24, Z
    4224:	8f 5f       	subi	r24, 0xFF	; 255
    4226:	ed 81       	ldd	r30, Y+5	; 0x05
    4228:	fe 81       	ldd	r31, Y+6	; 0x06
    422a:	80 83       	st	Z, r24
}
    422c:	28 96       	adiw	r28, 0x08	; 8
    422e:	0f b6       	in	r0, 0x3f	; 63
    4230:	f8 94       	cli
    4232:	de bf       	out	0x3e, r29	; 62
    4234:	0f be       	out	0x3f, r0	; 63
    4236:	cd bf       	out	0x3d, r28	; 61
    4238:	cf 91       	pop	r28
    423a:	df 91       	pop	r29
    423c:	08 95       	ret

0000423e <vListRemove>:
/*-----------------------------------------------------------*/

void vListRemove( xListItem *pxItemToRemove )
{
    423e:	df 93       	push	r29
    4240:	cf 93       	push	r28
    4242:	00 d0       	rcall	.+0      	; 0x4244 <vListRemove+0x6>
    4244:	00 d0       	rcall	.+0      	; 0x4246 <vListRemove+0x8>
    4246:	cd b7       	in	r28, 0x3d	; 61
    4248:	de b7       	in	r29, 0x3e	; 62
    424a:	9c 83       	std	Y+4, r25	; 0x04
    424c:	8b 83       	std	Y+3, r24	; 0x03
xList * pxList;

	pxItemToRemove->pxNext->pxPrevious = pxItemToRemove->pxPrevious;
    424e:	eb 81       	ldd	r30, Y+3	; 0x03
    4250:	fc 81       	ldd	r31, Y+4	; 0x04
    4252:	a2 81       	ldd	r26, Z+2	; 0x02
    4254:	b3 81       	ldd	r27, Z+3	; 0x03
    4256:	eb 81       	ldd	r30, Y+3	; 0x03
    4258:	fc 81       	ldd	r31, Y+4	; 0x04
    425a:	84 81       	ldd	r24, Z+4	; 0x04
    425c:	95 81       	ldd	r25, Z+5	; 0x05
    425e:	15 96       	adiw	r26, 0x05	; 5
    4260:	9c 93       	st	X, r25
    4262:	8e 93       	st	-X, r24
    4264:	14 97       	sbiw	r26, 0x04	; 4
	pxItemToRemove->pxPrevious->pxNext = pxItemToRemove->pxNext;
    4266:	eb 81       	ldd	r30, Y+3	; 0x03
    4268:	fc 81       	ldd	r31, Y+4	; 0x04
    426a:	a4 81       	ldd	r26, Z+4	; 0x04
    426c:	b5 81       	ldd	r27, Z+5	; 0x05
    426e:	eb 81       	ldd	r30, Y+3	; 0x03
    4270:	fc 81       	ldd	r31, Y+4	; 0x04
    4272:	82 81       	ldd	r24, Z+2	; 0x02
    4274:	93 81       	ldd	r25, Z+3	; 0x03
    4276:	13 96       	adiw	r26, 0x03	; 3
    4278:	9c 93       	st	X, r25
    427a:	8e 93       	st	-X, r24
    427c:	12 97       	sbiw	r26, 0x02	; 2
	
	/* The list item knows which list it is in.  Obtain the list from the list
	item. */
	pxList = ( xList * ) pxItemToRemove->pvContainer;
    427e:	eb 81       	ldd	r30, Y+3	; 0x03
    4280:	fc 81       	ldd	r31, Y+4	; 0x04
    4282:	80 85       	ldd	r24, Z+8	; 0x08
    4284:	91 85       	ldd	r25, Z+9	; 0x09
    4286:	9a 83       	std	Y+2, r25	; 0x02
    4288:	89 83       	std	Y+1, r24	; 0x01

	/* Make sure the index is left pointing to a valid item. */
	if( pxList->pxIndex == pxItemToRemove )
    428a:	e9 81       	ldd	r30, Y+1	; 0x01
    428c:	fa 81       	ldd	r31, Y+2	; 0x02
    428e:	21 81       	ldd	r18, Z+1	; 0x01
    4290:	32 81       	ldd	r19, Z+2	; 0x02
    4292:	8b 81       	ldd	r24, Y+3	; 0x03
    4294:	9c 81       	ldd	r25, Y+4	; 0x04
    4296:	28 17       	cp	r18, r24
    4298:	39 07       	cpc	r19, r25
    429a:	41 f4       	brne	.+16     	; 0x42ac <vListRemove+0x6e>
	{
		pxList->pxIndex = pxItemToRemove->pxPrevious;
    429c:	eb 81       	ldd	r30, Y+3	; 0x03
    429e:	fc 81       	ldd	r31, Y+4	; 0x04
    42a0:	84 81       	ldd	r24, Z+4	; 0x04
    42a2:	95 81       	ldd	r25, Z+5	; 0x05
    42a4:	e9 81       	ldd	r30, Y+1	; 0x01
    42a6:	fa 81       	ldd	r31, Y+2	; 0x02
    42a8:	92 83       	std	Z+2, r25	; 0x02
    42aa:	81 83       	std	Z+1, r24	; 0x01
	}

	pxItemToRemove->pvContainer = NULL;
    42ac:	eb 81       	ldd	r30, Y+3	; 0x03
    42ae:	fc 81       	ldd	r31, Y+4	; 0x04
    42b0:	11 86       	std	Z+9, r1	; 0x09
    42b2:	10 86       	std	Z+8, r1	; 0x08
	( pxList->uxNumberOfItems )--;
    42b4:	e9 81       	ldd	r30, Y+1	; 0x01
    42b6:	fa 81       	ldd	r31, Y+2	; 0x02
    42b8:	80 81       	ld	r24, Z
    42ba:	81 50       	subi	r24, 0x01	; 1
    42bc:	e9 81       	ldd	r30, Y+1	; 0x01
    42be:	fa 81       	ldd	r31, Y+2	; 0x02
    42c0:	80 83       	st	Z, r24
}
    42c2:	0f 90       	pop	r0
    42c4:	0f 90       	pop	r0
    42c6:	0f 90       	pop	r0
    42c8:	0f 90       	pop	r0
    42ca:	cf 91       	pop	r28
    42cc:	df 91       	pop	r29
    42ce:	08 95       	ret

000042d0 <pxPortInitialiseStack>:

/* 
 * See header file for description. 
 */
portSTACK_TYPE *pxPortInitialiseStack( portSTACK_TYPE *pxTopOfStack, pdTASK_CODE pxCode, void *pvParameters )
{
    42d0:	df 93       	push	r29
    42d2:	cf 93       	push	r28
    42d4:	cd b7       	in	r28, 0x3d	; 61
    42d6:	de b7       	in	r29, 0x3e	; 62
    42d8:	28 97       	sbiw	r28, 0x08	; 8
    42da:	0f b6       	in	r0, 0x3f	; 63
    42dc:	f8 94       	cli
    42de:	de bf       	out	0x3e, r29	; 62
    42e0:	0f be       	out	0x3f, r0	; 63
    42e2:	cd bf       	out	0x3d, r28	; 61
    42e4:	9c 83       	std	Y+4, r25	; 0x04
    42e6:	8b 83       	std	Y+3, r24	; 0x03
    42e8:	7e 83       	std	Y+6, r23	; 0x06
    42ea:	6d 83       	std	Y+5, r22	; 0x05
    42ec:	58 87       	std	Y+8, r21	; 0x08
    42ee:	4f 83       	std	Y+7, r20	; 0x07
unsigned short usAddress;

	/* Place a few bytes of known values on the bottom of the stack. 
	This is just useful for debugging. */

	*pxTopOfStack = 0x11;
    42f0:	eb 81       	ldd	r30, Y+3	; 0x03
    42f2:	fc 81       	ldd	r31, Y+4	; 0x04
    42f4:	81 e1       	ldi	r24, 0x11	; 17
    42f6:	80 83       	st	Z, r24
	pxTopOfStack--;
    42f8:	8b 81       	ldd	r24, Y+3	; 0x03
    42fa:	9c 81       	ldd	r25, Y+4	; 0x04
    42fc:	01 97       	sbiw	r24, 0x01	; 1
    42fe:	9c 83       	std	Y+4, r25	; 0x04
    4300:	8b 83       	std	Y+3, r24	; 0x03
	*pxTopOfStack = 0x22;
    4302:	eb 81       	ldd	r30, Y+3	; 0x03
    4304:	fc 81       	ldd	r31, Y+4	; 0x04
    4306:	82 e2       	ldi	r24, 0x22	; 34
    4308:	80 83       	st	Z, r24
	pxTopOfStack--;
    430a:	8b 81       	ldd	r24, Y+3	; 0x03
    430c:	9c 81       	ldd	r25, Y+4	; 0x04
    430e:	01 97       	sbiw	r24, 0x01	; 1
    4310:	9c 83       	std	Y+4, r25	; 0x04
    4312:	8b 83       	std	Y+3, r24	; 0x03
	*pxTopOfStack = 0x33;
    4314:	eb 81       	ldd	r30, Y+3	; 0x03
    4316:	fc 81       	ldd	r31, Y+4	; 0x04
    4318:	83 e3       	ldi	r24, 0x33	; 51
    431a:	80 83       	st	Z, r24
	pxTopOfStack--;
    431c:	8b 81       	ldd	r24, Y+3	; 0x03
    431e:	9c 81       	ldd	r25, Y+4	; 0x04
    4320:	01 97       	sbiw	r24, 0x01	; 1
    4322:	9c 83       	std	Y+4, r25	; 0x04
    4324:	8b 83       	std	Y+3, r24	; 0x03

	/*lint -e950 -e611 -e923 Lint doesn't like this much - but nothing I can do about it. */

	/* The start of the task code will be popped off the stack last, so place
	it on first. */
	usAddress = ( unsigned short ) pxCode;
    4326:	8d 81       	ldd	r24, Y+5	; 0x05
    4328:	9e 81       	ldd	r25, Y+6	; 0x06
    432a:	9a 83       	std	Y+2, r25	; 0x02
    432c:	89 83       	std	Y+1, r24	; 0x01
	*pxTopOfStack = ( portSTACK_TYPE ) ( usAddress & ( unsigned short ) 0x00ff );
    432e:	89 81       	ldd	r24, Y+1	; 0x01
    4330:	eb 81       	ldd	r30, Y+3	; 0x03
    4332:	fc 81       	ldd	r31, Y+4	; 0x04
    4334:	80 83       	st	Z, r24
	pxTopOfStack--;
    4336:	8b 81       	ldd	r24, Y+3	; 0x03
    4338:	9c 81       	ldd	r25, Y+4	; 0x04
    433a:	01 97       	sbiw	r24, 0x01	; 1
    433c:	9c 83       	std	Y+4, r25	; 0x04
    433e:	8b 83       	std	Y+3, r24	; 0x03

	usAddress >>= 8;
    4340:	89 81       	ldd	r24, Y+1	; 0x01
    4342:	9a 81       	ldd	r25, Y+2	; 0x02
    4344:	89 2f       	mov	r24, r25
    4346:	99 27       	eor	r25, r25
    4348:	9a 83       	std	Y+2, r25	; 0x02
    434a:	89 83       	std	Y+1, r24	; 0x01
	*pxTopOfStack = ( portSTACK_TYPE ) ( usAddress & ( unsigned short ) 0x00ff );
    434c:	89 81       	ldd	r24, Y+1	; 0x01
    434e:	eb 81       	ldd	r30, Y+3	; 0x03
    4350:	fc 81       	ldd	r31, Y+4	; 0x04
    4352:	80 83       	st	Z, r24
	pxTopOfStack--;
    4354:	8b 81       	ldd	r24, Y+3	; 0x03
    4356:	9c 81       	ldd	r25, Y+4	; 0x04
    4358:	01 97       	sbiw	r24, 0x01	; 1
    435a:	9c 83       	std	Y+4, r25	; 0x04
    435c:	8b 83       	std	Y+3, r24	; 0x03

	/* Next simulate the stack as if after a call to portSAVE_CONTEXT().  
	portSAVE_CONTEXT places the flags on the stack immediately after r0
	to ensure the interrupts get disabled as soon as possible, and so ensuring
	the stack use is minimal should a context switch interrupt occur. */
	*pxTopOfStack = ( portSTACK_TYPE ) 0x00;	/* R0 */
    435e:	eb 81       	ldd	r30, Y+3	; 0x03
    4360:	fc 81       	ldd	r31, Y+4	; 0x04
    4362:	10 82       	st	Z, r1
	pxTopOfStack--;
    4364:	8b 81       	ldd	r24, Y+3	; 0x03
    4366:	9c 81       	ldd	r25, Y+4	; 0x04
    4368:	01 97       	sbiw	r24, 0x01	; 1
    436a:	9c 83       	std	Y+4, r25	; 0x04
    436c:	8b 83       	std	Y+3, r24	; 0x03
	*pxTopOfStack = portFLAGS_INT_ENABLED;
    436e:	eb 81       	ldd	r30, Y+3	; 0x03
    4370:	fc 81       	ldd	r31, Y+4	; 0x04
    4372:	80 e8       	ldi	r24, 0x80	; 128
    4374:	80 83       	st	Z, r24
	pxTopOfStack--;
    4376:	8b 81       	ldd	r24, Y+3	; 0x03
    4378:	9c 81       	ldd	r25, Y+4	; 0x04
    437a:	01 97       	sbiw	r24, 0x01	; 1
    437c:	9c 83       	std	Y+4, r25	; 0x04
    437e:	8b 83       	std	Y+3, r24	; 0x03


	/* Now the remaining registers.   The compiler expects R1 to be 0. */
	*pxTopOfStack = ( portSTACK_TYPE ) 0x00;	/* R1 */
    4380:	eb 81       	ldd	r30, Y+3	; 0x03
    4382:	fc 81       	ldd	r31, Y+4	; 0x04
    4384:	10 82       	st	Z, r1
	pxTopOfStack--;
    4386:	8b 81       	ldd	r24, Y+3	; 0x03
    4388:	9c 81       	ldd	r25, Y+4	; 0x04
    438a:	01 97       	sbiw	r24, 0x01	; 1
    438c:	9c 83       	std	Y+4, r25	; 0x04
    438e:	8b 83       	std	Y+3, r24	; 0x03
	*pxTopOfStack = ( portSTACK_TYPE ) 0x02;	/* R2 */
    4390:	eb 81       	ldd	r30, Y+3	; 0x03
    4392:	fc 81       	ldd	r31, Y+4	; 0x04
    4394:	82 e0       	ldi	r24, 0x02	; 2
    4396:	80 83       	st	Z, r24
	pxTopOfStack--;
    4398:	8b 81       	ldd	r24, Y+3	; 0x03
    439a:	9c 81       	ldd	r25, Y+4	; 0x04
    439c:	01 97       	sbiw	r24, 0x01	; 1
    439e:	9c 83       	std	Y+4, r25	; 0x04
    43a0:	8b 83       	std	Y+3, r24	; 0x03
	*pxTopOfStack = ( portSTACK_TYPE ) 0x03;	/* R3 */
    43a2:	eb 81       	ldd	r30, Y+3	; 0x03
    43a4:	fc 81       	ldd	r31, Y+4	; 0x04
    43a6:	83 e0       	ldi	r24, 0x03	; 3
    43a8:	80 83       	st	Z, r24
	pxTopOfStack--;
    43aa:	8b 81       	ldd	r24, Y+3	; 0x03
    43ac:	9c 81       	ldd	r25, Y+4	; 0x04
    43ae:	01 97       	sbiw	r24, 0x01	; 1
    43b0:	9c 83       	std	Y+4, r25	; 0x04
    43b2:	8b 83       	std	Y+3, r24	; 0x03
	*pxTopOfStack = ( portSTACK_TYPE ) 0x04;	/* R4 */
    43b4:	eb 81       	ldd	r30, Y+3	; 0x03
    43b6:	fc 81       	ldd	r31, Y+4	; 0x04
    43b8:	84 e0       	ldi	r24, 0x04	; 4
    43ba:	80 83       	st	Z, r24
	pxTopOfStack--;
    43bc:	8b 81       	ldd	r24, Y+3	; 0x03
    43be:	9c 81       	ldd	r25, Y+4	; 0x04
    43c0:	01 97       	sbiw	r24, 0x01	; 1
    43c2:	9c 83       	std	Y+4, r25	; 0x04
    43c4:	8b 83       	std	Y+3, r24	; 0x03
	*pxTopOfStack = ( portSTACK_TYPE ) 0x05;	/* R5 */
    43c6:	eb 81       	ldd	r30, Y+3	; 0x03
    43c8:	fc 81       	ldd	r31, Y+4	; 0x04
    43ca:	85 e0       	ldi	r24, 0x05	; 5
    43cc:	80 83       	st	Z, r24
	pxTopOfStack--;
    43ce:	8b 81       	ldd	r24, Y+3	; 0x03
    43d0:	9c 81       	ldd	r25, Y+4	; 0x04
    43d2:	01 97       	sbiw	r24, 0x01	; 1
    43d4:	9c 83       	std	Y+4, r25	; 0x04
    43d6:	8b 83       	std	Y+3, r24	; 0x03
	*pxTopOfStack = ( portSTACK_TYPE ) 0x06;	/* R6 */
    43d8:	eb 81       	ldd	r30, Y+3	; 0x03
    43da:	fc 81       	ldd	r31, Y+4	; 0x04
    43dc:	86 e0       	ldi	r24, 0x06	; 6
    43de:	80 83       	st	Z, r24
	pxTopOfStack--;
    43e0:	8b 81       	ldd	r24, Y+3	; 0x03
    43e2:	9c 81       	ldd	r25, Y+4	; 0x04
    43e4:	01 97       	sbiw	r24, 0x01	; 1
    43e6:	9c 83       	std	Y+4, r25	; 0x04
    43e8:	8b 83       	std	Y+3, r24	; 0x03
	*pxTopOfStack = ( portSTACK_TYPE ) 0x07;	/* R7 */
    43ea:	eb 81       	ldd	r30, Y+3	; 0x03
    43ec:	fc 81       	ldd	r31, Y+4	; 0x04
    43ee:	87 e0       	ldi	r24, 0x07	; 7
    43f0:	80 83       	st	Z, r24
	pxTopOfStack--;
    43f2:	8b 81       	ldd	r24, Y+3	; 0x03
    43f4:	9c 81       	ldd	r25, Y+4	; 0x04
    43f6:	01 97       	sbiw	r24, 0x01	; 1
    43f8:	9c 83       	std	Y+4, r25	; 0x04
    43fa:	8b 83       	std	Y+3, r24	; 0x03
	*pxTopOfStack = ( portSTACK_TYPE ) 0x08;	/* R8 */
    43fc:	eb 81       	ldd	r30, Y+3	; 0x03
    43fe:	fc 81       	ldd	r31, Y+4	; 0x04
    4400:	88 e0       	ldi	r24, 0x08	; 8
    4402:	80 83       	st	Z, r24
	pxTopOfStack--;
    4404:	8b 81       	ldd	r24, Y+3	; 0x03
    4406:	9c 81       	ldd	r25, Y+4	; 0x04
    4408:	01 97       	sbiw	r24, 0x01	; 1
    440a:	9c 83       	std	Y+4, r25	; 0x04
    440c:	8b 83       	std	Y+3, r24	; 0x03
	*pxTopOfStack = ( portSTACK_TYPE ) 0x09;	/* R9 */
    440e:	eb 81       	ldd	r30, Y+3	; 0x03
    4410:	fc 81       	ldd	r31, Y+4	; 0x04
    4412:	89 e0       	ldi	r24, 0x09	; 9
    4414:	80 83       	st	Z, r24
	pxTopOfStack--;
    4416:	8b 81       	ldd	r24, Y+3	; 0x03
    4418:	9c 81       	ldd	r25, Y+4	; 0x04
    441a:	01 97       	sbiw	r24, 0x01	; 1
    441c:	9c 83       	std	Y+4, r25	; 0x04
    441e:	8b 83       	std	Y+3, r24	; 0x03
	*pxTopOfStack = ( portSTACK_TYPE ) 0x10;	/* R10 */
    4420:	eb 81       	ldd	r30, Y+3	; 0x03
    4422:	fc 81       	ldd	r31, Y+4	; 0x04
    4424:	80 e1       	ldi	r24, 0x10	; 16
    4426:	80 83       	st	Z, r24
	pxTopOfStack--;
    4428:	8b 81       	ldd	r24, Y+3	; 0x03
    442a:	9c 81       	ldd	r25, Y+4	; 0x04
    442c:	01 97       	sbiw	r24, 0x01	; 1
    442e:	9c 83       	std	Y+4, r25	; 0x04
    4430:	8b 83       	std	Y+3, r24	; 0x03
	*pxTopOfStack = ( portSTACK_TYPE ) 0x11;	/* R11 */
    4432:	eb 81       	ldd	r30, Y+3	; 0x03
    4434:	fc 81       	ldd	r31, Y+4	; 0x04
    4436:	81 e1       	ldi	r24, 0x11	; 17
    4438:	80 83       	st	Z, r24
	pxTopOfStack--;
    443a:	8b 81       	ldd	r24, Y+3	; 0x03
    443c:	9c 81       	ldd	r25, Y+4	; 0x04
    443e:	01 97       	sbiw	r24, 0x01	; 1
    4440:	9c 83       	std	Y+4, r25	; 0x04
    4442:	8b 83       	std	Y+3, r24	; 0x03
	*pxTopOfStack = ( portSTACK_TYPE ) 0x12;	/* R12 */
    4444:	eb 81       	ldd	r30, Y+3	; 0x03
    4446:	fc 81       	ldd	r31, Y+4	; 0x04
    4448:	82 e1       	ldi	r24, 0x12	; 18
    444a:	80 83       	st	Z, r24
	pxTopOfStack--;
    444c:	8b 81       	ldd	r24, Y+3	; 0x03
    444e:	9c 81       	ldd	r25, Y+4	; 0x04
    4450:	01 97       	sbiw	r24, 0x01	; 1
    4452:	9c 83       	std	Y+4, r25	; 0x04
    4454:	8b 83       	std	Y+3, r24	; 0x03
	*pxTopOfStack = ( portSTACK_TYPE ) 0x13;	/* R13 */
    4456:	eb 81       	ldd	r30, Y+3	; 0x03
    4458:	fc 81       	ldd	r31, Y+4	; 0x04
    445a:	83 e1       	ldi	r24, 0x13	; 19
    445c:	80 83       	st	Z, r24
	pxTopOfStack--;
    445e:	8b 81       	ldd	r24, Y+3	; 0x03
    4460:	9c 81       	ldd	r25, Y+4	; 0x04
    4462:	01 97       	sbiw	r24, 0x01	; 1
    4464:	9c 83       	std	Y+4, r25	; 0x04
    4466:	8b 83       	std	Y+3, r24	; 0x03
	*pxTopOfStack = ( portSTACK_TYPE ) 0x14;	/* R14 */
    4468:	eb 81       	ldd	r30, Y+3	; 0x03
    446a:	fc 81       	ldd	r31, Y+4	; 0x04
    446c:	84 e1       	ldi	r24, 0x14	; 20
    446e:	80 83       	st	Z, r24
	pxTopOfStack--;
    4470:	8b 81       	ldd	r24, Y+3	; 0x03
    4472:	9c 81       	ldd	r25, Y+4	; 0x04
    4474:	01 97       	sbiw	r24, 0x01	; 1
    4476:	9c 83       	std	Y+4, r25	; 0x04
    4478:	8b 83       	std	Y+3, r24	; 0x03
	*pxTopOfStack = ( portSTACK_TYPE ) 0x15;	/* R15 */
    447a:	eb 81       	ldd	r30, Y+3	; 0x03
    447c:	fc 81       	ldd	r31, Y+4	; 0x04
    447e:	85 e1       	ldi	r24, 0x15	; 21
    4480:	80 83       	st	Z, r24
	pxTopOfStack--;
    4482:	8b 81       	ldd	r24, Y+3	; 0x03
    4484:	9c 81       	ldd	r25, Y+4	; 0x04
    4486:	01 97       	sbiw	r24, 0x01	; 1
    4488:	9c 83       	std	Y+4, r25	; 0x04
    448a:	8b 83       	std	Y+3, r24	; 0x03
	*pxTopOfStack = ( portSTACK_TYPE ) 0x16;	/* R16 */
    448c:	eb 81       	ldd	r30, Y+3	; 0x03
    448e:	fc 81       	ldd	r31, Y+4	; 0x04
    4490:	86 e1       	ldi	r24, 0x16	; 22
    4492:	80 83       	st	Z, r24
	pxTopOfStack--;
    4494:	8b 81       	ldd	r24, Y+3	; 0x03
    4496:	9c 81       	ldd	r25, Y+4	; 0x04
    4498:	01 97       	sbiw	r24, 0x01	; 1
    449a:	9c 83       	std	Y+4, r25	; 0x04
    449c:	8b 83       	std	Y+3, r24	; 0x03
	*pxTopOfStack = ( portSTACK_TYPE ) 0x17;	/* R17 */
    449e:	eb 81       	ldd	r30, Y+3	; 0x03
    44a0:	fc 81       	ldd	r31, Y+4	; 0x04
    44a2:	87 e1       	ldi	r24, 0x17	; 23
    44a4:	80 83       	st	Z, r24
	pxTopOfStack--;
    44a6:	8b 81       	ldd	r24, Y+3	; 0x03
    44a8:	9c 81       	ldd	r25, Y+4	; 0x04
    44aa:	01 97       	sbiw	r24, 0x01	; 1
    44ac:	9c 83       	std	Y+4, r25	; 0x04
    44ae:	8b 83       	std	Y+3, r24	; 0x03
	*pxTopOfStack = ( portSTACK_TYPE ) 0x18;	/* R18 */
    44b0:	eb 81       	ldd	r30, Y+3	; 0x03
    44b2:	fc 81       	ldd	r31, Y+4	; 0x04
    44b4:	88 e1       	ldi	r24, 0x18	; 24
    44b6:	80 83       	st	Z, r24
	pxTopOfStack--;
    44b8:	8b 81       	ldd	r24, Y+3	; 0x03
    44ba:	9c 81       	ldd	r25, Y+4	; 0x04
    44bc:	01 97       	sbiw	r24, 0x01	; 1
    44be:	9c 83       	std	Y+4, r25	; 0x04
    44c0:	8b 83       	std	Y+3, r24	; 0x03
	*pxTopOfStack = ( portSTACK_TYPE ) 0x19;	/* R19 */
    44c2:	eb 81       	ldd	r30, Y+3	; 0x03
    44c4:	fc 81       	ldd	r31, Y+4	; 0x04
    44c6:	89 e1       	ldi	r24, 0x19	; 25
    44c8:	80 83       	st	Z, r24
	pxTopOfStack--;
    44ca:	8b 81       	ldd	r24, Y+3	; 0x03
    44cc:	9c 81       	ldd	r25, Y+4	; 0x04
    44ce:	01 97       	sbiw	r24, 0x01	; 1
    44d0:	9c 83       	std	Y+4, r25	; 0x04
    44d2:	8b 83       	std	Y+3, r24	; 0x03
	*pxTopOfStack = ( portSTACK_TYPE ) 0x20;	/* R20 */
    44d4:	eb 81       	ldd	r30, Y+3	; 0x03
    44d6:	fc 81       	ldd	r31, Y+4	; 0x04
    44d8:	80 e2       	ldi	r24, 0x20	; 32
    44da:	80 83       	st	Z, r24
	pxTopOfStack--;
    44dc:	8b 81       	ldd	r24, Y+3	; 0x03
    44de:	9c 81       	ldd	r25, Y+4	; 0x04
    44e0:	01 97       	sbiw	r24, 0x01	; 1
    44e2:	9c 83       	std	Y+4, r25	; 0x04
    44e4:	8b 83       	std	Y+3, r24	; 0x03
	*pxTopOfStack = ( portSTACK_TYPE ) 0x21;	/* R21 */
    44e6:	eb 81       	ldd	r30, Y+3	; 0x03
    44e8:	fc 81       	ldd	r31, Y+4	; 0x04
    44ea:	81 e2       	ldi	r24, 0x21	; 33
    44ec:	80 83       	st	Z, r24
	pxTopOfStack--;
    44ee:	8b 81       	ldd	r24, Y+3	; 0x03
    44f0:	9c 81       	ldd	r25, Y+4	; 0x04
    44f2:	01 97       	sbiw	r24, 0x01	; 1
    44f4:	9c 83       	std	Y+4, r25	; 0x04
    44f6:	8b 83       	std	Y+3, r24	; 0x03
	*pxTopOfStack = ( portSTACK_TYPE ) 0x22;	/* R22 */
    44f8:	eb 81       	ldd	r30, Y+3	; 0x03
    44fa:	fc 81       	ldd	r31, Y+4	; 0x04
    44fc:	82 e2       	ldi	r24, 0x22	; 34
    44fe:	80 83       	st	Z, r24
	pxTopOfStack--;
    4500:	8b 81       	ldd	r24, Y+3	; 0x03
    4502:	9c 81       	ldd	r25, Y+4	; 0x04
    4504:	01 97       	sbiw	r24, 0x01	; 1
    4506:	9c 83       	std	Y+4, r25	; 0x04
    4508:	8b 83       	std	Y+3, r24	; 0x03
	*pxTopOfStack = ( portSTACK_TYPE ) 0x23;	/* R23 */
    450a:	eb 81       	ldd	r30, Y+3	; 0x03
    450c:	fc 81       	ldd	r31, Y+4	; 0x04
    450e:	83 e2       	ldi	r24, 0x23	; 35
    4510:	80 83       	st	Z, r24
	pxTopOfStack--;
    4512:	8b 81       	ldd	r24, Y+3	; 0x03
    4514:	9c 81       	ldd	r25, Y+4	; 0x04
    4516:	01 97       	sbiw	r24, 0x01	; 1
    4518:	9c 83       	std	Y+4, r25	; 0x04
    451a:	8b 83       	std	Y+3, r24	; 0x03

	/* Place the parameter on the stack in the expected location. */
	usAddress = ( unsigned short ) pvParameters;
    451c:	8f 81       	ldd	r24, Y+7	; 0x07
    451e:	98 85       	ldd	r25, Y+8	; 0x08
    4520:	9a 83       	std	Y+2, r25	; 0x02
    4522:	89 83       	std	Y+1, r24	; 0x01
	*pxTopOfStack = ( portSTACK_TYPE ) ( usAddress & ( unsigned short ) 0x00ff );
    4524:	89 81       	ldd	r24, Y+1	; 0x01
    4526:	eb 81       	ldd	r30, Y+3	; 0x03
    4528:	fc 81       	ldd	r31, Y+4	; 0x04
    452a:	80 83       	st	Z, r24
	pxTopOfStack--;
    452c:	8b 81       	ldd	r24, Y+3	; 0x03
    452e:	9c 81       	ldd	r25, Y+4	; 0x04
    4530:	01 97       	sbiw	r24, 0x01	; 1
    4532:	9c 83       	std	Y+4, r25	; 0x04
    4534:	8b 83       	std	Y+3, r24	; 0x03

	usAddress >>= 8;
    4536:	89 81       	ldd	r24, Y+1	; 0x01
    4538:	9a 81       	ldd	r25, Y+2	; 0x02
    453a:	89 2f       	mov	r24, r25
    453c:	99 27       	eor	r25, r25
    453e:	9a 83       	std	Y+2, r25	; 0x02
    4540:	89 83       	std	Y+1, r24	; 0x01
	*pxTopOfStack = ( portSTACK_TYPE ) ( usAddress & ( unsigned short ) 0x00ff );
    4542:	89 81       	ldd	r24, Y+1	; 0x01
    4544:	eb 81       	ldd	r30, Y+3	; 0x03
    4546:	fc 81       	ldd	r31, Y+4	; 0x04
    4548:	80 83       	st	Z, r24
	pxTopOfStack--;
    454a:	8b 81       	ldd	r24, Y+3	; 0x03
    454c:	9c 81       	ldd	r25, Y+4	; 0x04
    454e:	01 97       	sbiw	r24, 0x01	; 1
    4550:	9c 83       	std	Y+4, r25	; 0x04
    4552:	8b 83       	std	Y+3, r24	; 0x03

	*pxTopOfStack = ( portSTACK_TYPE ) 0x26;	/* R26 X */
    4554:	eb 81       	ldd	r30, Y+3	; 0x03
    4556:	fc 81       	ldd	r31, Y+4	; 0x04
    4558:	86 e2       	ldi	r24, 0x26	; 38
    455a:	80 83       	st	Z, r24
	pxTopOfStack--;
    455c:	8b 81       	ldd	r24, Y+3	; 0x03
    455e:	9c 81       	ldd	r25, Y+4	; 0x04
    4560:	01 97       	sbiw	r24, 0x01	; 1
    4562:	9c 83       	std	Y+4, r25	; 0x04
    4564:	8b 83       	std	Y+3, r24	; 0x03
	*pxTopOfStack = ( portSTACK_TYPE ) 0x27;	/* R27 */
    4566:	eb 81       	ldd	r30, Y+3	; 0x03
    4568:	fc 81       	ldd	r31, Y+4	; 0x04
    456a:	87 e2       	ldi	r24, 0x27	; 39
    456c:	80 83       	st	Z, r24
	pxTopOfStack--;
    456e:	8b 81       	ldd	r24, Y+3	; 0x03
    4570:	9c 81       	ldd	r25, Y+4	; 0x04
    4572:	01 97       	sbiw	r24, 0x01	; 1
    4574:	9c 83       	std	Y+4, r25	; 0x04
    4576:	8b 83       	std	Y+3, r24	; 0x03
	*pxTopOfStack = ( portSTACK_TYPE ) 0x28;	/* R28 Y */
    4578:	eb 81       	ldd	r30, Y+3	; 0x03
    457a:	fc 81       	ldd	r31, Y+4	; 0x04
    457c:	88 e2       	ldi	r24, 0x28	; 40
    457e:	80 83       	st	Z, r24
	pxTopOfStack--;
    4580:	8b 81       	ldd	r24, Y+3	; 0x03
    4582:	9c 81       	ldd	r25, Y+4	; 0x04
    4584:	01 97       	sbiw	r24, 0x01	; 1
    4586:	9c 83       	std	Y+4, r25	; 0x04
    4588:	8b 83       	std	Y+3, r24	; 0x03
	*pxTopOfStack = ( portSTACK_TYPE ) 0x29;	/* R29 */
    458a:	eb 81       	ldd	r30, Y+3	; 0x03
    458c:	fc 81       	ldd	r31, Y+4	; 0x04
    458e:	89 e2       	ldi	r24, 0x29	; 41
    4590:	80 83       	st	Z, r24
	pxTopOfStack--;
    4592:	8b 81       	ldd	r24, Y+3	; 0x03
    4594:	9c 81       	ldd	r25, Y+4	; 0x04
    4596:	01 97       	sbiw	r24, 0x01	; 1
    4598:	9c 83       	std	Y+4, r25	; 0x04
    459a:	8b 83       	std	Y+3, r24	; 0x03
	*pxTopOfStack = ( portSTACK_TYPE ) 0x30;	/* R30 Z */
    459c:	eb 81       	ldd	r30, Y+3	; 0x03
    459e:	fc 81       	ldd	r31, Y+4	; 0x04
    45a0:	80 e3       	ldi	r24, 0x30	; 48
    45a2:	80 83       	st	Z, r24
	pxTopOfStack--;
    45a4:	8b 81       	ldd	r24, Y+3	; 0x03
    45a6:	9c 81       	ldd	r25, Y+4	; 0x04
    45a8:	01 97       	sbiw	r24, 0x01	; 1
    45aa:	9c 83       	std	Y+4, r25	; 0x04
    45ac:	8b 83       	std	Y+3, r24	; 0x03
	*pxTopOfStack = ( portSTACK_TYPE ) 0x031;	/* R31 */
    45ae:	eb 81       	ldd	r30, Y+3	; 0x03
    45b0:	fc 81       	ldd	r31, Y+4	; 0x04
    45b2:	81 e3       	ldi	r24, 0x31	; 49
    45b4:	80 83       	st	Z, r24
	pxTopOfStack--;
    45b6:	8b 81       	ldd	r24, Y+3	; 0x03
    45b8:	9c 81       	ldd	r25, Y+4	; 0x04
    45ba:	01 97       	sbiw	r24, 0x01	; 1
    45bc:	9c 83       	std	Y+4, r25	; 0x04
    45be:	8b 83       	std	Y+3, r24	; 0x03

	/*lint +e950 +e611 +e923 */

	return pxTopOfStack;
    45c0:	8b 81       	ldd	r24, Y+3	; 0x03
    45c2:	9c 81       	ldd	r25, Y+4	; 0x04
}
    45c4:	28 96       	adiw	r28, 0x08	; 8
    45c6:	0f b6       	in	r0, 0x3f	; 63
    45c8:	f8 94       	cli
    45ca:	de bf       	out	0x3e, r29	; 62
    45cc:	0f be       	out	0x3f, r0	; 63
    45ce:	cd bf       	out	0x3d, r28	; 61
    45d0:	cf 91       	pop	r28
    45d2:	df 91       	pop	r29
    45d4:	08 95       	ret

000045d6 <xPortStartScheduler>:
/*-----------------------------------------------------------*/

portBASE_TYPE xPortStartScheduler( void )
{
    45d6:	df 93       	push	r29
    45d8:	cf 93       	push	r28
    45da:	cd b7       	in	r28, 0x3d	; 61
    45dc:	de b7       	in	r29, 0x3e	; 62
	/* Setup the hardware to generate the tick. */
	prvSetupTimerInterrupt();
    45de:	0e 94 db 23 	call	0x47b6	; 0x47b6 <prvSetupTimerInterrupt>

	/* Restore the context of the first task that is going to run. */
	portRESTORE_CONTEXT();
    45e2:	a0 91 18 05 	lds	r26, 0x0518
    45e6:	b0 91 19 05 	lds	r27, 0x0519
    45ea:	cd 91       	ld	r28, X+
    45ec:	cd bf       	out	0x3d, r28	; 61
    45ee:	dd 91       	ld	r29, X+
    45f0:	de bf       	out	0x3e, r29	; 62
    45f2:	ff 91       	pop	r31
    45f4:	ef 91       	pop	r30
    45f6:	df 91       	pop	r29
    45f8:	cf 91       	pop	r28
    45fa:	bf 91       	pop	r27
    45fc:	af 91       	pop	r26
    45fe:	9f 91       	pop	r25
    4600:	8f 91       	pop	r24
    4602:	7f 91       	pop	r23
    4604:	6f 91       	pop	r22
    4606:	5f 91       	pop	r21
    4608:	4f 91       	pop	r20
    460a:	3f 91       	pop	r19
    460c:	2f 91       	pop	r18
    460e:	1f 91       	pop	r17
    4610:	0f 91       	pop	r16
    4612:	ff 90       	pop	r15
    4614:	ef 90       	pop	r14
    4616:	df 90       	pop	r13
    4618:	cf 90       	pop	r12
    461a:	bf 90       	pop	r11
    461c:	af 90       	pop	r10
    461e:	9f 90       	pop	r9
    4620:	8f 90       	pop	r8
    4622:	7f 90       	pop	r7
    4624:	6f 90       	pop	r6
    4626:	5f 90       	pop	r5
    4628:	4f 90       	pop	r4
    462a:	3f 90       	pop	r3
    462c:	2f 90       	pop	r2
    462e:	1f 90       	pop	r1
    4630:	0f 90       	pop	r0
    4632:	0f be       	out	0x3f, r0	; 63
    4634:	0f 90       	pop	r0

	/* Simulate a function call end as generated by the compiler.  We will now
	jump to the start of the task the context of which we have just restored. */
	asm volatile ( "ret" );
    4636:	08 95       	ret

	/* Should not get here. */
	return pdTRUE;
    4638:	81 e0       	ldi	r24, 0x01	; 1
}
    463a:	cf 91       	pop	r28
    463c:	df 91       	pop	r29
    463e:	08 95       	ret

00004640 <vPortEndScheduler>:
/*-----------------------------------------------------------*/

void vPortEndScheduler( void )
{
    4640:	df 93       	push	r29
    4642:	cf 93       	push	r28
    4644:	cd b7       	in	r28, 0x3d	; 61
    4646:	de b7       	in	r29, 0x3e	; 62
	/* It is unlikely that the AVR port will get stopped.  If required simply
	disable the tick interrupt here. */
}
    4648:	cf 91       	pop	r28
    464a:	df 91       	pop	r29
    464c:	08 95       	ret

0000464e <vPortYield>:
 * can use a naked attribute.
 */
void vPortYield( void ) __attribute__ ( ( naked ) );
void vPortYield( void )
{
	portSAVE_CONTEXT();
    464e:	0f 92       	push	r0
    4650:	0f b6       	in	r0, 0x3f	; 63
    4652:	f8 94       	cli
    4654:	0f 92       	push	r0
    4656:	1f 92       	push	r1
    4658:	11 24       	eor	r1, r1
    465a:	2f 92       	push	r2
    465c:	3f 92       	push	r3
    465e:	4f 92       	push	r4
    4660:	5f 92       	push	r5
    4662:	6f 92       	push	r6
    4664:	7f 92       	push	r7
    4666:	8f 92       	push	r8
    4668:	9f 92       	push	r9
    466a:	af 92       	push	r10
    466c:	bf 92       	push	r11
    466e:	cf 92       	push	r12
    4670:	df 92       	push	r13
    4672:	ef 92       	push	r14
    4674:	ff 92       	push	r15
    4676:	0f 93       	push	r16
    4678:	1f 93       	push	r17
    467a:	2f 93       	push	r18
    467c:	3f 93       	push	r19
    467e:	4f 93       	push	r20
    4680:	5f 93       	push	r21
    4682:	6f 93       	push	r22
    4684:	7f 93       	push	r23
    4686:	8f 93       	push	r24
    4688:	9f 93       	push	r25
    468a:	af 93       	push	r26
    468c:	bf 93       	push	r27
    468e:	cf 93       	push	r28
    4690:	df 93       	push	r29
    4692:	ef 93       	push	r30
    4694:	ff 93       	push	r31
    4696:	a0 91 18 05 	lds	r26, 0x0518
    469a:	b0 91 19 05 	lds	r27, 0x0519
    469e:	0d b6       	in	r0, 0x3d	; 61
    46a0:	0d 92       	st	X+, r0
    46a2:	0e b6       	in	r0, 0x3e	; 62
    46a4:	0d 92       	st	X+, r0
	vTaskSwitchContext();
    46a6:	0e 94 15 2e 	call	0x5c2a	; 0x5c2a <vTaskSwitchContext>
	portRESTORE_CONTEXT();
    46aa:	a0 91 18 05 	lds	r26, 0x0518
    46ae:	b0 91 19 05 	lds	r27, 0x0519
    46b2:	cd 91       	ld	r28, X+
    46b4:	cd bf       	out	0x3d, r28	; 61
    46b6:	dd 91       	ld	r29, X+
    46b8:	de bf       	out	0x3e, r29	; 62
    46ba:	ff 91       	pop	r31
    46bc:	ef 91       	pop	r30
    46be:	df 91       	pop	r29
    46c0:	cf 91       	pop	r28
    46c2:	bf 91       	pop	r27
    46c4:	af 91       	pop	r26
    46c6:	9f 91       	pop	r25
    46c8:	8f 91       	pop	r24
    46ca:	7f 91       	pop	r23
    46cc:	6f 91       	pop	r22
    46ce:	5f 91       	pop	r21
    46d0:	4f 91       	pop	r20
    46d2:	3f 91       	pop	r19
    46d4:	2f 91       	pop	r18
    46d6:	1f 91       	pop	r17
    46d8:	0f 91       	pop	r16
    46da:	ff 90       	pop	r15
    46dc:	ef 90       	pop	r14
    46de:	df 90       	pop	r13
    46e0:	cf 90       	pop	r12
    46e2:	bf 90       	pop	r11
    46e4:	af 90       	pop	r10
    46e6:	9f 90       	pop	r9
    46e8:	8f 90       	pop	r8
    46ea:	7f 90       	pop	r7
    46ec:	6f 90       	pop	r6
    46ee:	5f 90       	pop	r5
    46f0:	4f 90       	pop	r4
    46f2:	3f 90       	pop	r3
    46f4:	2f 90       	pop	r2
    46f6:	1f 90       	pop	r1
    46f8:	0f 90       	pop	r0
    46fa:	0f be       	out	0x3f, r0	; 63
    46fc:	0f 90       	pop	r0

	asm volatile ( "ret" );
    46fe:	08 95       	ret

00004700 <vPortYieldFromTick>:
 * call comes from the tick ISR.
 */
void vPortYieldFromTick( void ) __attribute__ ( ( naked ) );
void vPortYieldFromTick( void )
{
	portSAVE_CONTEXT();
    4700:	0f 92       	push	r0
    4702:	0f b6       	in	r0, 0x3f	; 63
    4704:	f8 94       	cli
    4706:	0f 92       	push	r0
    4708:	1f 92       	push	r1
    470a:	11 24       	eor	r1, r1
    470c:	2f 92       	push	r2
    470e:	3f 92       	push	r3
    4710:	4f 92       	push	r4
    4712:	5f 92       	push	r5
    4714:	6f 92       	push	r6
    4716:	7f 92       	push	r7
    4718:	8f 92       	push	r8
    471a:	9f 92       	push	r9
    471c:	af 92       	push	r10
    471e:	bf 92       	push	r11
    4720:	cf 92       	push	r12
    4722:	df 92       	push	r13
    4724:	ef 92       	push	r14
    4726:	ff 92       	push	r15
    4728:	0f 93       	push	r16
    472a:	1f 93       	push	r17
    472c:	2f 93       	push	r18
    472e:	3f 93       	push	r19
    4730:	4f 93       	push	r20
    4732:	5f 93       	push	r21
    4734:	6f 93       	push	r22
    4736:	7f 93       	push	r23
    4738:	8f 93       	push	r24
    473a:	9f 93       	push	r25
    473c:	af 93       	push	r26
    473e:	bf 93       	push	r27
    4740:	cf 93       	push	r28
    4742:	df 93       	push	r29
    4744:	ef 93       	push	r30
    4746:	ff 93       	push	r31
    4748:	a0 91 18 05 	lds	r26, 0x0518
    474c:	b0 91 19 05 	lds	r27, 0x0519
    4750:	0d b6       	in	r0, 0x3d	; 61
    4752:	0d 92       	st	X+, r0
    4754:	0e b6       	in	r0, 0x3e	; 62
    4756:	0d 92       	st	X+, r0
	vTaskIncrementTick();
    4758:	0e 94 40 2d 	call	0x5a80	; 0x5a80 <vTaskIncrementTick>
	vTaskSwitchContext();
    475c:	0e 94 15 2e 	call	0x5c2a	; 0x5c2a <vTaskSwitchContext>
	portRESTORE_CONTEXT();
    4760:	a0 91 18 05 	lds	r26, 0x0518
    4764:	b0 91 19 05 	lds	r27, 0x0519
    4768:	cd 91       	ld	r28, X+
    476a:	cd bf       	out	0x3d, r28	; 61
    476c:	dd 91       	ld	r29, X+
    476e:	de bf       	out	0x3e, r29	; 62
    4770:	ff 91       	pop	r31
    4772:	ef 91       	pop	r30
    4774:	df 91       	pop	r29
    4776:	cf 91       	pop	r28
    4778:	bf 91       	pop	r27
    477a:	af 91       	pop	r26
    477c:	9f 91       	pop	r25
    477e:	8f 91       	pop	r24
    4780:	7f 91       	pop	r23
    4782:	6f 91       	pop	r22
    4784:	5f 91       	pop	r21
    4786:	4f 91       	pop	r20
    4788:	3f 91       	pop	r19
    478a:	2f 91       	pop	r18
    478c:	1f 91       	pop	r17
    478e:	0f 91       	pop	r16
    4790:	ff 90       	pop	r15
    4792:	ef 90       	pop	r14
    4794:	df 90       	pop	r13
    4796:	cf 90       	pop	r12
    4798:	bf 90       	pop	r11
    479a:	af 90       	pop	r10
    479c:	9f 90       	pop	r9
    479e:	8f 90       	pop	r8
    47a0:	7f 90       	pop	r7
    47a2:	6f 90       	pop	r6
    47a4:	5f 90       	pop	r5
    47a6:	4f 90       	pop	r4
    47a8:	3f 90       	pop	r3
    47aa:	2f 90       	pop	r2
    47ac:	1f 90       	pop	r1
    47ae:	0f 90       	pop	r0
    47b0:	0f be       	out	0x3f, r0	; 63
    47b2:	0f 90       	pop	r0

	asm volatile ( "ret" );
    47b4:	08 95       	ret

000047b6 <prvSetupTimerInterrupt>:

/*
 * Setup timer 1 compare match A to generate a tick interrupt.
 */
static void prvSetupTimerInterrupt( void )
{
    47b6:	df 93       	push	r29
    47b8:	cf 93       	push	r28
    47ba:	00 d0       	rcall	.+0      	; 0x47bc <prvSetupTimerInterrupt+0x6>
    47bc:	00 d0       	rcall	.+0      	; 0x47be <prvSetupTimerInterrupt+0x8>
    47be:	00 d0       	rcall	.+0      	; 0x47c0 <prvSetupTimerInterrupt+0xa>
    47c0:	cd b7       	in	r28, 0x3d	; 61
    47c2:	de b7       	in	r29, 0x3e	; 62
unsigned char ucHighByte, ucLowByte;

	/* Using 16bit timer 1 to generate the tick.  Correct fuses must be
	selected for the configCPU_CLOCK_HZ clock. */

	ulCompareMatch = configCPU_CLOCK_HZ / configTICK_RATE_HZ;
    47c4:	80 e8       	ldi	r24, 0x80	; 128
    47c6:	98 e3       	ldi	r25, 0x38	; 56
    47c8:	a1 e0       	ldi	r26, 0x01	; 1
    47ca:	b0 e0       	ldi	r27, 0x00	; 0
    47cc:	8b 83       	std	Y+3, r24	; 0x03
    47ce:	9c 83       	std	Y+4, r25	; 0x04
    47d0:	ad 83       	std	Y+5, r26	; 0x05
    47d2:	be 83       	std	Y+6, r27	; 0x06

	/* We only have 16 bits so have to scale to get our required tick rate. */
	ulCompareMatch /= portCLOCK_PRESCALER;
    47d4:	8b 81       	ldd	r24, Y+3	; 0x03
    47d6:	9c 81       	ldd	r25, Y+4	; 0x04
    47d8:	ad 81       	ldd	r26, Y+5	; 0x05
    47da:	be 81       	ldd	r27, Y+6	; 0x06
    47dc:	68 94       	set
    47de:	15 f8       	bld	r1, 5
    47e0:	b6 95       	lsr	r27
    47e2:	a7 95       	ror	r26
    47e4:	97 95       	ror	r25
    47e6:	87 95       	ror	r24
    47e8:	16 94       	lsr	r1
    47ea:	d1 f7       	brne	.-12     	; 0x47e0 <prvSetupTimerInterrupt+0x2a>
    47ec:	8b 83       	std	Y+3, r24	; 0x03
    47ee:	9c 83       	std	Y+4, r25	; 0x04
    47f0:	ad 83       	std	Y+5, r26	; 0x05
    47f2:	be 83       	std	Y+6, r27	; 0x06

	/* Adjust for correct value. */
	ulCompareMatch -= ( unsigned long ) 1;
    47f4:	8b 81       	ldd	r24, Y+3	; 0x03
    47f6:	9c 81       	ldd	r25, Y+4	; 0x04
    47f8:	ad 81       	ldd	r26, Y+5	; 0x05
    47fa:	be 81       	ldd	r27, Y+6	; 0x06
    47fc:	01 97       	sbiw	r24, 0x01	; 1
    47fe:	a1 09       	sbc	r26, r1
    4800:	b1 09       	sbc	r27, r1
    4802:	8b 83       	std	Y+3, r24	; 0x03
    4804:	9c 83       	std	Y+4, r25	; 0x04
    4806:	ad 83       	std	Y+5, r26	; 0x05
    4808:	be 83       	std	Y+6, r27	; 0x06

	/* Setup compare match value for compare match A.  Interrupts are disabled 
	before this is called so we need not worry here. */
	ucLowByte = ( unsigned char ) ( ulCompareMatch & ( unsigned long ) 0xff );
    480a:	8b 81       	ldd	r24, Y+3	; 0x03
    480c:	89 83       	std	Y+1, r24	; 0x01
	ulCompareMatch >>= 8;
    480e:	8b 81       	ldd	r24, Y+3	; 0x03
    4810:	9c 81       	ldd	r25, Y+4	; 0x04
    4812:	ad 81       	ldd	r26, Y+5	; 0x05
    4814:	be 81       	ldd	r27, Y+6	; 0x06
    4816:	89 2f       	mov	r24, r25
    4818:	9a 2f       	mov	r25, r26
    481a:	ab 2f       	mov	r26, r27
    481c:	bb 27       	eor	r27, r27
    481e:	8b 83       	std	Y+3, r24	; 0x03
    4820:	9c 83       	std	Y+4, r25	; 0x04
    4822:	ad 83       	std	Y+5, r26	; 0x05
    4824:	be 83       	std	Y+6, r27	; 0x06
	ucHighByte = ( unsigned char ) ( ulCompareMatch & ( unsigned long ) 0xff );
    4826:	8b 81       	ldd	r24, Y+3	; 0x03
    4828:	8a 83       	std	Y+2, r24	; 0x02
	OCR1AH = ucHighByte;
    482a:	eb e4       	ldi	r30, 0x4B	; 75
    482c:	f0 e0       	ldi	r31, 0x00	; 0
    482e:	8a 81       	ldd	r24, Y+2	; 0x02
    4830:	80 83       	st	Z, r24
	OCR1AL = ucLowByte;
    4832:	ea e4       	ldi	r30, 0x4A	; 74
    4834:	f0 e0       	ldi	r31, 0x00	; 0
    4836:	89 81       	ldd	r24, Y+1	; 0x01
    4838:	80 83       	st	Z, r24

	/* Setup clock source and compare match behaviour. */
	ucLowByte = portCLEAR_COUNTER_ON_MATCH | portPRESCALE_64;
    483a:	8b e0       	ldi	r24, 0x0B	; 11
    483c:	89 83       	std	Y+1, r24	; 0x01
	TCCR1B = ucLowByte;
    483e:	ee e4       	ldi	r30, 0x4E	; 78
    4840:	f0 e0       	ldi	r31, 0x00	; 0
    4842:	89 81       	ldd	r24, Y+1	; 0x01
    4844:	80 83       	st	Z, r24

	/* Enable the interrupt - this is okay as interrupt are currently globally
	disabled. */
	ucLowByte = TIMSK;
    4846:	e9 e5       	ldi	r30, 0x59	; 89
    4848:	f0 e0       	ldi	r31, 0x00	; 0
    484a:	80 81       	ld	r24, Z
    484c:	89 83       	std	Y+1, r24	; 0x01
	ucLowByte |= portCOMPARE_MATCH_A_INTERRUPT_ENABLE;
    484e:	89 81       	ldd	r24, Y+1	; 0x01
    4850:	80 61       	ori	r24, 0x10	; 16
    4852:	89 83       	std	Y+1, r24	; 0x01
	TIMSK = ucLowByte;
    4854:	e9 e5       	ldi	r30, 0x59	; 89
    4856:	f0 e0       	ldi	r31, 0x00	; 0
    4858:	89 81       	ldd	r24, Y+1	; 0x01
    485a:	80 83       	st	Z, r24
}
    485c:	26 96       	adiw	r28, 0x06	; 6
    485e:	0f b6       	in	r0, 0x3f	; 63
    4860:	f8 94       	cli
    4862:	de bf       	out	0x3e, r29	; 62
    4864:	0f be       	out	0x3f, r0	; 63
    4866:	cd bf       	out	0x3d, r28	; 61
    4868:	cf 91       	pop	r28
    486a:	df 91       	pop	r29
    486c:	08 95       	ret

0000486e <__vector_7>:
	 * count is incremented after the context is saved.
	 */
	void SIG_OUTPUT_COMPARE1A( void ) __attribute__ ( ( signal, naked ) );
	void SIG_OUTPUT_COMPARE1A( void )
	{
		vPortYieldFromTick();
    486e:	0e 94 80 23 	call	0x4700	; 0x4700 <vPortYieldFromTick>
		asm volatile ( "reti" );
    4872:	18 95       	reti

00004874 <xQueueCreate>:
/*-----------------------------------------------------------
 * PUBLIC QUEUE MANAGEMENT API documented in queue.h
 *----------------------------------------------------------*/

xQueueHandle xQueueCreate( unsigned portBASE_TYPE uxQueueLength, unsigned portBASE_TYPE uxItemSize )
{
    4874:	df 93       	push	r29
    4876:	cf 93       	push	r28
    4878:	cd b7       	in	r28, 0x3d	; 61
    487a:	de b7       	in	r29, 0x3e	; 62
    487c:	28 97       	sbiw	r28, 0x08	; 8
    487e:	0f b6       	in	r0, 0x3f	; 63
    4880:	f8 94       	cli
    4882:	de bf       	out	0x3e, r29	; 62
    4884:	0f be       	out	0x3f, r0	; 63
    4886:	cd bf       	out	0x3d, r28	; 61
    4888:	8f 83       	std	Y+7, r24	; 0x07
    488a:	68 87       	std	Y+8, r22	; 0x08
xQUEUE *pxNewQueue;
size_t xQueueSizeInBytes;
xQueueHandle xReturn = NULL;
    488c:	1a 82       	std	Y+2, r1	; 0x02
    488e:	19 82       	std	Y+1, r1	; 0x01

	/* Allocate the new queue structure. */
	if( uxQueueLength > ( unsigned portBASE_TYPE ) 0 )
    4890:	8f 81       	ldd	r24, Y+7	; 0x07
    4892:	88 23       	and	r24, r24
    4894:	09 f4       	brne	.+2      	; 0x4898 <xQueueCreate+0x24>
    4896:	8c c0       	rjmp	.+280    	; 0x49b0 <xQueueCreate+0x13c>
	{
		pxNewQueue = ( xQUEUE * ) pvPortMalloc( sizeof( xQUEUE ) );
    4898:	8f e1       	ldi	r24, 0x1F	; 31
    489a:	90 e0       	ldi	r25, 0x00	; 0
    489c:	0e 94 c1 1f 	call	0x3f82	; 0x3f82 <pvPortMalloc>
    48a0:	9e 83       	std	Y+6, r25	; 0x06
    48a2:	8d 83       	std	Y+5, r24	; 0x05
		if( pxNewQueue != NULL )
    48a4:	8d 81       	ldd	r24, Y+5	; 0x05
    48a6:	9e 81       	ldd	r25, Y+6	; 0x06
    48a8:	00 97       	sbiw	r24, 0x00	; 0
    48aa:	09 f4       	brne	.+2      	; 0x48ae <xQueueCreate+0x3a>
    48ac:	81 c0       	rjmp	.+258    	; 0x49b0 <xQueueCreate+0x13c>
		{
			/* Create the list of pointers to queue items.  The queue is one byte
			longer than asked for to make wrap checking easier/faster. */
			xQueueSizeInBytes = ( size_t ) ( uxQueueLength * uxItemSize ) + ( size_t ) 1;
    48ae:	8f 81       	ldd	r24, Y+7	; 0x07
    48b0:	28 2f       	mov	r18, r24
    48b2:	30 e0       	ldi	r19, 0x00	; 0
    48b4:	88 85       	ldd	r24, Y+8	; 0x08
    48b6:	88 2f       	mov	r24, r24
    48b8:	90 e0       	ldi	r25, 0x00	; 0
    48ba:	ac 01       	movw	r20, r24
    48bc:	24 9f       	mul	r18, r20
    48be:	c0 01       	movw	r24, r0
    48c0:	25 9f       	mul	r18, r21
    48c2:	90 0d       	add	r25, r0
    48c4:	34 9f       	mul	r19, r20
    48c6:	90 0d       	add	r25, r0
    48c8:	11 24       	eor	r1, r1
    48ca:	01 96       	adiw	r24, 0x01	; 1
    48cc:	9c 83       	std	Y+4, r25	; 0x04
    48ce:	8b 83       	std	Y+3, r24	; 0x03

			pxNewQueue->pcHead = ( signed char * ) pvPortMalloc( xQueueSizeInBytes );
    48d0:	8b 81       	ldd	r24, Y+3	; 0x03
    48d2:	9c 81       	ldd	r25, Y+4	; 0x04
    48d4:	0e 94 c1 1f 	call	0x3f82	; 0x3f82 <pvPortMalloc>
    48d8:	ed 81       	ldd	r30, Y+5	; 0x05
    48da:	fe 81       	ldd	r31, Y+6	; 0x06
    48dc:	91 83       	std	Z+1, r25	; 0x01
    48de:	80 83       	st	Z, r24
			if( pxNewQueue->pcHead != NULL )
    48e0:	ed 81       	ldd	r30, Y+5	; 0x05
    48e2:	fe 81       	ldd	r31, Y+6	; 0x06
    48e4:	80 81       	ld	r24, Z
    48e6:	91 81       	ldd	r25, Z+1	; 0x01
    48e8:	00 97       	sbiw	r24, 0x00	; 0
    48ea:	09 f4       	brne	.+2      	; 0x48ee <xQueueCreate+0x7a>
    48ec:	5d c0       	rjmp	.+186    	; 0x49a8 <xQueueCreate+0x134>
			{
				/* Initialise the queue members as described above where the
				queue type is defined. */
				pxNewQueue->pcTail = pxNewQueue->pcHead + ( uxQueueLength * uxItemSize );
    48ee:	ed 81       	ldd	r30, Y+5	; 0x05
    48f0:	fe 81       	ldd	r31, Y+6	; 0x06
    48f2:	40 81       	ld	r20, Z
    48f4:	51 81       	ldd	r21, Z+1	; 0x01
    48f6:	8f 81       	ldd	r24, Y+7	; 0x07
    48f8:	28 2f       	mov	r18, r24
    48fa:	30 e0       	ldi	r19, 0x00	; 0
    48fc:	88 85       	ldd	r24, Y+8	; 0x08
    48fe:	88 2f       	mov	r24, r24
    4900:	90 e0       	ldi	r25, 0x00	; 0
    4902:	bc 01       	movw	r22, r24
    4904:	26 9f       	mul	r18, r22
    4906:	c0 01       	movw	r24, r0
    4908:	27 9f       	mul	r18, r23
    490a:	90 0d       	add	r25, r0
    490c:	36 9f       	mul	r19, r22
    490e:	90 0d       	add	r25, r0
    4910:	11 24       	eor	r1, r1
    4912:	84 0f       	add	r24, r20
    4914:	95 1f       	adc	r25, r21
    4916:	ed 81       	ldd	r30, Y+5	; 0x05
    4918:	fe 81       	ldd	r31, Y+6	; 0x06
    491a:	93 83       	std	Z+3, r25	; 0x03
    491c:	82 83       	std	Z+2, r24	; 0x02
				pxNewQueue->uxMessagesWaiting = ( unsigned portBASE_TYPE ) 0U;
    491e:	ed 81       	ldd	r30, Y+5	; 0x05
    4920:	fe 81       	ldd	r31, Y+6	; 0x06
    4922:	12 8e       	std	Z+26, r1	; 0x1a
				pxNewQueue->pcWriteTo = pxNewQueue->pcHead;
    4924:	ed 81       	ldd	r30, Y+5	; 0x05
    4926:	fe 81       	ldd	r31, Y+6	; 0x06
    4928:	80 81       	ld	r24, Z
    492a:	91 81       	ldd	r25, Z+1	; 0x01
    492c:	ed 81       	ldd	r30, Y+5	; 0x05
    492e:	fe 81       	ldd	r31, Y+6	; 0x06
    4930:	95 83       	std	Z+5, r25	; 0x05
    4932:	84 83       	std	Z+4, r24	; 0x04
				pxNewQueue->pcReadFrom = pxNewQueue->pcHead + ( ( uxQueueLength - ( unsigned portBASE_TYPE ) 1U ) * uxItemSize );
    4934:	ed 81       	ldd	r30, Y+5	; 0x05
    4936:	fe 81       	ldd	r31, Y+6	; 0x06
    4938:	40 81       	ld	r20, Z
    493a:	51 81       	ldd	r21, Z+1	; 0x01
    493c:	8f 81       	ldd	r24, Y+7	; 0x07
    493e:	88 2f       	mov	r24, r24
    4940:	90 e0       	ldi	r25, 0x00	; 0
    4942:	9c 01       	movw	r18, r24
    4944:	21 50       	subi	r18, 0x01	; 1
    4946:	30 40       	sbci	r19, 0x00	; 0
    4948:	88 85       	ldd	r24, Y+8	; 0x08
    494a:	88 2f       	mov	r24, r24
    494c:	90 e0       	ldi	r25, 0x00	; 0
    494e:	bc 01       	movw	r22, r24
    4950:	26 9f       	mul	r18, r22
    4952:	c0 01       	movw	r24, r0
    4954:	27 9f       	mul	r18, r23
    4956:	90 0d       	add	r25, r0
    4958:	36 9f       	mul	r19, r22
    495a:	90 0d       	add	r25, r0
    495c:	11 24       	eor	r1, r1
    495e:	84 0f       	add	r24, r20
    4960:	95 1f       	adc	r25, r21
    4962:	ed 81       	ldd	r30, Y+5	; 0x05
    4964:	fe 81       	ldd	r31, Y+6	; 0x06
    4966:	97 83       	std	Z+7, r25	; 0x07
    4968:	86 83       	std	Z+6, r24	; 0x06
				pxNewQueue->uxLength = uxQueueLength;
    496a:	ed 81       	ldd	r30, Y+5	; 0x05
    496c:	fe 81       	ldd	r31, Y+6	; 0x06
    496e:	8f 81       	ldd	r24, Y+7	; 0x07
    4970:	83 8f       	std	Z+27, r24	; 0x1b
				pxNewQueue->uxItemSize = uxItemSize;
    4972:	ed 81       	ldd	r30, Y+5	; 0x05
    4974:	fe 81       	ldd	r31, Y+6	; 0x06
    4976:	88 85       	ldd	r24, Y+8	; 0x08
    4978:	84 8f       	std	Z+28, r24	; 0x1c
				pxNewQueue->xRxLock = queueUNLOCKED;
    497a:	ed 81       	ldd	r30, Y+5	; 0x05
    497c:	fe 81       	ldd	r31, Y+6	; 0x06
    497e:	8f ef       	ldi	r24, 0xFF	; 255
    4980:	85 8f       	std	Z+29, r24	; 0x1d
				pxNewQueue->xTxLock = queueUNLOCKED;
    4982:	ed 81       	ldd	r30, Y+5	; 0x05
    4984:	fe 81       	ldd	r31, Y+6	; 0x06
    4986:	8f ef       	ldi	r24, 0xFF	; 255
    4988:	86 8f       	std	Z+30, r24	; 0x1e

				/* Likewise ensure the event queues start with the correct state. */
				vListInitialise( &( pxNewQueue->xTasksWaitingToSend ) );
    498a:	8d 81       	ldd	r24, Y+5	; 0x05
    498c:	9e 81       	ldd	r25, Y+6	; 0x06
    498e:	08 96       	adiw	r24, 0x08	; 8
    4990:	0e 94 2d 20 	call	0x405a	; 0x405a <vListInitialise>
				vListInitialise( &( pxNewQueue->xTasksWaitingToReceive ) );
    4994:	8d 81       	ldd	r24, Y+5	; 0x05
    4996:	9e 81       	ldd	r25, Y+6	; 0x06
    4998:	41 96       	adiw	r24, 0x11	; 17
    499a:	0e 94 2d 20 	call	0x405a	; 0x405a <vListInitialise>

				traceQUEUE_CREATE( pxNewQueue );
				xReturn = pxNewQueue;
    499e:	8d 81       	ldd	r24, Y+5	; 0x05
    49a0:	9e 81       	ldd	r25, Y+6	; 0x06
    49a2:	9a 83       	std	Y+2, r25	; 0x02
    49a4:	89 83       	std	Y+1, r24	; 0x01
    49a6:	04 c0       	rjmp	.+8      	; 0x49b0 <xQueueCreate+0x13c>
			}
			else
			{
				traceQUEUE_CREATE_FAILED();
				vPortFree( pxNewQueue );
    49a8:	8d 81       	ldd	r24, Y+5	; 0x05
    49aa:	9e 81       	ldd	r25, Y+6	; 0x06
    49ac:	0e 94 07 20 	call	0x400e	; 0x400e <vPortFree>
		}
	}

	configASSERT( xReturn );

	return xReturn;
    49b0:	89 81       	ldd	r24, Y+1	; 0x01
    49b2:	9a 81       	ldd	r25, Y+2	; 0x02
}
    49b4:	28 96       	adiw	r28, 0x08	; 8
    49b6:	0f b6       	in	r0, 0x3f	; 63
    49b8:	f8 94       	cli
    49ba:	de bf       	out	0x3e, r29	; 62
    49bc:	0f be       	out	0x3f, r0	; 63
    49be:	cd bf       	out	0x3d, r28	; 61
    49c0:	cf 91       	pop	r28
    49c2:	df 91       	pop	r29
    49c4:	08 95       	ret

000049c6 <xQueueCreateCountingSemaphore>:
/*-----------------------------------------------------------*/

#if configUSE_COUNTING_SEMAPHORES == 1

	xQueueHandle xQueueCreateCountingSemaphore( unsigned portBASE_TYPE uxCountValue, unsigned portBASE_TYPE uxInitialCount )
	{
    49c6:	df 93       	push	r29
    49c8:	cf 93       	push	r28
    49ca:	00 d0       	rcall	.+0      	; 0x49cc <xQueueCreateCountingSemaphore+0x6>
    49cc:	00 d0       	rcall	.+0      	; 0x49ce <xQueueCreateCountingSemaphore+0x8>
    49ce:	cd b7       	in	r28, 0x3d	; 61
    49d0:	de b7       	in	r29, 0x3e	; 62
    49d2:	8b 83       	std	Y+3, r24	; 0x03
    49d4:	6c 83       	std	Y+4, r22	; 0x04
	xQueueHandle pxHandle;

		pxHandle = xQueueCreate( ( unsigned portBASE_TYPE ) uxCountValue, queueSEMAPHORE_QUEUE_ITEM_LENGTH );
    49d6:	8b 81       	ldd	r24, Y+3	; 0x03
    49d8:	60 e0       	ldi	r22, 0x00	; 0
    49da:	0e 94 3a 24 	call	0x4874	; 0x4874 <xQueueCreate>
    49de:	9a 83       	std	Y+2, r25	; 0x02
    49e0:	89 83       	std	Y+1, r24	; 0x01

		if( pxHandle != NULL )
    49e2:	89 81       	ldd	r24, Y+1	; 0x01
    49e4:	9a 81       	ldd	r25, Y+2	; 0x02
    49e6:	00 97       	sbiw	r24, 0x00	; 0
    49e8:	21 f0       	breq	.+8      	; 0x49f2 <xQueueCreateCountingSemaphore+0x2c>
		{
			pxHandle->uxMessagesWaiting = uxInitialCount;
    49ea:	e9 81       	ldd	r30, Y+1	; 0x01
    49ec:	fa 81       	ldd	r31, Y+2	; 0x02
    49ee:	8c 81       	ldd	r24, Y+4	; 0x04
    49f0:	82 8f       	std	Z+26, r24	; 0x1a
		{
			traceCREATE_COUNTING_SEMAPHORE_FAILED();
		}

		configASSERT( pxHandle );
		return pxHandle;
    49f2:	89 81       	ldd	r24, Y+1	; 0x01
    49f4:	9a 81       	ldd	r25, Y+2	; 0x02
	}
    49f6:	0f 90       	pop	r0
    49f8:	0f 90       	pop	r0
    49fa:	0f 90       	pop	r0
    49fc:	0f 90       	pop	r0
    49fe:	cf 91       	pop	r28
    4a00:	df 91       	pop	r29
    4a02:	08 95       	ret

00004a04 <xQueueGenericSend>:

#endif /* configUSE_COUNTING_SEMAPHORES */
/*-----------------------------------------------------------*/

signed portBASE_TYPE xQueueGenericSend( xQueueHandle pxQueue, const void * const pvItemToQueue, portTickType xTicksToWait, portBASE_TYPE xCopyPosition )
{
    4a04:	df 93       	push	r29
    4a06:	cf 93       	push	r28
    4a08:	cd b7       	in	r28, 0x3d	; 61
    4a0a:	de b7       	in	r29, 0x3e	; 62
    4a0c:	2c 97       	sbiw	r28, 0x0c	; 12
    4a0e:	0f b6       	in	r0, 0x3f	; 63
    4a10:	f8 94       	cli
    4a12:	de bf       	out	0x3e, r29	; 62
    4a14:	0f be       	out	0x3f, r0	; 63
    4a16:	cd bf       	out	0x3d, r28	; 61
    4a18:	9e 83       	std	Y+6, r25	; 0x06
    4a1a:	8d 83       	std	Y+5, r24	; 0x05
    4a1c:	78 87       	std	Y+8, r23	; 0x08
    4a1e:	6f 83       	std	Y+7, r22	; 0x07
    4a20:	5a 87       	std	Y+10, r21	; 0x0a
    4a22:	49 87       	std	Y+9, r20	; 0x09
    4a24:	2b 87       	std	Y+11, r18	; 0x0b
signed portBASE_TYPE xEntryTimeSet = pdFALSE;
    4a26:	19 82       	std	Y+1, r1	; 0x01
	/* This function relaxes the coding standard somewhat to allow return
	statements within the function itself.  This is done in the interest
	of execution time efficiency. */
	for( ;; )
	{
		taskENTER_CRITICAL();
    4a28:	0f b6       	in	r0, 0x3f	; 63
    4a2a:	f8 94       	cli
    4a2c:	0f 92       	push	r0
		{
			/* Is there room on the queue now?  To be running we must be
			the highest priority task wanting to access the queue. */
			if( pxQueue->uxMessagesWaiting < pxQueue->uxLength )
    4a2e:	ed 81       	ldd	r30, Y+5	; 0x05
    4a30:	fe 81       	ldd	r31, Y+6	; 0x06
    4a32:	92 8d       	ldd	r25, Z+26	; 0x1a
    4a34:	ed 81       	ldd	r30, Y+5	; 0x05
    4a36:	fe 81       	ldd	r31, Y+6	; 0x06
    4a38:	83 8d       	ldd	r24, Z+27	; 0x1b
    4a3a:	98 17       	cp	r25, r24
    4a3c:	d8 f4       	brcc	.+54     	; 0x4a74 <xQueueGenericSend+0x70>
			{
				traceQUEUE_SEND( pxQueue );
				prvCopyDataToQueue( pxQueue, pvItemToQueue, xCopyPosition );
    4a3e:	8d 81       	ldd	r24, Y+5	; 0x05
    4a40:	9e 81       	ldd	r25, Y+6	; 0x06
    4a42:	2f 81       	ldd	r18, Y+7	; 0x07
    4a44:	38 85       	ldd	r19, Y+8	; 0x08
    4a46:	b9 01       	movw	r22, r18
    4a48:	4b 85       	ldd	r20, Y+11	; 0x0b
    4a4a:	0e 94 3d 27 	call	0x4e7a	; 0x4e7a <prvCopyDataToQueue>

				/* If there was a task waiting for data to arrive on the
				queue then unblock it now. */
				if( listLIST_IS_EMPTY( &( pxQueue->xTasksWaitingToReceive ) ) == pdFALSE )
    4a4e:	ed 81       	ldd	r30, Y+5	; 0x05
    4a50:	fe 81       	ldd	r31, Y+6	; 0x06
    4a52:	81 89       	ldd	r24, Z+17	; 0x11
    4a54:	88 23       	and	r24, r24
    4a56:	49 f0       	breq	.+18     	; 0x4a6a <xQueueGenericSend+0x66>
				{
					if( xTaskRemoveFromEventList( &( pxQueue->xTasksWaitingToReceive ) ) == pdTRUE )
    4a58:	8d 81       	ldd	r24, Y+5	; 0x05
    4a5a:	9e 81       	ldd	r25, Y+6	; 0x06
    4a5c:	41 96       	adiw	r24, 0x11	; 17
    4a5e:	0e 94 c4 2e 	call	0x5d88	; 0x5d88 <xTaskRemoveFromEventList>
    4a62:	81 30       	cpi	r24, 0x01	; 1
    4a64:	11 f4       	brne	.+4      	; 0x4a6a <xQueueGenericSend+0x66>
					{
						/* The unblocked task has a priority higher than
						our own so yield immediately.  Yes it is ok to do
						this from within the critical section - the kernel
						takes care of that. */
						portYIELD_WITHIN_API();
    4a66:	0e 94 27 23 	call	0x464e	; 0x464e <vPortYield>
					}
				}

				taskEXIT_CRITICAL();
    4a6a:	0f 90       	pop	r0
    4a6c:	0f be       	out	0x3f, r0	; 63

				/* Return to the original privilege level before exiting the
				function. */
				return pdPASS;
    4a6e:	81 e0       	ldi	r24, 0x01	; 1
    4a70:	8c 87       	std	Y+12, r24	; 0x0c
    4a72:	5c c0       	rjmp	.+184    	; 0x4b2c <xQueueGenericSend+0x128>
			}
			else
			{
				if( xTicksToWait == ( portTickType ) 0 )
    4a74:	89 85       	ldd	r24, Y+9	; 0x09
    4a76:	9a 85       	ldd	r25, Y+10	; 0x0a
    4a78:	00 97       	sbiw	r24, 0x00	; 0
    4a7a:	21 f4       	brne	.+8      	; 0x4a84 <xQueueGenericSend+0x80>
				{
					/* The queue was full and no block time is specified (or
					the block time has expired) so leave now. */
					taskEXIT_CRITICAL();
    4a7c:	0f 90       	pop	r0
    4a7e:	0f be       	out	0x3f, r0	; 63

					/* Return to the original privilege level before exiting
					the function. */
					traceQUEUE_SEND_FAILED( pxQueue );
					return errQUEUE_FULL;
    4a80:	1c 86       	std	Y+12, r1	; 0x0c
    4a82:	54 c0       	rjmp	.+168    	; 0x4b2c <xQueueGenericSend+0x128>
				}
				else if( xEntryTimeSet == pdFALSE )
    4a84:	89 81       	ldd	r24, Y+1	; 0x01
    4a86:	88 23       	and	r24, r24
    4a88:	31 f4       	brne	.+12     	; 0x4a96 <xQueueGenericSend+0x92>
				{
					/* The queue was full and a block time was specified so
					configure the timeout structure. */
					vTaskSetTimeOutState( &xTimeOut );
    4a8a:	ce 01       	movw	r24, r28
    4a8c:	02 96       	adiw	r24, 0x02	; 2
    4a8e:	0e 94 2c 2f 	call	0x5e58	; 0x5e58 <vTaskSetTimeOutState>
					xEntryTimeSet = pdTRUE;
    4a92:	81 e0       	ldi	r24, 0x01	; 1
    4a94:	89 83       	std	Y+1, r24	; 0x01
				}
			}
		}
		taskEXIT_CRITICAL();
    4a96:	0f 90       	pop	r0
    4a98:	0f be       	out	0x3f, r0	; 63

		/* Interrupts and other tasks can send to and receive from the queue
		now the critical section has been exited. */

		vTaskSuspendAll();
    4a9a:	0e 94 75 2c 	call	0x58ea	; 0x58ea <vTaskSuspendAll>
		prvLockQueue( pxQueue );
    4a9e:	0f b6       	in	r0, 0x3f	; 63
    4aa0:	f8 94       	cli
    4aa2:	0f 92       	push	r0
    4aa4:	ed 81       	ldd	r30, Y+5	; 0x05
    4aa6:	fe 81       	ldd	r31, Y+6	; 0x06
    4aa8:	85 8d       	ldd	r24, Z+29	; 0x1d
    4aaa:	8f 3f       	cpi	r24, 0xFF	; 255
    4aac:	19 f4       	brne	.+6      	; 0x4ab4 <xQueueGenericSend+0xb0>
    4aae:	ed 81       	ldd	r30, Y+5	; 0x05
    4ab0:	fe 81       	ldd	r31, Y+6	; 0x06
    4ab2:	15 8e       	std	Z+29, r1	; 0x1d
    4ab4:	ed 81       	ldd	r30, Y+5	; 0x05
    4ab6:	fe 81       	ldd	r31, Y+6	; 0x06
    4ab8:	86 8d       	ldd	r24, Z+30	; 0x1e
    4aba:	8f 3f       	cpi	r24, 0xFF	; 255
    4abc:	19 f4       	brne	.+6      	; 0x4ac4 <xQueueGenericSend+0xc0>
    4abe:	ed 81       	ldd	r30, Y+5	; 0x05
    4ac0:	fe 81       	ldd	r31, Y+6	; 0x06
    4ac2:	16 8e       	std	Z+30, r1	; 0x1e
    4ac4:	0f 90       	pop	r0
    4ac6:	0f be       	out	0x3f, r0	; 63

		/* Update the timeout state to see if it has expired yet. */
		if( xTaskCheckForTimeOut( &xTimeOut, &xTicksToWait ) == pdFALSE )
    4ac8:	ce 01       	movw	r24, r28
    4aca:	02 96       	adiw	r24, 0x02	; 2
    4acc:	9e 01       	movw	r18, r28
    4ace:	27 5f       	subi	r18, 0xF7	; 247
    4ad0:	3f 4f       	sbci	r19, 0xFF	; 255
    4ad2:	b9 01       	movw	r22, r18
    4ad4:	0e 94 45 2f 	call	0x5e8a	; 0x5e8a <xTaskCheckForTimeOut>
    4ad8:	88 23       	and	r24, r24
    4ada:	09 f5       	brne	.+66     	; 0x4b1e <xQueueGenericSend+0x11a>
		{
			if( prvIsQueueFull( pxQueue ) != pdFALSE )
    4adc:	8d 81       	ldd	r24, Y+5	; 0x05
    4ade:	9e 81       	ldd	r25, Y+6	; 0x06
    4ae0:	0e 94 a1 28 	call	0x5142	; 0x5142 <prvIsQueueFull>
    4ae4:	88 23       	and	r24, r24
    4ae6:	a1 f0       	breq	.+40     	; 0x4b10 <xQueueGenericSend+0x10c>
			{
				traceBLOCKING_ON_QUEUE_SEND( pxQueue );
				vTaskPlaceOnEventList( &( pxQueue->xTasksWaitingToSend ), xTicksToWait );
    4ae8:	8d 81       	ldd	r24, Y+5	; 0x05
    4aea:	9e 81       	ldd	r25, Y+6	; 0x06
    4aec:	08 96       	adiw	r24, 0x08	; 8
    4aee:	29 85       	ldd	r18, Y+9	; 0x09
    4af0:	3a 85       	ldd	r19, Y+10	; 0x0a
    4af2:	b9 01       	movw	r22, r18
    4af4:	0e 94 7b 2e 	call	0x5cf6	; 0x5cf6 <vTaskPlaceOnEventList>
				/* Unlocking the queue means queue events can effect the
				event list.  It is possible	that interrupts occurring now
				remove this task from the event	list again - but as the
				scheduler is suspended the task will go onto the pending
				ready last instead of the actual ready list. */
				prvUnlockQueue( pxQueue );
    4af8:	8d 81       	ldd	r24, Y+5	; 0x05
    4afa:	9e 81       	ldd	r25, Y+6	; 0x06
    4afc:	0e 94 1a 28 	call	0x5034	; 0x5034 <prvUnlockQueue>
				/* Resuming the scheduler will move tasks from the pending
				ready list into the ready list - so it is feasible that this
				task is already in a ready list before it yields - in which
				case the yield will not cause a context switch unless there
				is also a higher priority task in the pending ready list. */
				if( xTaskResumeAll() == pdFALSE )
    4b00:	0e 94 81 2c 	call	0x5902	; 0x5902 <xTaskResumeAll>
    4b04:	88 23       	and	r24, r24
    4b06:	09 f0       	breq	.+2      	; 0x4b0a <xQueueGenericSend+0x106>
    4b08:	8f cf       	rjmp	.-226    	; 0x4a28 <xQueueGenericSend+0x24>
				{
					portYIELD_WITHIN_API();
    4b0a:	0e 94 27 23 	call	0x464e	; 0x464e <vPortYield>
    4b0e:	8c cf       	rjmp	.-232    	; 0x4a28 <xQueueGenericSend+0x24>
				}
			}
			else
			{
				/* Try again. */
				prvUnlockQueue( pxQueue );
    4b10:	8d 81       	ldd	r24, Y+5	; 0x05
    4b12:	9e 81       	ldd	r25, Y+6	; 0x06
    4b14:	0e 94 1a 28 	call	0x5034	; 0x5034 <prvUnlockQueue>
				( void ) xTaskResumeAll();
    4b18:	0e 94 81 2c 	call	0x5902	; 0x5902 <xTaskResumeAll>
    4b1c:	85 cf       	rjmp	.-246    	; 0x4a28 <xQueueGenericSend+0x24>
			}
		}
		else
		{
			/* The timeout has expired. */
			prvUnlockQueue( pxQueue );
    4b1e:	8d 81       	ldd	r24, Y+5	; 0x05
    4b20:	9e 81       	ldd	r25, Y+6	; 0x06
    4b22:	0e 94 1a 28 	call	0x5034	; 0x5034 <prvUnlockQueue>
			( void ) xTaskResumeAll();
    4b26:	0e 94 81 2c 	call	0x5902	; 0x5902 <xTaskResumeAll>

			/* Return to the original privilege level before exiting the
			function. */
			traceQUEUE_SEND_FAILED( pxQueue );
			return errQUEUE_FULL;
    4b2a:	1c 86       	std	Y+12, r1	; 0x0c
    4b2c:	8c 85       	ldd	r24, Y+12	; 0x0c
		}
	}
}
    4b2e:	2c 96       	adiw	r28, 0x0c	; 12
    4b30:	0f b6       	in	r0, 0x3f	; 63
    4b32:	f8 94       	cli
    4b34:	de bf       	out	0x3e, r29	; 62
    4b36:	0f be       	out	0x3f, r0	; 63
    4b38:	cd bf       	out	0x3d, r28	; 61
    4b3a:	cf 91       	pop	r28
    4b3c:	df 91       	pop	r29
    4b3e:	08 95       	ret

00004b40 <xQueueGenericSendFromISR>:

#endif /* configUSE_ALTERNATIVE_API */
/*-----------------------------------------------------------*/

signed portBASE_TYPE xQueueGenericSendFromISR( xQueueHandle pxQueue, const void * const pvItemToQueue, signed portBASE_TYPE *pxHigherPriorityTaskWoken, portBASE_TYPE xCopyPosition )
{
    4b40:	df 93       	push	r29
    4b42:	cf 93       	push	r28
    4b44:	cd b7       	in	r28, 0x3d	; 61
    4b46:	de b7       	in	r29, 0x3e	; 62
    4b48:	29 97       	sbiw	r28, 0x09	; 9
    4b4a:	0f b6       	in	r0, 0x3f	; 63
    4b4c:	f8 94       	cli
    4b4e:	de bf       	out	0x3e, r29	; 62
    4b50:	0f be       	out	0x3f, r0	; 63
    4b52:	cd bf       	out	0x3d, r28	; 61
    4b54:	9c 83       	std	Y+4, r25	; 0x04
    4b56:	8b 83       	std	Y+3, r24	; 0x03
    4b58:	7e 83       	std	Y+6, r23	; 0x06
    4b5a:	6d 83       	std	Y+5, r22	; 0x05
    4b5c:	58 87       	std	Y+8, r21	; 0x08
    4b5e:	4f 83       	std	Y+7, r20	; 0x07
    4b60:	29 87       	std	Y+9, r18	; 0x09
	/* Similar to xQueueGenericSend, except we don't block if there is no room
	in the queue.  Also we don't directly wake a task that was blocked on a
	queue read, instead we return a flag to say whether a context switch is
	required or not (i.e. has a task with a higher priority than us been woken
	by this	post). */
	uxSavedInterruptStatus = portSET_INTERRUPT_MASK_FROM_ISR();
    4b62:	19 82       	std	Y+1, r1	; 0x01
	{
		if( pxQueue->uxMessagesWaiting < pxQueue->uxLength )
    4b64:	eb 81       	ldd	r30, Y+3	; 0x03
    4b66:	fc 81       	ldd	r31, Y+4	; 0x04
    4b68:	92 8d       	ldd	r25, Z+26	; 0x1a
    4b6a:	eb 81       	ldd	r30, Y+3	; 0x03
    4b6c:	fc 81       	ldd	r31, Y+4	; 0x04
    4b6e:	83 8d       	ldd	r24, Z+27	; 0x1b
    4b70:	98 17       	cp	r25, r24
    4b72:	40 f5       	brcc	.+80     	; 0x4bc4 <xQueueGenericSendFromISR+0x84>
		{
			traceQUEUE_SEND_FROM_ISR( pxQueue );

			prvCopyDataToQueue( pxQueue, pvItemToQueue, xCopyPosition );
    4b74:	8b 81       	ldd	r24, Y+3	; 0x03
    4b76:	9c 81       	ldd	r25, Y+4	; 0x04
    4b78:	2d 81       	ldd	r18, Y+5	; 0x05
    4b7a:	3e 81       	ldd	r19, Y+6	; 0x06
    4b7c:	b9 01       	movw	r22, r18
    4b7e:	49 85       	ldd	r20, Y+9	; 0x09
    4b80:	0e 94 3d 27 	call	0x4e7a	; 0x4e7a <prvCopyDataToQueue>

			/* If the queue is locked we do not alter the event list.  This will
			be done when the queue is unlocked later. */
			if( pxQueue->xTxLock == queueUNLOCKED )
    4b84:	eb 81       	ldd	r30, Y+3	; 0x03
    4b86:	fc 81       	ldd	r31, Y+4	; 0x04
    4b88:	86 8d       	ldd	r24, Z+30	; 0x1e
    4b8a:	8f 3f       	cpi	r24, 0xFF	; 255
    4b8c:	89 f4       	brne	.+34     	; 0x4bb0 <xQueueGenericSendFromISR+0x70>
			{
				if( listLIST_IS_EMPTY( &( pxQueue->xTasksWaitingToReceive ) ) == pdFALSE )
    4b8e:	eb 81       	ldd	r30, Y+3	; 0x03
    4b90:	fc 81       	ldd	r31, Y+4	; 0x04
    4b92:	81 89       	ldd	r24, Z+17	; 0x11
    4b94:	88 23       	and	r24, r24
    4b96:	99 f0       	breq	.+38     	; 0x4bbe <xQueueGenericSendFromISR+0x7e>
				{
					if( xTaskRemoveFromEventList( &( pxQueue->xTasksWaitingToReceive ) ) != pdFALSE )
    4b98:	8b 81       	ldd	r24, Y+3	; 0x03
    4b9a:	9c 81       	ldd	r25, Y+4	; 0x04
    4b9c:	41 96       	adiw	r24, 0x11	; 17
    4b9e:	0e 94 c4 2e 	call	0x5d88	; 0x5d88 <xTaskRemoveFromEventList>
    4ba2:	88 23       	and	r24, r24
    4ba4:	61 f0       	breq	.+24     	; 0x4bbe <xQueueGenericSendFromISR+0x7e>
					{
						/* The task waiting has a higher priority so record that a
						context	switch is required. */
						*pxHigherPriorityTaskWoken = pdTRUE;
    4ba6:	ef 81       	ldd	r30, Y+7	; 0x07
    4ba8:	f8 85       	ldd	r31, Y+8	; 0x08
    4baa:	81 e0       	ldi	r24, 0x01	; 1
    4bac:	80 83       	st	Z, r24
    4bae:	07 c0       	rjmp	.+14     	; 0x4bbe <xQueueGenericSendFromISR+0x7e>
			}
			else
			{
				/* Increment the lock count so the task that unlocks the queue
				knows that data was posted while it was locked. */
				++( pxQueue->xTxLock );
    4bb0:	eb 81       	ldd	r30, Y+3	; 0x03
    4bb2:	fc 81       	ldd	r31, Y+4	; 0x04
    4bb4:	86 8d       	ldd	r24, Z+30	; 0x1e
    4bb6:	8f 5f       	subi	r24, 0xFF	; 255
    4bb8:	eb 81       	ldd	r30, Y+3	; 0x03
    4bba:	fc 81       	ldd	r31, Y+4	; 0x04
    4bbc:	86 8f       	std	Z+30, r24	; 0x1e
			}

			xReturn = pdPASS;
    4bbe:	81 e0       	ldi	r24, 0x01	; 1
    4bc0:	8a 83       	std	Y+2, r24	; 0x02
    4bc2:	01 c0       	rjmp	.+2      	; 0x4bc6 <xQueueGenericSendFromISR+0x86>
		}
		else
		{
			traceQUEUE_SEND_FROM_ISR_FAILED( pxQueue );
			xReturn = errQUEUE_FULL;
    4bc4:	1a 82       	std	Y+2, r1	; 0x02
		}
	}
	portCLEAR_INTERRUPT_MASK_FROM_ISR( uxSavedInterruptStatus );

	return xReturn;
    4bc6:	8a 81       	ldd	r24, Y+2	; 0x02
}
    4bc8:	29 96       	adiw	r28, 0x09	; 9
    4bca:	0f b6       	in	r0, 0x3f	; 63
    4bcc:	f8 94       	cli
    4bce:	de bf       	out	0x3e, r29	; 62
    4bd0:	0f be       	out	0x3f, r0	; 63
    4bd2:	cd bf       	out	0x3d, r28	; 61
    4bd4:	cf 91       	pop	r28
    4bd6:	df 91       	pop	r29
    4bd8:	08 95       	ret

00004bda <xQueueGenericReceive>:
/*-----------------------------------------------------------*/

signed portBASE_TYPE xQueueGenericReceive( xQueueHandle pxQueue, void * const pvBuffer, portTickType xTicksToWait, portBASE_TYPE xJustPeeking )
{
    4bda:	df 93       	push	r29
    4bdc:	cf 93       	push	r28
    4bde:	cd b7       	in	r28, 0x3d	; 61
    4be0:	de b7       	in	r29, 0x3e	; 62
    4be2:	2e 97       	sbiw	r28, 0x0e	; 14
    4be4:	0f b6       	in	r0, 0x3f	; 63
    4be6:	f8 94       	cli
    4be8:	de bf       	out	0x3e, r29	; 62
    4bea:	0f be       	out	0x3f, r0	; 63
    4bec:	cd bf       	out	0x3d, r28	; 61
    4bee:	98 87       	std	Y+8, r25	; 0x08
    4bf0:	8f 83       	std	Y+7, r24	; 0x07
    4bf2:	7a 87       	std	Y+10, r23	; 0x0a
    4bf4:	69 87       	std	Y+9, r22	; 0x09
    4bf6:	5c 87       	std	Y+12, r21	; 0x0c
    4bf8:	4b 87       	std	Y+11, r20	; 0x0b
    4bfa:	2d 87       	std	Y+13, r18	; 0x0d
signed portBASE_TYPE xEntryTimeSet = pdFALSE;
    4bfc:	1b 82       	std	Y+3, r1	; 0x03
	statements within the function itself.  This is done in the interest
	of execution time efficiency. */

	for( ;; )
	{
		taskENTER_CRITICAL();
    4bfe:	0f b6       	in	r0, 0x3f	; 63
    4c00:	f8 94       	cli
    4c02:	0f 92       	push	r0
		{
			/* Is there data in the queue now?  To be running we must be
			the highest priority task wanting to access the queue. */
			if( pxQueue->uxMessagesWaiting > ( unsigned portBASE_TYPE ) 0 )
    4c04:	ef 81       	ldd	r30, Y+7	; 0x07
    4c06:	f8 85       	ldd	r31, Y+8	; 0x08
    4c08:	82 8d       	ldd	r24, Z+26	; 0x1a
    4c0a:	88 23       	and	r24, r24
    4c0c:	09 f4       	brne	.+2      	; 0x4c10 <xQueueGenericReceive+0x36>
    4c0e:	3f c0       	rjmp	.+126    	; 0x4c8e <xQueueGenericReceive+0xb4>
			{
				/* Remember our read position in case we are just peeking. */
				pcOriginalReadPosition = pxQueue->pcReadFrom;
    4c10:	ef 81       	ldd	r30, Y+7	; 0x07
    4c12:	f8 85       	ldd	r31, Y+8	; 0x08
    4c14:	86 81       	ldd	r24, Z+6	; 0x06
    4c16:	97 81       	ldd	r25, Z+7	; 0x07
    4c18:	9a 83       	std	Y+2, r25	; 0x02
    4c1a:	89 83       	std	Y+1, r24	; 0x01

				prvCopyDataFromQueue( pxQueue, pvBuffer );
    4c1c:	8f 81       	ldd	r24, Y+7	; 0x07
    4c1e:	98 85       	ldd	r25, Y+8	; 0x08
    4c20:	29 85       	ldd	r18, Y+9	; 0x09
    4c22:	3a 85       	ldd	r19, Y+10	; 0x0a
    4c24:	b9 01       	movw	r22, r18
    4c26:	0e 94 d2 27 	call	0x4fa4	; 0x4fa4 <prvCopyDataFromQueue>

				if( xJustPeeking == pdFALSE )
    4c2a:	8d 85       	ldd	r24, Y+13	; 0x0d
    4c2c:	88 23       	and	r24, r24
    4c2e:	b1 f4       	brne	.+44     	; 0x4c5c <xQueueGenericReceive+0x82>
				{
					traceQUEUE_RECEIVE( pxQueue );

					/* We are actually removing data. */
					--( pxQueue->uxMessagesWaiting );
    4c30:	ef 81       	ldd	r30, Y+7	; 0x07
    4c32:	f8 85       	ldd	r31, Y+8	; 0x08
    4c34:	82 8d       	ldd	r24, Z+26	; 0x1a
    4c36:	81 50       	subi	r24, 0x01	; 1
    4c38:	ef 81       	ldd	r30, Y+7	; 0x07
    4c3a:	f8 85       	ldd	r31, Y+8	; 0x08
    4c3c:	82 8f       	std	Z+26, r24	; 0x1a
							pxQueue->pxMutexHolder = xTaskGetCurrentTaskHandle();
						}
					}
					#endif

					if( listLIST_IS_EMPTY( &( pxQueue->xTasksWaitingToSend ) ) == pdFALSE )
    4c3e:	ef 81       	ldd	r30, Y+7	; 0x07
    4c40:	f8 85       	ldd	r31, Y+8	; 0x08
    4c42:	80 85       	ldd	r24, Z+8	; 0x08
    4c44:	88 23       	and	r24, r24
    4c46:	f1 f0       	breq	.+60     	; 0x4c84 <xQueueGenericReceive+0xaa>
					{
						if( xTaskRemoveFromEventList( &( pxQueue->xTasksWaitingToSend ) ) == pdTRUE )
    4c48:	8f 81       	ldd	r24, Y+7	; 0x07
    4c4a:	98 85       	ldd	r25, Y+8	; 0x08
    4c4c:	08 96       	adiw	r24, 0x08	; 8
    4c4e:	0e 94 c4 2e 	call	0x5d88	; 0x5d88 <xTaskRemoveFromEventList>
    4c52:	81 30       	cpi	r24, 0x01	; 1
    4c54:	b9 f4       	brne	.+46     	; 0x4c84 <xQueueGenericReceive+0xaa>
						{
							portYIELD_WITHIN_API();
    4c56:	0e 94 27 23 	call	0x464e	; 0x464e <vPortYield>
    4c5a:	14 c0       	rjmp	.+40     	; 0x4c84 <xQueueGenericReceive+0xaa>
				{
					traceQUEUE_PEEK( pxQueue );

					/* We are not removing the data, so reset our read
					pointer. */
					pxQueue->pcReadFrom = pcOriginalReadPosition;
    4c5c:	ef 81       	ldd	r30, Y+7	; 0x07
    4c5e:	f8 85       	ldd	r31, Y+8	; 0x08
    4c60:	89 81       	ldd	r24, Y+1	; 0x01
    4c62:	9a 81       	ldd	r25, Y+2	; 0x02
    4c64:	97 83       	std	Z+7, r25	; 0x07
    4c66:	86 83       	std	Z+6, r24	; 0x06

					/* The data is being left in the queue, so see if there are
					any other tasks waiting for the data. */
					if( listLIST_IS_EMPTY( &( pxQueue->xTasksWaitingToReceive ) ) == pdFALSE )
    4c68:	ef 81       	ldd	r30, Y+7	; 0x07
    4c6a:	f8 85       	ldd	r31, Y+8	; 0x08
    4c6c:	81 89       	ldd	r24, Z+17	; 0x11
    4c6e:	88 23       	and	r24, r24
    4c70:	49 f0       	breq	.+18     	; 0x4c84 <xQueueGenericReceive+0xaa>
					{
						/* Tasks that are removed from the event list will get added to
						the pending ready list as the scheduler is still suspended. */
						if( xTaskRemoveFromEventList( &( pxQueue->xTasksWaitingToReceive ) ) != pdFALSE )
    4c72:	8f 81       	ldd	r24, Y+7	; 0x07
    4c74:	98 85       	ldd	r25, Y+8	; 0x08
    4c76:	41 96       	adiw	r24, 0x11	; 17
    4c78:	0e 94 c4 2e 	call	0x5d88	; 0x5d88 <xTaskRemoveFromEventList>
    4c7c:	88 23       	and	r24, r24
    4c7e:	11 f0       	breq	.+4      	; 0x4c84 <xQueueGenericReceive+0xaa>
						{
							/* The task waiting has a higher priority than this task. */
							portYIELD_WITHIN_API();
    4c80:	0e 94 27 23 	call	0x464e	; 0x464e <vPortYield>
						}
					}

				}

				taskEXIT_CRITICAL();
    4c84:	0f 90       	pop	r0
    4c86:	0f be       	out	0x3f, r0	; 63
				return pdPASS;
    4c88:	81 e0       	ldi	r24, 0x01	; 1
    4c8a:	8e 87       	std	Y+14, r24	; 0x0e
    4c8c:	5c c0       	rjmp	.+184    	; 0x4d46 <xQueueGenericReceive+0x16c>
			}
			else
			{
				if( xTicksToWait == ( portTickType ) 0 )
    4c8e:	8b 85       	ldd	r24, Y+11	; 0x0b
    4c90:	9c 85       	ldd	r25, Y+12	; 0x0c
    4c92:	00 97       	sbiw	r24, 0x00	; 0
    4c94:	21 f4       	brne	.+8      	; 0x4c9e <xQueueGenericReceive+0xc4>
				{
					/* The queue was empty and no block time is specified (or
					the block time has expired) so leave now. */
					taskEXIT_CRITICAL();
    4c96:	0f 90       	pop	r0
    4c98:	0f be       	out	0x3f, r0	; 63
					traceQUEUE_RECEIVE_FAILED( pxQueue );
					return errQUEUE_EMPTY;
    4c9a:	1e 86       	std	Y+14, r1	; 0x0e
    4c9c:	54 c0       	rjmp	.+168    	; 0x4d46 <xQueueGenericReceive+0x16c>
				}
				else if( xEntryTimeSet == pdFALSE )
    4c9e:	8b 81       	ldd	r24, Y+3	; 0x03
    4ca0:	88 23       	and	r24, r24
    4ca2:	31 f4       	brne	.+12     	; 0x4cb0 <xQueueGenericReceive+0xd6>
				{
					/* The queue was empty and a block time was specified so
					configure the timeout structure. */
					vTaskSetTimeOutState( &xTimeOut );
    4ca4:	ce 01       	movw	r24, r28
    4ca6:	04 96       	adiw	r24, 0x04	; 4
    4ca8:	0e 94 2c 2f 	call	0x5e58	; 0x5e58 <vTaskSetTimeOutState>
					xEntryTimeSet = pdTRUE;
    4cac:	81 e0       	ldi	r24, 0x01	; 1
    4cae:	8b 83       	std	Y+3, r24	; 0x03
				}
			}
		}
		taskEXIT_CRITICAL();
    4cb0:	0f 90       	pop	r0
    4cb2:	0f be       	out	0x3f, r0	; 63

		/* Interrupts and other tasks can send to and receive from the queue
		now the critical section has been exited. */

		vTaskSuspendAll();
    4cb4:	0e 94 75 2c 	call	0x58ea	; 0x58ea <vTaskSuspendAll>
		prvLockQueue( pxQueue );
    4cb8:	0f b6       	in	r0, 0x3f	; 63
    4cba:	f8 94       	cli
    4cbc:	0f 92       	push	r0
    4cbe:	ef 81       	ldd	r30, Y+7	; 0x07
    4cc0:	f8 85       	ldd	r31, Y+8	; 0x08
    4cc2:	85 8d       	ldd	r24, Z+29	; 0x1d
    4cc4:	8f 3f       	cpi	r24, 0xFF	; 255
    4cc6:	19 f4       	brne	.+6      	; 0x4cce <xQueueGenericReceive+0xf4>
    4cc8:	ef 81       	ldd	r30, Y+7	; 0x07
    4cca:	f8 85       	ldd	r31, Y+8	; 0x08
    4ccc:	15 8e       	std	Z+29, r1	; 0x1d
    4cce:	ef 81       	ldd	r30, Y+7	; 0x07
    4cd0:	f8 85       	ldd	r31, Y+8	; 0x08
    4cd2:	86 8d       	ldd	r24, Z+30	; 0x1e
    4cd4:	8f 3f       	cpi	r24, 0xFF	; 255
    4cd6:	19 f4       	brne	.+6      	; 0x4cde <xQueueGenericReceive+0x104>
    4cd8:	ef 81       	ldd	r30, Y+7	; 0x07
    4cda:	f8 85       	ldd	r31, Y+8	; 0x08
    4cdc:	16 8e       	std	Z+30, r1	; 0x1e
    4cde:	0f 90       	pop	r0
    4ce0:	0f be       	out	0x3f, r0	; 63

		/* Update the timeout state to see if it has expired yet. */
		if( xTaskCheckForTimeOut( &xTimeOut, &xTicksToWait ) == pdFALSE )
    4ce2:	ce 01       	movw	r24, r28
    4ce4:	04 96       	adiw	r24, 0x04	; 4
    4ce6:	9e 01       	movw	r18, r28
    4ce8:	25 5f       	subi	r18, 0xF5	; 245
    4cea:	3f 4f       	sbci	r19, 0xFF	; 255
    4cec:	b9 01       	movw	r22, r18
    4cee:	0e 94 45 2f 	call	0x5e8a	; 0x5e8a <xTaskCheckForTimeOut>
    4cf2:	88 23       	and	r24, r24
    4cf4:	09 f5       	brne	.+66     	; 0x4d38 <xQueueGenericReceive+0x15e>
		{
			if( prvIsQueueEmpty( pxQueue ) != pdFALSE )
    4cf6:	8f 81       	ldd	r24, Y+7	; 0x07
    4cf8:	98 85       	ldd	r25, Y+8	; 0x08
    4cfa:	0e 94 6e 28 	call	0x50dc	; 0x50dc <prvIsQueueEmpty>
    4cfe:	88 23       	and	r24, r24
    4d00:	a1 f0       	breq	.+40     	; 0x4d2a <xQueueGenericReceive+0x150>
						portEXIT_CRITICAL();
					}
				}
				#endif

				vTaskPlaceOnEventList( &( pxQueue->xTasksWaitingToReceive ), xTicksToWait );
    4d02:	8f 81       	ldd	r24, Y+7	; 0x07
    4d04:	98 85       	ldd	r25, Y+8	; 0x08
    4d06:	41 96       	adiw	r24, 0x11	; 17
    4d08:	2b 85       	ldd	r18, Y+11	; 0x0b
    4d0a:	3c 85       	ldd	r19, Y+12	; 0x0c
    4d0c:	b9 01       	movw	r22, r18
    4d0e:	0e 94 7b 2e 	call	0x5cf6	; 0x5cf6 <vTaskPlaceOnEventList>
				prvUnlockQueue( pxQueue );
    4d12:	8f 81       	ldd	r24, Y+7	; 0x07
    4d14:	98 85       	ldd	r25, Y+8	; 0x08
    4d16:	0e 94 1a 28 	call	0x5034	; 0x5034 <prvUnlockQueue>
				if( xTaskResumeAll() == pdFALSE )
    4d1a:	0e 94 81 2c 	call	0x5902	; 0x5902 <xTaskResumeAll>
    4d1e:	88 23       	and	r24, r24
    4d20:	09 f0       	breq	.+2      	; 0x4d24 <xQueueGenericReceive+0x14a>
    4d22:	6d cf       	rjmp	.-294    	; 0x4bfe <xQueueGenericReceive+0x24>
				{
					portYIELD_WITHIN_API();
    4d24:	0e 94 27 23 	call	0x464e	; 0x464e <vPortYield>
    4d28:	6a cf       	rjmp	.-300    	; 0x4bfe <xQueueGenericReceive+0x24>
				}
			}
			else
			{
				/* Try again. */
				prvUnlockQueue( pxQueue );
    4d2a:	8f 81       	ldd	r24, Y+7	; 0x07
    4d2c:	98 85       	ldd	r25, Y+8	; 0x08
    4d2e:	0e 94 1a 28 	call	0x5034	; 0x5034 <prvUnlockQueue>
				( void ) xTaskResumeAll();
    4d32:	0e 94 81 2c 	call	0x5902	; 0x5902 <xTaskResumeAll>
    4d36:	63 cf       	rjmp	.-314    	; 0x4bfe <xQueueGenericReceive+0x24>
			}
		}
		else
		{
			prvUnlockQueue( pxQueue );
    4d38:	8f 81       	ldd	r24, Y+7	; 0x07
    4d3a:	98 85       	ldd	r25, Y+8	; 0x08
    4d3c:	0e 94 1a 28 	call	0x5034	; 0x5034 <prvUnlockQueue>
			( void ) xTaskResumeAll();
    4d40:	0e 94 81 2c 	call	0x5902	; 0x5902 <xTaskResumeAll>
			traceQUEUE_RECEIVE_FAILED( pxQueue );
			return errQUEUE_EMPTY;
    4d44:	1e 86       	std	Y+14, r1	; 0x0e
    4d46:	8e 85       	ldd	r24, Y+14	; 0x0e
		}
	}
}
    4d48:	2e 96       	adiw	r28, 0x0e	; 14
    4d4a:	0f b6       	in	r0, 0x3f	; 63
    4d4c:	f8 94       	cli
    4d4e:	de bf       	out	0x3e, r29	; 62
    4d50:	0f be       	out	0x3f, r0	; 63
    4d52:	cd bf       	out	0x3d, r28	; 61
    4d54:	cf 91       	pop	r28
    4d56:	df 91       	pop	r29
    4d58:	08 95       	ret

00004d5a <xQueueReceiveFromISR>:
/*-----------------------------------------------------------*/

signed portBASE_TYPE xQueueReceiveFromISR( xQueueHandle pxQueue, void * const pvBuffer, signed portBASE_TYPE *pxTaskWoken )
{
    4d5a:	df 93       	push	r29
    4d5c:	cf 93       	push	r28
    4d5e:	cd b7       	in	r28, 0x3d	; 61
    4d60:	de b7       	in	r29, 0x3e	; 62
    4d62:	28 97       	sbiw	r28, 0x08	; 8
    4d64:	0f b6       	in	r0, 0x3f	; 63
    4d66:	f8 94       	cli
    4d68:	de bf       	out	0x3e, r29	; 62
    4d6a:	0f be       	out	0x3f, r0	; 63
    4d6c:	cd bf       	out	0x3d, r28	; 61
    4d6e:	9c 83       	std	Y+4, r25	; 0x04
    4d70:	8b 83       	std	Y+3, r24	; 0x03
    4d72:	7e 83       	std	Y+6, r23	; 0x06
    4d74:	6d 83       	std	Y+5, r22	; 0x05
    4d76:	58 87       	std	Y+8, r21	; 0x08
    4d78:	4f 83       	std	Y+7, r20	; 0x07

	configASSERT( pxQueue );
	configASSERT( pxTaskWoken );
	configASSERT( !( ( pvBuffer == NULL ) && ( pxQueue->uxItemSize != ( unsigned portBASE_TYPE ) 0U ) ) );

	uxSavedInterruptStatus = portSET_INTERRUPT_MASK_FROM_ISR();
    4d7a:	19 82       	std	Y+1, r1	; 0x01
	{
		/* We cannot block from an ISR, so check there is data available. */
		if( pxQueue->uxMessagesWaiting > ( unsigned portBASE_TYPE ) 0 )
    4d7c:	eb 81       	ldd	r30, Y+3	; 0x03
    4d7e:	fc 81       	ldd	r31, Y+4	; 0x04
    4d80:	82 8d       	ldd	r24, Z+26	; 0x1a
    4d82:	88 23       	and	r24, r24
    4d84:	71 f1       	breq	.+92     	; 0x4de2 <xQueueReceiveFromISR+0x88>
		{
			traceQUEUE_RECEIVE_FROM_ISR( pxQueue );

			prvCopyDataFromQueue( pxQueue, pvBuffer );
    4d86:	8b 81       	ldd	r24, Y+3	; 0x03
    4d88:	9c 81       	ldd	r25, Y+4	; 0x04
    4d8a:	2d 81       	ldd	r18, Y+5	; 0x05
    4d8c:	3e 81       	ldd	r19, Y+6	; 0x06
    4d8e:	b9 01       	movw	r22, r18
    4d90:	0e 94 d2 27 	call	0x4fa4	; 0x4fa4 <prvCopyDataFromQueue>
			--( pxQueue->uxMessagesWaiting );
    4d94:	eb 81       	ldd	r30, Y+3	; 0x03
    4d96:	fc 81       	ldd	r31, Y+4	; 0x04
    4d98:	82 8d       	ldd	r24, Z+26	; 0x1a
    4d9a:	81 50       	subi	r24, 0x01	; 1
    4d9c:	eb 81       	ldd	r30, Y+3	; 0x03
    4d9e:	fc 81       	ldd	r31, Y+4	; 0x04
    4da0:	82 8f       	std	Z+26, r24	; 0x1a

			/* If the queue is locked we will not modify the event list.  Instead
			we update the lock count so the task that unlocks the queue will know
			that an ISR has removed data while the queue was locked. */
			if( pxQueue->xRxLock == queueUNLOCKED )
    4da2:	eb 81       	ldd	r30, Y+3	; 0x03
    4da4:	fc 81       	ldd	r31, Y+4	; 0x04
    4da6:	85 8d       	ldd	r24, Z+29	; 0x1d
    4da8:	8f 3f       	cpi	r24, 0xFF	; 255
    4daa:	89 f4       	brne	.+34     	; 0x4dce <xQueueReceiveFromISR+0x74>
			{
				if( listLIST_IS_EMPTY( &( pxQueue->xTasksWaitingToSend ) ) == pdFALSE )
    4dac:	eb 81       	ldd	r30, Y+3	; 0x03
    4dae:	fc 81       	ldd	r31, Y+4	; 0x04
    4db0:	80 85       	ldd	r24, Z+8	; 0x08
    4db2:	88 23       	and	r24, r24
    4db4:	99 f0       	breq	.+38     	; 0x4ddc <xQueueReceiveFromISR+0x82>
				{
					if( xTaskRemoveFromEventList( &( pxQueue->xTasksWaitingToSend ) ) != pdFALSE )
    4db6:	8b 81       	ldd	r24, Y+3	; 0x03
    4db8:	9c 81       	ldd	r25, Y+4	; 0x04
    4dba:	08 96       	adiw	r24, 0x08	; 8
    4dbc:	0e 94 c4 2e 	call	0x5d88	; 0x5d88 <xTaskRemoveFromEventList>
    4dc0:	88 23       	and	r24, r24
    4dc2:	61 f0       	breq	.+24     	; 0x4ddc <xQueueReceiveFromISR+0x82>
					{
						/* The task waiting has a higher priority than us so
						force a context switch. */
						*pxTaskWoken = pdTRUE;
    4dc4:	ef 81       	ldd	r30, Y+7	; 0x07
    4dc6:	f8 85       	ldd	r31, Y+8	; 0x08
    4dc8:	81 e0       	ldi	r24, 0x01	; 1
    4dca:	80 83       	st	Z, r24
    4dcc:	07 c0       	rjmp	.+14     	; 0x4ddc <xQueueReceiveFromISR+0x82>
			}
			else
			{
				/* Increment the lock count so the task that unlocks the queue
				knows that data was removed while it was locked. */
				++( pxQueue->xRxLock );
    4dce:	eb 81       	ldd	r30, Y+3	; 0x03
    4dd0:	fc 81       	ldd	r31, Y+4	; 0x04
    4dd2:	85 8d       	ldd	r24, Z+29	; 0x1d
    4dd4:	8f 5f       	subi	r24, 0xFF	; 255
    4dd6:	eb 81       	ldd	r30, Y+3	; 0x03
    4dd8:	fc 81       	ldd	r31, Y+4	; 0x04
    4dda:	85 8f       	std	Z+29, r24	; 0x1d
			}

			xReturn = pdPASS;
    4ddc:	81 e0       	ldi	r24, 0x01	; 1
    4dde:	8a 83       	std	Y+2, r24	; 0x02
    4de0:	01 c0       	rjmp	.+2      	; 0x4de4 <xQueueReceiveFromISR+0x8a>
		}
		else
		{
			xReturn = pdFAIL;
    4de2:	1a 82       	std	Y+2, r1	; 0x02
			traceQUEUE_RECEIVE_FROM_ISR_FAILED( pxQueue );
		}
	}
	portCLEAR_INTERRUPT_MASK_FROM_ISR( uxSavedInterruptStatus );

	return xReturn;
    4de4:	8a 81       	ldd	r24, Y+2	; 0x02
}
    4de6:	28 96       	adiw	r28, 0x08	; 8
    4de8:	0f b6       	in	r0, 0x3f	; 63
    4dea:	f8 94       	cli
    4dec:	de bf       	out	0x3e, r29	; 62
    4dee:	0f be       	out	0x3f, r0	; 63
    4df0:	cd bf       	out	0x3d, r28	; 61
    4df2:	cf 91       	pop	r28
    4df4:	df 91       	pop	r29
    4df6:	08 95       	ret

00004df8 <uxQueueMessagesWaiting>:
/*-----------------------------------------------------------*/

unsigned portBASE_TYPE uxQueueMessagesWaiting( const xQueueHandle pxQueue )
{
    4df8:	df 93       	push	r29
    4dfa:	cf 93       	push	r28
    4dfc:	00 d0       	rcall	.+0      	; 0x4dfe <uxQueueMessagesWaiting+0x6>
    4dfe:	0f 92       	push	r0
    4e00:	cd b7       	in	r28, 0x3d	; 61
    4e02:	de b7       	in	r29, 0x3e	; 62
    4e04:	9b 83       	std	Y+3, r25	; 0x03
    4e06:	8a 83       	std	Y+2, r24	; 0x02
unsigned portBASE_TYPE uxReturn;

	configASSERT( pxQueue );

	taskENTER_CRITICAL();
    4e08:	0f b6       	in	r0, 0x3f	; 63
    4e0a:	f8 94       	cli
    4e0c:	0f 92       	push	r0
		uxReturn = pxQueue->uxMessagesWaiting;
    4e0e:	ea 81       	ldd	r30, Y+2	; 0x02
    4e10:	fb 81       	ldd	r31, Y+3	; 0x03
    4e12:	82 8d       	ldd	r24, Z+26	; 0x1a
    4e14:	89 83       	std	Y+1, r24	; 0x01
	taskEXIT_CRITICAL();
    4e16:	0f 90       	pop	r0
    4e18:	0f be       	out	0x3f, r0	; 63

	return uxReturn;
    4e1a:	89 81       	ldd	r24, Y+1	; 0x01
}
    4e1c:	0f 90       	pop	r0
    4e1e:	0f 90       	pop	r0
    4e20:	0f 90       	pop	r0
    4e22:	cf 91       	pop	r28
    4e24:	df 91       	pop	r29
    4e26:	08 95       	ret

00004e28 <uxQueueMessagesWaitingFromISR>:
/*-----------------------------------------------------------*/

unsigned portBASE_TYPE uxQueueMessagesWaitingFromISR( const xQueueHandle pxQueue )
{
    4e28:	df 93       	push	r29
    4e2a:	cf 93       	push	r28
    4e2c:	00 d0       	rcall	.+0      	; 0x4e2e <uxQueueMessagesWaitingFromISR+0x6>
    4e2e:	0f 92       	push	r0
    4e30:	cd b7       	in	r28, 0x3d	; 61
    4e32:	de b7       	in	r29, 0x3e	; 62
    4e34:	9b 83       	std	Y+3, r25	; 0x03
    4e36:	8a 83       	std	Y+2, r24	; 0x02
unsigned portBASE_TYPE uxReturn;

	configASSERT( pxQueue );

	uxReturn = pxQueue->uxMessagesWaiting;
    4e38:	ea 81       	ldd	r30, Y+2	; 0x02
    4e3a:	fb 81       	ldd	r31, Y+3	; 0x03
    4e3c:	82 8d       	ldd	r24, Z+26	; 0x1a
    4e3e:	89 83       	std	Y+1, r24	; 0x01

	return uxReturn;
    4e40:	89 81       	ldd	r24, Y+1	; 0x01
}
    4e42:	0f 90       	pop	r0
    4e44:	0f 90       	pop	r0
    4e46:	0f 90       	pop	r0
    4e48:	cf 91       	pop	r28
    4e4a:	df 91       	pop	r29
    4e4c:	08 95       	ret

00004e4e <vQueueDelete>:
/*-----------------------------------------------------------*/

void vQueueDelete( xQueueHandle pxQueue )
{
    4e4e:	df 93       	push	r29
    4e50:	cf 93       	push	r28
    4e52:	00 d0       	rcall	.+0      	; 0x4e54 <vQueueDelete+0x6>
    4e54:	cd b7       	in	r28, 0x3d	; 61
    4e56:	de b7       	in	r29, 0x3e	; 62
    4e58:	9a 83       	std	Y+2, r25	; 0x02
    4e5a:	89 83       	std	Y+1, r24	; 0x01
	configASSERT( pxQueue );

	traceQUEUE_DELETE( pxQueue );
	vQueueUnregisterQueue( pxQueue );
	vPortFree( pxQueue->pcHead );
    4e5c:	e9 81       	ldd	r30, Y+1	; 0x01
    4e5e:	fa 81       	ldd	r31, Y+2	; 0x02
    4e60:	80 81       	ld	r24, Z
    4e62:	91 81       	ldd	r25, Z+1	; 0x01
    4e64:	0e 94 07 20 	call	0x400e	; 0x400e <vPortFree>
	vPortFree( pxQueue );
    4e68:	89 81       	ldd	r24, Y+1	; 0x01
    4e6a:	9a 81       	ldd	r25, Y+2	; 0x02
    4e6c:	0e 94 07 20 	call	0x400e	; 0x400e <vPortFree>
}
    4e70:	0f 90       	pop	r0
    4e72:	0f 90       	pop	r0
    4e74:	cf 91       	pop	r28
    4e76:	df 91       	pop	r29
    4e78:	08 95       	ret

00004e7a <prvCopyDataToQueue>:
/*-----------------------------------------------------------*/

static void prvCopyDataToQueue( xQUEUE *pxQueue, const void *pvItemToQueue, portBASE_TYPE xPosition )
{
    4e7a:	df 93       	push	r29
    4e7c:	cf 93       	push	r28
    4e7e:	00 d0       	rcall	.+0      	; 0x4e80 <prvCopyDataToQueue+0x6>
    4e80:	00 d0       	rcall	.+0      	; 0x4e82 <prvCopyDataToQueue+0x8>
    4e82:	0f 92       	push	r0
    4e84:	cd b7       	in	r28, 0x3d	; 61
    4e86:	de b7       	in	r29, 0x3e	; 62
    4e88:	9a 83       	std	Y+2, r25	; 0x02
    4e8a:	89 83       	std	Y+1, r24	; 0x01
    4e8c:	7c 83       	std	Y+4, r23	; 0x04
    4e8e:	6b 83       	std	Y+3, r22	; 0x03
    4e90:	4d 83       	std	Y+5, r20	; 0x05
	if( pxQueue->uxItemSize == ( unsigned portBASE_TYPE ) 0 )
    4e92:	e9 81       	ldd	r30, Y+1	; 0x01
    4e94:	fa 81       	ldd	r31, Y+2	; 0x02
    4e96:	84 8d       	ldd	r24, Z+28	; 0x1c
    4e98:	88 23       	and	r24, r24
    4e9a:	09 f4       	brne	.+2      	; 0x4e9e <prvCopyDataToQueue+0x24>
    4e9c:	74 c0       	rjmp	.+232    	; 0x4f86 <prvCopyDataToQueue+0x10c>
				pxQueue->pxMutexHolder = NULL;
			}
		}
		#endif
	}
	else if( xPosition == queueSEND_TO_BACK )
    4e9e:	8d 81       	ldd	r24, Y+5	; 0x05
    4ea0:	88 23       	and	r24, r24
    4ea2:	99 f5       	brne	.+102    	; 0x4f0a <prvCopyDataToQueue+0x90>
	{
		memcpy( ( void * ) pxQueue->pcWriteTo, pvItemToQueue, ( unsigned ) pxQueue->uxItemSize );
    4ea4:	e9 81       	ldd	r30, Y+1	; 0x01
    4ea6:	fa 81       	ldd	r31, Y+2	; 0x02
    4ea8:	64 81       	ldd	r22, Z+4	; 0x04
    4eaa:	75 81       	ldd	r23, Z+5	; 0x05
    4eac:	e9 81       	ldd	r30, Y+1	; 0x01
    4eae:	fa 81       	ldd	r31, Y+2	; 0x02
    4eb0:	84 8d       	ldd	r24, Z+28	; 0x1c
    4eb2:	48 2f       	mov	r20, r24
    4eb4:	50 e0       	ldi	r21, 0x00	; 0
    4eb6:	2b 81       	ldd	r18, Y+3	; 0x03
    4eb8:	3c 81       	ldd	r19, Y+4	; 0x04
    4eba:	cb 01       	movw	r24, r22
    4ebc:	b9 01       	movw	r22, r18
    4ebe:	0e 94 f2 31 	call	0x63e4	; 0x63e4 <memcpy>
		pxQueue->pcWriteTo += pxQueue->uxItemSize;
    4ec2:	e9 81       	ldd	r30, Y+1	; 0x01
    4ec4:	fa 81       	ldd	r31, Y+2	; 0x02
    4ec6:	24 81       	ldd	r18, Z+4	; 0x04
    4ec8:	35 81       	ldd	r19, Z+5	; 0x05
    4eca:	e9 81       	ldd	r30, Y+1	; 0x01
    4ecc:	fa 81       	ldd	r31, Y+2	; 0x02
    4ece:	84 8d       	ldd	r24, Z+28	; 0x1c
    4ed0:	88 2f       	mov	r24, r24
    4ed2:	90 e0       	ldi	r25, 0x00	; 0
    4ed4:	82 0f       	add	r24, r18
    4ed6:	93 1f       	adc	r25, r19
    4ed8:	e9 81       	ldd	r30, Y+1	; 0x01
    4eda:	fa 81       	ldd	r31, Y+2	; 0x02
    4edc:	95 83       	std	Z+5, r25	; 0x05
    4ede:	84 83       	std	Z+4, r24	; 0x04
		if( pxQueue->pcWriteTo >= pxQueue->pcTail )
    4ee0:	e9 81       	ldd	r30, Y+1	; 0x01
    4ee2:	fa 81       	ldd	r31, Y+2	; 0x02
    4ee4:	24 81       	ldd	r18, Z+4	; 0x04
    4ee6:	35 81       	ldd	r19, Z+5	; 0x05
    4ee8:	e9 81       	ldd	r30, Y+1	; 0x01
    4eea:	fa 81       	ldd	r31, Y+2	; 0x02
    4eec:	82 81       	ldd	r24, Z+2	; 0x02
    4eee:	93 81       	ldd	r25, Z+3	; 0x03
    4ef0:	28 17       	cp	r18, r24
    4ef2:	39 07       	cpc	r19, r25
    4ef4:	08 f4       	brcc	.+2      	; 0x4ef8 <prvCopyDataToQueue+0x7e>
    4ef6:	47 c0       	rjmp	.+142    	; 0x4f86 <prvCopyDataToQueue+0x10c>
		{
			pxQueue->pcWriteTo = pxQueue->pcHead;
    4ef8:	e9 81       	ldd	r30, Y+1	; 0x01
    4efa:	fa 81       	ldd	r31, Y+2	; 0x02
    4efc:	80 81       	ld	r24, Z
    4efe:	91 81       	ldd	r25, Z+1	; 0x01
    4f00:	e9 81       	ldd	r30, Y+1	; 0x01
    4f02:	fa 81       	ldd	r31, Y+2	; 0x02
    4f04:	95 83       	std	Z+5, r25	; 0x05
    4f06:	84 83       	std	Z+4, r24	; 0x04
    4f08:	3e c0       	rjmp	.+124    	; 0x4f86 <prvCopyDataToQueue+0x10c>
		}
	}
	else
	{
		memcpy( ( void * ) pxQueue->pcReadFrom, pvItemToQueue, ( unsigned ) pxQueue->uxItemSize );
    4f0a:	e9 81       	ldd	r30, Y+1	; 0x01
    4f0c:	fa 81       	ldd	r31, Y+2	; 0x02
    4f0e:	66 81       	ldd	r22, Z+6	; 0x06
    4f10:	77 81       	ldd	r23, Z+7	; 0x07
    4f12:	e9 81       	ldd	r30, Y+1	; 0x01
    4f14:	fa 81       	ldd	r31, Y+2	; 0x02
    4f16:	84 8d       	ldd	r24, Z+28	; 0x1c
    4f18:	48 2f       	mov	r20, r24
    4f1a:	50 e0       	ldi	r21, 0x00	; 0
    4f1c:	2b 81       	ldd	r18, Y+3	; 0x03
    4f1e:	3c 81       	ldd	r19, Y+4	; 0x04
    4f20:	cb 01       	movw	r24, r22
    4f22:	b9 01       	movw	r22, r18
    4f24:	0e 94 f2 31 	call	0x63e4	; 0x63e4 <memcpy>
		pxQueue->pcReadFrom -= pxQueue->uxItemSize;
    4f28:	e9 81       	ldd	r30, Y+1	; 0x01
    4f2a:	fa 81       	ldd	r31, Y+2	; 0x02
    4f2c:	26 81       	ldd	r18, Z+6	; 0x06
    4f2e:	37 81       	ldd	r19, Z+7	; 0x07
    4f30:	e9 81       	ldd	r30, Y+1	; 0x01
    4f32:	fa 81       	ldd	r31, Y+2	; 0x02
    4f34:	84 8d       	ldd	r24, Z+28	; 0x1c
    4f36:	88 2f       	mov	r24, r24
    4f38:	90 e0       	ldi	r25, 0x00	; 0
    4f3a:	90 95       	com	r25
    4f3c:	81 95       	neg	r24
    4f3e:	9f 4f       	sbci	r25, 0xFF	; 255
    4f40:	82 0f       	add	r24, r18
    4f42:	93 1f       	adc	r25, r19
    4f44:	e9 81       	ldd	r30, Y+1	; 0x01
    4f46:	fa 81       	ldd	r31, Y+2	; 0x02
    4f48:	97 83       	std	Z+7, r25	; 0x07
    4f4a:	86 83       	std	Z+6, r24	; 0x06
		if( pxQueue->pcReadFrom < pxQueue->pcHead )
    4f4c:	e9 81       	ldd	r30, Y+1	; 0x01
    4f4e:	fa 81       	ldd	r31, Y+2	; 0x02
    4f50:	26 81       	ldd	r18, Z+6	; 0x06
    4f52:	37 81       	ldd	r19, Z+7	; 0x07
    4f54:	e9 81       	ldd	r30, Y+1	; 0x01
    4f56:	fa 81       	ldd	r31, Y+2	; 0x02
    4f58:	80 81       	ld	r24, Z
    4f5a:	91 81       	ldd	r25, Z+1	; 0x01
    4f5c:	28 17       	cp	r18, r24
    4f5e:	39 07       	cpc	r19, r25
    4f60:	90 f4       	brcc	.+36     	; 0x4f86 <prvCopyDataToQueue+0x10c>
		{
			pxQueue->pcReadFrom = ( pxQueue->pcTail - pxQueue->uxItemSize );
    4f62:	e9 81       	ldd	r30, Y+1	; 0x01
    4f64:	fa 81       	ldd	r31, Y+2	; 0x02
    4f66:	22 81       	ldd	r18, Z+2	; 0x02
    4f68:	33 81       	ldd	r19, Z+3	; 0x03
    4f6a:	e9 81       	ldd	r30, Y+1	; 0x01
    4f6c:	fa 81       	ldd	r31, Y+2	; 0x02
    4f6e:	84 8d       	ldd	r24, Z+28	; 0x1c
    4f70:	88 2f       	mov	r24, r24
    4f72:	90 e0       	ldi	r25, 0x00	; 0
    4f74:	90 95       	com	r25
    4f76:	81 95       	neg	r24
    4f78:	9f 4f       	sbci	r25, 0xFF	; 255
    4f7a:	82 0f       	add	r24, r18
    4f7c:	93 1f       	adc	r25, r19
    4f7e:	e9 81       	ldd	r30, Y+1	; 0x01
    4f80:	fa 81       	ldd	r31, Y+2	; 0x02
    4f82:	97 83       	std	Z+7, r25	; 0x07
    4f84:	86 83       	std	Z+6, r24	; 0x06
		}
	}

	++( pxQueue->uxMessagesWaiting );
    4f86:	e9 81       	ldd	r30, Y+1	; 0x01
    4f88:	fa 81       	ldd	r31, Y+2	; 0x02
    4f8a:	82 8d       	ldd	r24, Z+26	; 0x1a
    4f8c:	8f 5f       	subi	r24, 0xFF	; 255
    4f8e:	e9 81       	ldd	r30, Y+1	; 0x01
    4f90:	fa 81       	ldd	r31, Y+2	; 0x02
    4f92:	82 8f       	std	Z+26, r24	; 0x1a
}
    4f94:	0f 90       	pop	r0
    4f96:	0f 90       	pop	r0
    4f98:	0f 90       	pop	r0
    4f9a:	0f 90       	pop	r0
    4f9c:	0f 90       	pop	r0
    4f9e:	cf 91       	pop	r28
    4fa0:	df 91       	pop	r29
    4fa2:	08 95       	ret

00004fa4 <prvCopyDataFromQueue>:
/*-----------------------------------------------------------*/

static void prvCopyDataFromQueue( xQUEUE * const pxQueue, const void *pvBuffer )
{
    4fa4:	df 93       	push	r29
    4fa6:	cf 93       	push	r28
    4fa8:	00 d0       	rcall	.+0      	; 0x4faa <prvCopyDataFromQueue+0x6>
    4faa:	00 d0       	rcall	.+0      	; 0x4fac <prvCopyDataFromQueue+0x8>
    4fac:	cd b7       	in	r28, 0x3d	; 61
    4fae:	de b7       	in	r29, 0x3e	; 62
    4fb0:	9a 83       	std	Y+2, r25	; 0x02
    4fb2:	89 83       	std	Y+1, r24	; 0x01
    4fb4:	7c 83       	std	Y+4, r23	; 0x04
    4fb6:	6b 83       	std	Y+3, r22	; 0x03
	if( pxQueue->uxQueueType != queueQUEUE_IS_MUTEX )
    4fb8:	e9 81       	ldd	r30, Y+1	; 0x01
    4fba:	fa 81       	ldd	r31, Y+2	; 0x02
    4fbc:	80 81       	ld	r24, Z
    4fbe:	91 81       	ldd	r25, Z+1	; 0x01
    4fc0:	00 97       	sbiw	r24, 0x00	; 0
    4fc2:	89 f1       	breq	.+98     	; 0x5026 <prvCopyDataFromQueue+0x82>
	{
		pxQueue->pcReadFrom += pxQueue->uxItemSize;
    4fc4:	e9 81       	ldd	r30, Y+1	; 0x01
    4fc6:	fa 81       	ldd	r31, Y+2	; 0x02
    4fc8:	26 81       	ldd	r18, Z+6	; 0x06
    4fca:	37 81       	ldd	r19, Z+7	; 0x07
    4fcc:	e9 81       	ldd	r30, Y+1	; 0x01
    4fce:	fa 81       	ldd	r31, Y+2	; 0x02
    4fd0:	84 8d       	ldd	r24, Z+28	; 0x1c
    4fd2:	88 2f       	mov	r24, r24
    4fd4:	90 e0       	ldi	r25, 0x00	; 0
    4fd6:	82 0f       	add	r24, r18
    4fd8:	93 1f       	adc	r25, r19
    4fda:	e9 81       	ldd	r30, Y+1	; 0x01
    4fdc:	fa 81       	ldd	r31, Y+2	; 0x02
    4fde:	97 83       	std	Z+7, r25	; 0x07
    4fe0:	86 83       	std	Z+6, r24	; 0x06
		if( pxQueue->pcReadFrom >= pxQueue->pcTail )
    4fe2:	e9 81       	ldd	r30, Y+1	; 0x01
    4fe4:	fa 81       	ldd	r31, Y+2	; 0x02
    4fe6:	26 81       	ldd	r18, Z+6	; 0x06
    4fe8:	37 81       	ldd	r19, Z+7	; 0x07
    4fea:	e9 81       	ldd	r30, Y+1	; 0x01
    4fec:	fa 81       	ldd	r31, Y+2	; 0x02
    4fee:	82 81       	ldd	r24, Z+2	; 0x02
    4ff0:	93 81       	ldd	r25, Z+3	; 0x03
    4ff2:	28 17       	cp	r18, r24
    4ff4:	39 07       	cpc	r19, r25
    4ff6:	40 f0       	brcs	.+16     	; 0x5008 <prvCopyDataFromQueue+0x64>
		{
			pxQueue->pcReadFrom = pxQueue->pcHead;
    4ff8:	e9 81       	ldd	r30, Y+1	; 0x01
    4ffa:	fa 81       	ldd	r31, Y+2	; 0x02
    4ffc:	80 81       	ld	r24, Z
    4ffe:	91 81       	ldd	r25, Z+1	; 0x01
    5000:	e9 81       	ldd	r30, Y+1	; 0x01
    5002:	fa 81       	ldd	r31, Y+2	; 0x02
    5004:	97 83       	std	Z+7, r25	; 0x07
    5006:	86 83       	std	Z+6, r24	; 0x06
		}
		memcpy( ( void * ) pvBuffer, ( void * ) pxQueue->pcReadFrom, ( unsigned ) pxQueue->uxItemSize );
    5008:	e9 81       	ldd	r30, Y+1	; 0x01
    500a:	fa 81       	ldd	r31, Y+2	; 0x02
    500c:	46 81       	ldd	r20, Z+6	; 0x06
    500e:	57 81       	ldd	r21, Z+7	; 0x07
    5010:	e9 81       	ldd	r30, Y+1	; 0x01
    5012:	fa 81       	ldd	r31, Y+2	; 0x02
    5014:	84 8d       	ldd	r24, Z+28	; 0x1c
    5016:	28 2f       	mov	r18, r24
    5018:	30 e0       	ldi	r19, 0x00	; 0
    501a:	8b 81       	ldd	r24, Y+3	; 0x03
    501c:	9c 81       	ldd	r25, Y+4	; 0x04
    501e:	ba 01       	movw	r22, r20
    5020:	a9 01       	movw	r20, r18
    5022:	0e 94 f2 31 	call	0x63e4	; 0x63e4 <memcpy>
	}
}
    5026:	0f 90       	pop	r0
    5028:	0f 90       	pop	r0
    502a:	0f 90       	pop	r0
    502c:	0f 90       	pop	r0
    502e:	cf 91       	pop	r28
    5030:	df 91       	pop	r29
    5032:	08 95       	ret

00005034 <prvUnlockQueue>:
/*-----------------------------------------------------------*/

static void prvUnlockQueue( xQueueHandle pxQueue )
{
    5034:	df 93       	push	r29
    5036:	cf 93       	push	r28
    5038:	00 d0       	rcall	.+0      	; 0x503a <prvUnlockQueue+0x6>
    503a:	cd b7       	in	r28, 0x3d	; 61
    503c:	de b7       	in	r29, 0x3e	; 62
    503e:	9a 83       	std	Y+2, r25	; 0x02
    5040:	89 83       	std	Y+1, r24	; 0x01

	/* The lock counts contains the number of extra data items placed or
	removed from the queue while the queue was locked.  When a queue is
	locked items can be added or removed, but the event lists cannot be
	updated. */
	taskENTER_CRITICAL();
    5042:	0f b6       	in	r0, 0x3f	; 63
    5044:	f8 94       	cli
    5046:	0f 92       	push	r0
    5048:	15 c0       	rjmp	.+42     	; 0x5074 <prvUnlockQueue+0x40>
		/* See if data was added to the queue while it was locked. */
		while( pxQueue->xTxLock > queueLOCKED_UNMODIFIED )
		{
			/* Data was posted while the queue was locked.  Are any tasks
			blocked waiting for data to become available? */
			if( listLIST_IS_EMPTY( &( pxQueue->xTasksWaitingToReceive ) ) == pdFALSE )
    504a:	e9 81       	ldd	r30, Y+1	; 0x01
    504c:	fa 81       	ldd	r31, Y+2	; 0x02
    504e:	81 89       	ldd	r24, Z+17	; 0x11
    5050:	88 23       	and	r24, r24
    5052:	a9 f0       	breq	.+42     	; 0x507e <prvUnlockQueue+0x4a>
			{
				/* Tasks that are removed from the event list will get added to
				the pending ready list as the scheduler is still suspended. */
				if( xTaskRemoveFromEventList( &( pxQueue->xTasksWaitingToReceive ) ) != pdFALSE )
    5054:	89 81       	ldd	r24, Y+1	; 0x01
    5056:	9a 81       	ldd	r25, Y+2	; 0x02
    5058:	41 96       	adiw	r24, 0x11	; 17
    505a:	0e 94 c4 2e 	call	0x5d88	; 0x5d88 <xTaskRemoveFromEventList>
    505e:	88 23       	and	r24, r24
    5060:	11 f0       	breq	.+4      	; 0x5066 <prvUnlockQueue+0x32>
				{
					/* The task waiting has a higher priority so record that a
					context	switch is required. */
					vTaskMissedYield();
    5062:	0e 94 ac 2f 	call	0x5f58	; 0x5f58 <vTaskMissedYield>
				}

				--( pxQueue->xTxLock );
    5066:	e9 81       	ldd	r30, Y+1	; 0x01
    5068:	fa 81       	ldd	r31, Y+2	; 0x02
    506a:	86 8d       	ldd	r24, Z+30	; 0x1e
    506c:	81 50       	subi	r24, 0x01	; 1
    506e:	e9 81       	ldd	r30, Y+1	; 0x01
    5070:	fa 81       	ldd	r31, Y+2	; 0x02
    5072:	86 8f       	std	Z+30, r24	; 0x1e
	locked items can be added or removed, but the event lists cannot be
	updated. */
	taskENTER_CRITICAL();
	{
		/* See if data was added to the queue while it was locked. */
		while( pxQueue->xTxLock > queueLOCKED_UNMODIFIED )
    5074:	e9 81       	ldd	r30, Y+1	; 0x01
    5076:	fa 81       	ldd	r31, Y+2	; 0x02
    5078:	86 8d       	ldd	r24, Z+30	; 0x1e
    507a:	18 16       	cp	r1, r24
    507c:	34 f3       	brlt	.-52     	; 0x504a <prvUnlockQueue+0x16>
			{
				break;
			}
		}

		pxQueue->xTxLock = queueUNLOCKED;
    507e:	e9 81       	ldd	r30, Y+1	; 0x01
    5080:	fa 81       	ldd	r31, Y+2	; 0x02
    5082:	8f ef       	ldi	r24, 0xFF	; 255
    5084:	86 8f       	std	Z+30, r24	; 0x1e
	}
	taskEXIT_CRITICAL();
    5086:	0f 90       	pop	r0
    5088:	0f be       	out	0x3f, r0	; 63

	/* Do the same for the Rx lock. */
	taskENTER_CRITICAL();
    508a:	0f b6       	in	r0, 0x3f	; 63
    508c:	f8 94       	cli
    508e:	0f 92       	push	r0
    5090:	15 c0       	rjmp	.+42     	; 0x50bc <prvUnlockQueue+0x88>
	{
		while( pxQueue->xRxLock > queueLOCKED_UNMODIFIED )
		{
			if( listLIST_IS_EMPTY( &( pxQueue->xTasksWaitingToSend ) ) == pdFALSE )
    5092:	e9 81       	ldd	r30, Y+1	; 0x01
    5094:	fa 81       	ldd	r31, Y+2	; 0x02
    5096:	80 85       	ldd	r24, Z+8	; 0x08
    5098:	88 23       	and	r24, r24
    509a:	a9 f0       	breq	.+42     	; 0x50c6 <prvUnlockQueue+0x92>
			{
				if( xTaskRemoveFromEventList( &( pxQueue->xTasksWaitingToSend ) ) != pdFALSE )
    509c:	89 81       	ldd	r24, Y+1	; 0x01
    509e:	9a 81       	ldd	r25, Y+2	; 0x02
    50a0:	08 96       	adiw	r24, 0x08	; 8
    50a2:	0e 94 c4 2e 	call	0x5d88	; 0x5d88 <xTaskRemoveFromEventList>
    50a6:	88 23       	and	r24, r24
    50a8:	11 f0       	breq	.+4      	; 0x50ae <prvUnlockQueue+0x7a>
				{
					vTaskMissedYield();
    50aa:	0e 94 ac 2f 	call	0x5f58	; 0x5f58 <vTaskMissedYield>
				}

				--( pxQueue->xRxLock );
    50ae:	e9 81       	ldd	r30, Y+1	; 0x01
    50b0:	fa 81       	ldd	r31, Y+2	; 0x02
    50b2:	85 8d       	ldd	r24, Z+29	; 0x1d
    50b4:	81 50       	subi	r24, 0x01	; 1
    50b6:	e9 81       	ldd	r30, Y+1	; 0x01
    50b8:	fa 81       	ldd	r31, Y+2	; 0x02
    50ba:	85 8f       	std	Z+29, r24	; 0x1d
	taskEXIT_CRITICAL();

	/* Do the same for the Rx lock. */
	taskENTER_CRITICAL();
	{
		while( pxQueue->xRxLock > queueLOCKED_UNMODIFIED )
    50bc:	e9 81       	ldd	r30, Y+1	; 0x01
    50be:	fa 81       	ldd	r31, Y+2	; 0x02
    50c0:	85 8d       	ldd	r24, Z+29	; 0x1d
    50c2:	18 16       	cp	r1, r24
    50c4:	34 f3       	brlt	.-52     	; 0x5092 <prvUnlockQueue+0x5e>
			{
				break;
			}
		}

		pxQueue->xRxLock = queueUNLOCKED;
    50c6:	e9 81       	ldd	r30, Y+1	; 0x01
    50c8:	fa 81       	ldd	r31, Y+2	; 0x02
    50ca:	8f ef       	ldi	r24, 0xFF	; 255
    50cc:	85 8f       	std	Z+29, r24	; 0x1d
	}
	taskEXIT_CRITICAL();
    50ce:	0f 90       	pop	r0
    50d0:	0f be       	out	0x3f, r0	; 63
}
    50d2:	0f 90       	pop	r0
    50d4:	0f 90       	pop	r0
    50d6:	cf 91       	pop	r28
    50d8:	df 91       	pop	r29
    50da:	08 95       	ret

000050dc <prvIsQueueEmpty>:
/*-----------------------------------------------------------*/

static signed portBASE_TYPE prvIsQueueEmpty( const xQueueHandle pxQueue )
{
    50dc:	df 93       	push	r29
    50de:	cf 93       	push	r28
    50e0:	00 d0       	rcall	.+0      	; 0x50e2 <prvIsQueueEmpty+0x6>
    50e2:	0f 92       	push	r0
    50e4:	cd b7       	in	r28, 0x3d	; 61
    50e6:	de b7       	in	r29, 0x3e	; 62
    50e8:	9b 83       	std	Y+3, r25	; 0x03
    50ea:	8a 83       	std	Y+2, r24	; 0x02
signed portBASE_TYPE xReturn;

	taskENTER_CRITICAL();
    50ec:	0f b6       	in	r0, 0x3f	; 63
    50ee:	f8 94       	cli
    50f0:	0f 92       	push	r0
		xReturn = ( pxQueue->uxMessagesWaiting == ( unsigned portBASE_TYPE ) 0 );
    50f2:	ea 81       	ldd	r30, Y+2	; 0x02
    50f4:	fb 81       	ldd	r31, Y+3	; 0x03
    50f6:	82 8d       	ldd	r24, Z+26	; 0x1a
    50f8:	19 82       	std	Y+1, r1	; 0x01
    50fa:	88 23       	and	r24, r24
    50fc:	11 f4       	brne	.+4      	; 0x5102 <prvIsQueueEmpty+0x26>
    50fe:	81 e0       	ldi	r24, 0x01	; 1
    5100:	89 83       	std	Y+1, r24	; 0x01
	taskEXIT_CRITICAL();
    5102:	0f 90       	pop	r0
    5104:	0f be       	out	0x3f, r0	; 63

	return xReturn;
    5106:	89 81       	ldd	r24, Y+1	; 0x01
}
    5108:	0f 90       	pop	r0
    510a:	0f 90       	pop	r0
    510c:	0f 90       	pop	r0
    510e:	cf 91       	pop	r28
    5110:	df 91       	pop	r29
    5112:	08 95       	ret

00005114 <xQueueIsQueueEmptyFromISR>:
/*-----------------------------------------------------------*/

signed portBASE_TYPE xQueueIsQueueEmptyFromISR( const xQueueHandle pxQueue )
{
    5114:	df 93       	push	r29
    5116:	cf 93       	push	r28
    5118:	00 d0       	rcall	.+0      	; 0x511a <xQueueIsQueueEmptyFromISR+0x6>
    511a:	0f 92       	push	r0
    511c:	cd b7       	in	r28, 0x3d	; 61
    511e:	de b7       	in	r29, 0x3e	; 62
    5120:	9b 83       	std	Y+3, r25	; 0x03
    5122:	8a 83       	std	Y+2, r24	; 0x02
signed portBASE_TYPE xReturn;

	configASSERT( pxQueue );
	xReturn = ( pxQueue->uxMessagesWaiting == ( unsigned portBASE_TYPE ) 0 );
    5124:	ea 81       	ldd	r30, Y+2	; 0x02
    5126:	fb 81       	ldd	r31, Y+3	; 0x03
    5128:	82 8d       	ldd	r24, Z+26	; 0x1a
    512a:	19 82       	std	Y+1, r1	; 0x01
    512c:	88 23       	and	r24, r24
    512e:	11 f4       	brne	.+4      	; 0x5134 <xQueueIsQueueEmptyFromISR+0x20>
    5130:	81 e0       	ldi	r24, 0x01	; 1
    5132:	89 83       	std	Y+1, r24	; 0x01

	return xReturn;
    5134:	89 81       	ldd	r24, Y+1	; 0x01
}
    5136:	0f 90       	pop	r0
    5138:	0f 90       	pop	r0
    513a:	0f 90       	pop	r0
    513c:	cf 91       	pop	r28
    513e:	df 91       	pop	r29
    5140:	08 95       	ret

00005142 <prvIsQueueFull>:
/*-----------------------------------------------------------*/

static signed portBASE_TYPE prvIsQueueFull( const xQueueHandle pxQueue )
{
    5142:	df 93       	push	r29
    5144:	cf 93       	push	r28
    5146:	00 d0       	rcall	.+0      	; 0x5148 <prvIsQueueFull+0x6>
    5148:	0f 92       	push	r0
    514a:	cd b7       	in	r28, 0x3d	; 61
    514c:	de b7       	in	r29, 0x3e	; 62
    514e:	9b 83       	std	Y+3, r25	; 0x03
    5150:	8a 83       	std	Y+2, r24	; 0x02
signed portBASE_TYPE xReturn;

	taskENTER_CRITICAL();
    5152:	0f b6       	in	r0, 0x3f	; 63
    5154:	f8 94       	cli
    5156:	0f 92       	push	r0
		xReturn = ( pxQueue->uxMessagesWaiting == pxQueue->uxLength );
    5158:	ea 81       	ldd	r30, Y+2	; 0x02
    515a:	fb 81       	ldd	r31, Y+3	; 0x03
    515c:	92 8d       	ldd	r25, Z+26	; 0x1a
    515e:	ea 81       	ldd	r30, Y+2	; 0x02
    5160:	fb 81       	ldd	r31, Y+3	; 0x03
    5162:	83 8d       	ldd	r24, Z+27	; 0x1b
    5164:	19 82       	std	Y+1, r1	; 0x01
    5166:	98 17       	cp	r25, r24
    5168:	11 f4       	brne	.+4      	; 0x516e <prvIsQueueFull+0x2c>
    516a:	81 e0       	ldi	r24, 0x01	; 1
    516c:	89 83       	std	Y+1, r24	; 0x01
	taskEXIT_CRITICAL();
    516e:	0f 90       	pop	r0
    5170:	0f be       	out	0x3f, r0	; 63

	return xReturn;
    5172:	89 81       	ldd	r24, Y+1	; 0x01
}
    5174:	0f 90       	pop	r0
    5176:	0f 90       	pop	r0
    5178:	0f 90       	pop	r0
    517a:	cf 91       	pop	r28
    517c:	df 91       	pop	r29
    517e:	08 95       	ret

00005180 <xQueueIsQueueFullFromISR>:
/*-----------------------------------------------------------*/

signed portBASE_TYPE xQueueIsQueueFullFromISR( const xQueueHandle pxQueue )
{
    5180:	df 93       	push	r29
    5182:	cf 93       	push	r28
    5184:	00 d0       	rcall	.+0      	; 0x5186 <xQueueIsQueueFullFromISR+0x6>
    5186:	0f 92       	push	r0
    5188:	cd b7       	in	r28, 0x3d	; 61
    518a:	de b7       	in	r29, 0x3e	; 62
    518c:	9b 83       	std	Y+3, r25	; 0x03
    518e:	8a 83       	std	Y+2, r24	; 0x02
signed portBASE_TYPE xReturn;

	configASSERT( pxQueue );
	xReturn = ( pxQueue->uxMessagesWaiting == pxQueue->uxLength );
    5190:	ea 81       	ldd	r30, Y+2	; 0x02
    5192:	fb 81       	ldd	r31, Y+3	; 0x03
    5194:	92 8d       	ldd	r25, Z+26	; 0x1a
    5196:	ea 81       	ldd	r30, Y+2	; 0x02
    5198:	fb 81       	ldd	r31, Y+3	; 0x03
    519a:	83 8d       	ldd	r24, Z+27	; 0x1b
    519c:	19 82       	std	Y+1, r1	; 0x01
    519e:	98 17       	cp	r25, r24
    51a0:	11 f4       	brne	.+4      	; 0x51a6 <xQueueIsQueueFullFromISR+0x26>
    51a2:	81 e0       	ldi	r24, 0x01	; 1
    51a4:	89 83       	std	Y+1, r24	; 0x01

	return xReturn;
    51a6:	89 81       	ldd	r24, Y+1	; 0x01
}
    51a8:	0f 90       	pop	r0
    51aa:	0f 90       	pop	r0
    51ac:	0f 90       	pop	r0
    51ae:	cf 91       	pop	r28
    51b0:	df 91       	pop	r29
    51b2:	08 95       	ret

000051b4 <xTaskGenericCreate>:
/*-----------------------------------------------------------
 * TASK CREATION API documented in task.h
 *----------------------------------------------------------*/

signed portBASE_TYPE xTaskGenericCreate( pdTASK_CODE pxTaskCode, const signed char * const pcName, unsigned short usStackDepth, void *pvParameters, unsigned portBASE_TYPE uxPriority, xTaskHandle *pxCreatedTask, portSTACK_TYPE *puxStackBuffer, const xMemoryRegion * const xRegions )
{
    51b4:	af 92       	push	r10
    51b6:	bf 92       	push	r11
    51b8:	cf 92       	push	r12
    51ba:	df 92       	push	r13
    51bc:	ef 92       	push	r14
    51be:	ff 92       	push	r15
    51c0:	0f 93       	push	r16
    51c2:	1f 93       	push	r17
    51c4:	df 93       	push	r29
    51c6:	cf 93       	push	r28
    51c8:	cd b7       	in	r28, 0x3d	; 61
    51ca:	de b7       	in	r29, 0x3e	; 62
    51cc:	64 97       	sbiw	r28, 0x14	; 20
    51ce:	0f b6       	in	r0, 0x3f	; 63
    51d0:	f8 94       	cli
    51d2:	de bf       	out	0x3e, r29	; 62
    51d4:	0f be       	out	0x3f, r0	; 63
    51d6:	cd bf       	out	0x3d, r28	; 61
    51d8:	9f 83       	std	Y+7, r25	; 0x07
    51da:	8e 83       	std	Y+6, r24	; 0x06
    51dc:	79 87       	std	Y+9, r23	; 0x09
    51de:	68 87       	std	Y+8, r22	; 0x08
    51e0:	5b 87       	std	Y+11, r21	; 0x0b
    51e2:	4a 87       	std	Y+10, r20	; 0x0a
    51e4:	3d 87       	std	Y+13, r19	; 0x0d
    51e6:	2c 87       	std	Y+12, r18	; 0x0c
    51e8:	0e 87       	std	Y+14, r16	; 0x0e
    51ea:	f8 8a       	std	Y+16, r15	; 0x10
    51ec:	ef 86       	std	Y+15, r14	; 0x0f
    51ee:	da 8a       	std	Y+18, r13	; 0x12
    51f0:	c9 8a       	std	Y+17, r12	; 0x11
    51f2:	bc 8a       	std	Y+20, r11	; 0x14
    51f4:	ab 8a       	std	Y+19, r10	; 0x13
	configASSERT( pxTaskCode );
	configASSERT( ( uxPriority < configMAX_PRIORITIES ) );

	/* Allocate the memory required by the TCB and stack for the new task,
	checking that the allocation was successful. */
	pxNewTCB = prvAllocateTCBAndStack( usStackDepth, puxStackBuffer );
    51f6:	8a 85       	ldd	r24, Y+10	; 0x0a
    51f8:	9b 85       	ldd	r25, Y+11	; 0x0b
    51fa:	29 89       	ldd	r18, Y+17	; 0x11
    51fc:	3a 89       	ldd	r19, Y+18	; 0x12
    51fe:	b9 01       	movw	r22, r18
    5200:	0e 94 df 30 	call	0x61be	; 0x61be <prvAllocateTCBAndStack>
    5204:	9c 83       	std	Y+4, r25	; 0x04
    5206:	8b 83       	std	Y+3, r24	; 0x03

	if( pxNewTCB != NULL )
    5208:	8b 81       	ldd	r24, Y+3	; 0x03
    520a:	9c 81       	ldd	r25, Y+4	; 0x04
    520c:	00 97       	sbiw	r24, 0x00	; 0
    520e:	09 f4       	brne	.+2      	; 0x5212 <xTaskGenericCreate+0x5e>
    5210:	99 c0       	rjmp	.+306    	; 0x5344 <xTaskGenericCreate+0x190>
		stack grows from high memory to low (as per the 80x86) or visa versa.
		portSTACK_GROWTH is used to make the result positive or negative as
		required by the port. */
		#if( portSTACK_GROWTH < 0 )
		{
			pxTopOfStack = pxNewTCB->pxStack + ( usStackDepth - ( unsigned short ) 1 );
    5212:	eb 81       	ldd	r30, Y+3	; 0x03
    5214:	fc 81       	ldd	r31, Y+4	; 0x04
    5216:	27 89       	ldd	r18, Z+23	; 0x17
    5218:	30 8d       	ldd	r19, Z+24	; 0x18
    521a:	8a 85       	ldd	r24, Y+10	; 0x0a
    521c:	9b 85       	ldd	r25, Y+11	; 0x0b
    521e:	01 97       	sbiw	r24, 0x01	; 1
    5220:	82 0f       	add	r24, r18
    5222:	93 1f       	adc	r25, r19
    5224:	9a 83       	std	Y+2, r25	; 0x02
    5226:	89 83       	std	Y+1, r24	; 0x01
			pxNewTCB->pxEndOfStack = pxNewTCB->pxStack + ( usStackDepth - 1 );
		}
		#endif

		/* Setup the newly allocated TCB with the initial state of the task. */
		prvInitialiseTCBVariables( pxNewTCB, pcName, uxPriority, xRegions, usStackDepth );
    5228:	8b 81       	ldd	r24, Y+3	; 0x03
    522a:	9c 81       	ldd	r25, Y+4	; 0x04
    522c:	28 85       	ldd	r18, Y+8	; 0x08
    522e:	39 85       	ldd	r19, Y+9	; 0x09
    5230:	eb 89       	ldd	r30, Y+19	; 0x13
    5232:	fc 89       	ldd	r31, Y+20	; 0x14
    5234:	aa 85       	ldd	r26, Y+10	; 0x0a
    5236:	bb 85       	ldd	r27, Y+11	; 0x0b
    5238:	b9 01       	movw	r22, r18
    523a:	4e 85       	ldd	r20, Y+14	; 0x0e
    523c:	9f 01       	movw	r18, r30
    523e:	8d 01       	movw	r16, r26
    5240:	0e 94 c0 2f 	call	0x5f80	; 0x5f80 <prvInitialiseTCBVariables>
		{
			pxNewTCB->pxTopOfStack = pxPortInitialiseStack( pxTopOfStack, pxTaskCode, pvParameters, xRunPrivileged );
		}
		#else
		{
			pxNewTCB->pxTopOfStack = pxPortInitialiseStack( pxTopOfStack, pxTaskCode, pvParameters );
    5244:	89 81       	ldd	r24, Y+1	; 0x01
    5246:	9a 81       	ldd	r25, Y+2	; 0x02
    5248:	2e 81       	ldd	r18, Y+6	; 0x06
    524a:	3f 81       	ldd	r19, Y+7	; 0x07
    524c:	4c 85       	ldd	r20, Y+12	; 0x0c
    524e:	5d 85       	ldd	r21, Y+13	; 0x0d
    5250:	b9 01       	movw	r22, r18
    5252:	0e 94 68 21 	call	0x42d0	; 0x42d0 <pxPortInitialiseStack>
    5256:	eb 81       	ldd	r30, Y+3	; 0x03
    5258:	fc 81       	ldd	r31, Y+4	; 0x04
    525a:	91 83       	std	Z+1, r25	; 0x01
    525c:	80 83       	st	Z, r24
		#endif

		/* Check the alignment of the initialised stack. */
		configASSERT( ( ( ( unsigned long ) pxNewTCB->pxTopOfStack & ( unsigned long ) portBYTE_ALIGNMENT_MASK ) == 0UL ) );

		if( ( void * ) pxCreatedTask != NULL )
    525e:	8f 85       	ldd	r24, Y+15	; 0x0f
    5260:	98 89       	ldd	r25, Y+16	; 0x10
    5262:	00 97       	sbiw	r24, 0x00	; 0
    5264:	31 f0       	breq	.+12     	; 0x5272 <xTaskGenericCreate+0xbe>
		{
			/* Pass the TCB out - in an anonymous way.  The calling function/
			task can use this as a handle to delete the task later if
			required.*/
			*pxCreatedTask = ( xTaskHandle ) pxNewTCB;
    5266:	ef 85       	ldd	r30, Y+15	; 0x0f
    5268:	f8 89       	ldd	r31, Y+16	; 0x10
    526a:	8b 81       	ldd	r24, Y+3	; 0x03
    526c:	9c 81       	ldd	r25, Y+4	; 0x04
    526e:	91 83       	std	Z+1, r25	; 0x01
    5270:	80 83       	st	Z, r24
		}
		
		/* We are going to manipulate the task queues to add this task to a
		ready list, so must make sure no interrupts occur. */
		taskENTER_CRITICAL();
    5272:	0f b6       	in	r0, 0x3f	; 63
    5274:	f8 94       	cli
    5276:	0f 92       	push	r0
		{
			uxCurrentNumberOfTasks++;
    5278:	80 91 1b 05 	lds	r24, 0x051B
    527c:	8f 5f       	subi	r24, 0xFF	; 255
    527e:	80 93 1b 05 	sts	0x051B, r24
			if( pxCurrentTCB == NULL )
    5282:	80 91 18 05 	lds	r24, 0x0518
    5286:	90 91 19 05 	lds	r25, 0x0519
    528a:	00 97       	sbiw	r24, 0x00	; 0
    528c:	69 f4       	brne	.+26     	; 0x52a8 <xTaskGenericCreate+0xf4>
			{
				/* There are no other tasks, or all the other tasks are in
				the suspended state - make this the current task. */
				pxCurrentTCB =  pxNewTCB;
    528e:	8b 81       	ldd	r24, Y+3	; 0x03
    5290:	9c 81       	ldd	r25, Y+4	; 0x04
    5292:	90 93 19 05 	sts	0x0519, r25
    5296:	80 93 18 05 	sts	0x0518, r24

				if( uxCurrentNumberOfTasks == ( unsigned portBASE_TYPE ) 1 )
    529a:	80 91 1b 05 	lds	r24, 0x051B
    529e:	81 30       	cpi	r24, 0x01	; 1
    52a0:	a9 f4       	brne	.+42     	; 0x52cc <xTaskGenericCreate+0x118>
				{
					/* This is the first task to be created so do the preliminary
					initialisation required.  We will not recover if this call
					fails, but we will report the failure. */
					prvInitialiseTaskLists();
    52a2:	0e 94 17 30 	call	0x602e	; 0x602e <prvInitialiseTaskLists>
    52a6:	12 c0       	rjmp	.+36     	; 0x52cc <xTaskGenericCreate+0x118>
			else
			{
				/* If the scheduler is not already running, make this task the
				current task if it is the highest priority task to be created
				so far. */
				if( xSchedulerRunning == pdFALSE )
    52a8:	80 91 20 05 	lds	r24, 0x0520
    52ac:	88 23       	and	r24, r24
    52ae:	71 f4       	brne	.+28     	; 0x52cc <xTaskGenericCreate+0x118>
				{
					if( pxCurrentTCB->uxPriority <= uxPriority )
    52b0:	e0 91 18 05 	lds	r30, 0x0518
    52b4:	f0 91 19 05 	lds	r31, 0x0519
    52b8:	96 89       	ldd	r25, Z+22	; 0x16
    52ba:	8e 85       	ldd	r24, Y+14	; 0x0e
    52bc:	89 17       	cp	r24, r25
    52be:	30 f0       	brcs	.+12     	; 0x52cc <xTaskGenericCreate+0x118>
					{
						pxCurrentTCB = pxNewTCB;
    52c0:	8b 81       	ldd	r24, Y+3	; 0x03
    52c2:	9c 81       	ldd	r25, Y+4	; 0x04
    52c4:	90 93 19 05 	sts	0x0519, r25
    52c8:	80 93 18 05 	sts	0x0518, r24
				}
			}

			/* Remember the top priority to make context switching faster.  Use
			the priority in pxNewTCB as this has been capped to a valid value. */
			if( pxNewTCB->uxPriority > uxTopUsedPriority )
    52cc:	eb 81       	ldd	r30, Y+3	; 0x03
    52ce:	fc 81       	ldd	r31, Y+4	; 0x04
    52d0:	96 89       	ldd	r25, Z+22	; 0x16
    52d2:	80 91 1e 05 	lds	r24, 0x051E
    52d6:	89 17       	cp	r24, r25
    52d8:	28 f4       	brcc	.+10     	; 0x52e4 <xTaskGenericCreate+0x130>
			{
				uxTopUsedPriority = pxNewTCB->uxPriority;
    52da:	eb 81       	ldd	r30, Y+3	; 0x03
    52dc:	fc 81       	ldd	r31, Y+4	; 0x04
    52de:	86 89       	ldd	r24, Z+22	; 0x16
    52e0:	80 93 1e 05 	sts	0x051E, r24
			{
				/* Add a counter into the TCB for tracing only. */
				pxNewTCB->uxTCBNumber = uxTaskNumber;
			}
			#endif
			uxTaskNumber++;
    52e4:	80 91 25 05 	lds	r24, 0x0525
    52e8:	8f 5f       	subi	r24, 0xFF	; 255
    52ea:	80 93 25 05 	sts	0x0525, r24

			prvAddTaskToReadyQueue( pxNewTCB );
    52ee:	eb 81       	ldd	r30, Y+3	; 0x03
    52f0:	fc 81       	ldd	r31, Y+4	; 0x04
    52f2:	96 89       	ldd	r25, Z+22	; 0x16
    52f4:	80 91 1f 05 	lds	r24, 0x051F
    52f8:	89 17       	cp	r24, r25
    52fa:	28 f4       	brcc	.+10     	; 0x5306 <xTaskGenericCreate+0x152>
    52fc:	eb 81       	ldd	r30, Y+3	; 0x03
    52fe:	fc 81       	ldd	r31, Y+4	; 0x04
    5300:	86 89       	ldd	r24, Z+22	; 0x16
    5302:	80 93 1f 05 	sts	0x051F, r24
    5306:	eb 81       	ldd	r30, Y+3	; 0x03
    5308:	fc 81       	ldd	r31, Y+4	; 0x04
    530a:	86 89       	ldd	r24, Z+22	; 0x16
    530c:	28 2f       	mov	r18, r24
    530e:	30 e0       	ldi	r19, 0x00	; 0
    5310:	c9 01       	movw	r24, r18
    5312:	88 0f       	add	r24, r24
    5314:	99 1f       	adc	r25, r25
    5316:	88 0f       	add	r24, r24
    5318:	99 1f       	adc	r25, r25
    531a:	88 0f       	add	r24, r24
    531c:	99 1f       	adc	r25, r25
    531e:	82 0f       	add	r24, r18
    5320:	93 1f       	adc	r25, r19
    5322:	ac 01       	movw	r20, r24
    5324:	4a 5d       	subi	r20, 0xDA	; 218
    5326:	5a 4f       	sbci	r21, 0xFA	; 250
    5328:	8b 81       	ldd	r24, Y+3	; 0x03
    532a:	9c 81       	ldd	r25, Y+4	; 0x04
    532c:	9c 01       	movw	r18, r24
    532e:	2e 5f       	subi	r18, 0xFE	; 254
    5330:	3f 4f       	sbci	r19, 0xFF	; 255
    5332:	ca 01       	movw	r24, r20
    5334:	b9 01       	movw	r22, r18
    5336:	0e 94 67 20 	call	0x40ce	; 0x40ce <vListInsertEnd>

			xReturn = pdPASS;
    533a:	81 e0       	ldi	r24, 0x01	; 1
    533c:	8d 83       	std	Y+5, r24	; 0x05
			traceTASK_CREATE( pxNewTCB );
		}
		taskEXIT_CRITICAL();
    533e:	0f 90       	pop	r0
    5340:	0f be       	out	0x3f, r0	; 63
    5342:	02 c0       	rjmp	.+4      	; 0x5348 <xTaskGenericCreate+0x194>
	}
	else
	{
		xReturn = errCOULD_NOT_ALLOCATE_REQUIRED_MEMORY;
    5344:	8f ef       	ldi	r24, 0xFF	; 255
    5346:	8d 83       	std	Y+5, r24	; 0x05
		traceTASK_CREATE_FAILED();
	}

	if( xReturn == pdPASS )
    5348:	8d 81       	ldd	r24, Y+5	; 0x05
    534a:	81 30       	cpi	r24, 0x01	; 1
    534c:	71 f4       	brne	.+28     	; 0x536a <xTaskGenericCreate+0x1b6>
	{
		if( xSchedulerRunning != pdFALSE )
    534e:	80 91 20 05 	lds	r24, 0x0520
    5352:	88 23       	and	r24, r24
    5354:	51 f0       	breq	.+20     	; 0x536a <xTaskGenericCreate+0x1b6>
		{
			/* If the created task is of a higher priority than the current task
			then it should run now. */
			if( pxCurrentTCB->uxPriority < uxPriority )
    5356:	e0 91 18 05 	lds	r30, 0x0518
    535a:	f0 91 19 05 	lds	r31, 0x0519
    535e:	96 89       	ldd	r25, Z+22	; 0x16
    5360:	8e 85       	ldd	r24, Y+14	; 0x0e
    5362:	98 17       	cp	r25, r24
    5364:	10 f4       	brcc	.+4      	; 0x536a <xTaskGenericCreate+0x1b6>
			{
				portYIELD_WITHIN_API();
    5366:	0e 94 27 23 	call	0x464e	; 0x464e <vPortYield>
			}
		}
	}

	return xReturn;
    536a:	8d 81       	ldd	r24, Y+5	; 0x05
}
    536c:	64 96       	adiw	r28, 0x14	; 20
    536e:	0f b6       	in	r0, 0x3f	; 63
    5370:	f8 94       	cli
    5372:	de bf       	out	0x3e, r29	; 62
    5374:	0f be       	out	0x3f, r0	; 63
    5376:	cd bf       	out	0x3d, r28	; 61
    5378:	cf 91       	pop	r28
    537a:	df 91       	pop	r29
    537c:	1f 91       	pop	r17
    537e:	0f 91       	pop	r16
    5380:	ff 90       	pop	r15
    5382:	ef 90       	pop	r14
    5384:	df 90       	pop	r13
    5386:	cf 90       	pop	r12
    5388:	bf 90       	pop	r11
    538a:	af 90       	pop	r10
    538c:	08 95       	ret

0000538e <vTaskDelete>:
/*-----------------------------------------------------------*/

#if ( INCLUDE_vTaskDelete == 1 )

	void vTaskDelete( xTaskHandle pxTaskToDelete )
	{
    538e:	df 93       	push	r29
    5390:	cf 93       	push	r28
    5392:	00 d0       	rcall	.+0      	; 0x5394 <vTaskDelete+0x6>
    5394:	00 d0       	rcall	.+0      	; 0x5396 <vTaskDelete+0x8>
    5396:	00 d0       	rcall	.+0      	; 0x5398 <vTaskDelete+0xa>
    5398:	cd b7       	in	r28, 0x3d	; 61
    539a:	de b7       	in	r29, 0x3e	; 62
    539c:	9c 83       	std	Y+4, r25	; 0x04
    539e:	8b 83       	std	Y+3, r24	; 0x03
	tskTCB *pxTCB;

		taskENTER_CRITICAL();
    53a0:	0f b6       	in	r0, 0x3f	; 63
    53a2:	f8 94       	cli
    53a4:	0f 92       	push	r0
		{
			/* Ensure a yield is performed if the current task is being
			deleted. */
			if( pxTaskToDelete == pxCurrentTCB )
    53a6:	20 91 18 05 	lds	r18, 0x0518
    53aa:	30 91 19 05 	lds	r19, 0x0519
    53ae:	8b 81       	ldd	r24, Y+3	; 0x03
    53b0:	9c 81       	ldd	r25, Y+4	; 0x04
    53b2:	82 17       	cp	r24, r18
    53b4:	93 07       	cpc	r25, r19
    53b6:	11 f4       	brne	.+4      	; 0x53bc <vTaskDelete+0x2e>
			{
				pxTaskToDelete = NULL;
    53b8:	1c 82       	std	Y+4, r1	; 0x04
    53ba:	1b 82       	std	Y+3, r1	; 0x03
			}

			/* If null is passed in here then we are deleting ourselves. */
			pxTCB = prvGetTCBFromHandle( pxTaskToDelete );
    53bc:	8b 81       	ldd	r24, Y+3	; 0x03
    53be:	9c 81       	ldd	r25, Y+4	; 0x04
    53c0:	00 97       	sbiw	r24, 0x00	; 0
    53c2:	39 f4       	brne	.+14     	; 0x53d2 <vTaskDelete+0x44>
    53c4:	80 91 18 05 	lds	r24, 0x0518
    53c8:	90 91 19 05 	lds	r25, 0x0519
    53cc:	9e 83       	std	Y+6, r25	; 0x06
    53ce:	8d 83       	std	Y+5, r24	; 0x05
    53d0:	04 c0       	rjmp	.+8      	; 0x53da <vTaskDelete+0x4c>
    53d2:	8b 81       	ldd	r24, Y+3	; 0x03
    53d4:	9c 81       	ldd	r25, Y+4	; 0x04
    53d6:	9e 83       	std	Y+6, r25	; 0x06
    53d8:	8d 83       	std	Y+5, r24	; 0x05
    53da:	8d 81       	ldd	r24, Y+5	; 0x05
    53dc:	9e 81       	ldd	r25, Y+6	; 0x06
    53de:	9a 83       	std	Y+2, r25	; 0x02
    53e0:	89 83       	std	Y+1, r24	; 0x01

			/* Remove task from the ready list and place in the	termination list.
			This will stop the task from be scheduled.  The idle task will check
			the termination list and free up any memory allocated by the
			scheduler for the TCB and stack. */
			vListRemove( &( pxTCB->xGenericListItem ) );
    53e2:	89 81       	ldd	r24, Y+1	; 0x01
    53e4:	9a 81       	ldd	r25, Y+2	; 0x02
    53e6:	02 96       	adiw	r24, 0x02	; 2
    53e8:	0e 94 1f 21 	call	0x423e	; 0x423e <vListRemove>

			/* Is the task waiting on an event also? */
			if( pxTCB->xEventListItem.pvContainer != NULL )
    53ec:	e9 81       	ldd	r30, Y+1	; 0x01
    53ee:	fa 81       	ldd	r31, Y+2	; 0x02
    53f0:	84 89       	ldd	r24, Z+20	; 0x14
    53f2:	95 89       	ldd	r25, Z+21	; 0x15
    53f4:	00 97       	sbiw	r24, 0x00	; 0
    53f6:	29 f0       	breq	.+10     	; 0x5402 <vTaskDelete+0x74>
			{
				vListRemove( &( pxTCB->xEventListItem ) );
    53f8:	89 81       	ldd	r24, Y+1	; 0x01
    53fa:	9a 81       	ldd	r25, Y+2	; 0x02
    53fc:	0c 96       	adiw	r24, 0x0c	; 12
    53fe:	0e 94 1f 21 	call	0x423e	; 0x423e <vListRemove>
			}

			vListInsertEnd( ( xList * ) &xTasksWaitingTermination, &( pxTCB->xGenericListItem ) );
    5402:	89 81       	ldd	r24, Y+1	; 0x01
    5404:	9a 81       	ldd	r25, Y+2	; 0x02
    5406:	9c 01       	movw	r18, r24
    5408:	2e 5f       	subi	r18, 0xFE	; 254
    540a:	3f 4f       	sbci	r19, 0xFF	; 255
    540c:	89 e6       	ldi	r24, 0x69	; 105
    540e:	95 e0       	ldi	r25, 0x05	; 5
    5410:	b9 01       	movw	r22, r18
    5412:	0e 94 67 20 	call	0x40ce	; 0x40ce <vListInsertEnd>

			/* Increment the ucTasksDeleted variable so the idle task knows
			there is a task that has been deleted and that it should therefore
			check the xTasksWaitingTermination list. */
			++uxTasksDeleted;
    5416:	80 91 1a 05 	lds	r24, 0x051A
    541a:	8f 5f       	subi	r24, 0xFF	; 255
    541c:	80 93 1a 05 	sts	0x051A, r24

			/* Increment the uxTaskNumberVariable also so kernel aware debuggers
			can detect that the task lists need re-generating. */
			uxTaskNumber++;
    5420:	80 91 25 05 	lds	r24, 0x0525
    5424:	8f 5f       	subi	r24, 0xFF	; 255
    5426:	80 93 25 05 	sts	0x0525, r24

			traceTASK_DELETE( pxTCB );
		}
		taskEXIT_CRITICAL();
    542a:	0f 90       	pop	r0
    542c:	0f be       	out	0x3f, r0	; 63

		/* Force a reschedule if we have just deleted the current task. */
		if( xSchedulerRunning != pdFALSE )
    542e:	80 91 20 05 	lds	r24, 0x0520
    5432:	88 23       	and	r24, r24
    5434:	31 f0       	breq	.+12     	; 0x5442 <vTaskDelete+0xb4>
		{
			if( ( void * ) pxTaskToDelete == NULL )
    5436:	8b 81       	ldd	r24, Y+3	; 0x03
    5438:	9c 81       	ldd	r25, Y+4	; 0x04
    543a:	00 97       	sbiw	r24, 0x00	; 0
    543c:	11 f4       	brne	.+4      	; 0x5442 <vTaskDelete+0xb4>
			{
				portYIELD_WITHIN_API();
    543e:	0e 94 27 23 	call	0x464e	; 0x464e <vPortYield>
			}
		}
	}
    5442:	26 96       	adiw	r28, 0x06	; 6
    5444:	0f b6       	in	r0, 0x3f	; 63
    5446:	f8 94       	cli
    5448:	de bf       	out	0x3e, r29	; 62
    544a:	0f be       	out	0x3f, r0	; 63
    544c:	cd bf       	out	0x3d, r28	; 61
    544e:	cf 91       	pop	r28
    5450:	df 91       	pop	r29
    5452:	08 95       	ret

00005454 <vTaskDelayUntil>:
 *----------------------------------------------------------*/

#if ( INCLUDE_vTaskDelayUntil == 1 )

	void vTaskDelayUntil( portTickType * const pxPreviousWakeTime, portTickType xTimeIncrement )
	{
    5454:	df 93       	push	r29
    5456:	cf 93       	push	r28
    5458:	cd b7       	in	r28, 0x3d	; 61
    545a:	de b7       	in	r29, 0x3e	; 62
    545c:	28 97       	sbiw	r28, 0x08	; 8
    545e:	0f b6       	in	r0, 0x3f	; 63
    5460:	f8 94       	cli
    5462:	de bf       	out	0x3e, r29	; 62
    5464:	0f be       	out	0x3f, r0	; 63
    5466:	cd bf       	out	0x3d, r28	; 61
    5468:	9e 83       	std	Y+6, r25	; 0x06
    546a:	8d 83       	std	Y+5, r24	; 0x05
    546c:	78 87       	std	Y+8, r23	; 0x08
    546e:	6f 83       	std	Y+7, r22	; 0x07
	portTickType xTimeToWake;
	portBASE_TYPE xAlreadyYielded, xShouldDelay = pdFALSE;
    5470:	19 82       	std	Y+1, r1	; 0x01

		configASSERT( pxPreviousWakeTime );
		configASSERT( ( xTimeIncrement > 0U ) );

		vTaskSuspendAll();
    5472:	0e 94 75 2c 	call	0x58ea	; 0x58ea <vTaskSuspendAll>
		{
			/* Generate the tick time at which the task wants to wake. */
			xTimeToWake = *pxPreviousWakeTime + xTimeIncrement;
    5476:	ed 81       	ldd	r30, Y+5	; 0x05
    5478:	fe 81       	ldd	r31, Y+6	; 0x06
    547a:	20 81       	ld	r18, Z
    547c:	31 81       	ldd	r19, Z+1	; 0x01
    547e:	8f 81       	ldd	r24, Y+7	; 0x07
    5480:	98 85       	ldd	r25, Y+8	; 0x08
    5482:	82 0f       	add	r24, r18
    5484:	93 1f       	adc	r25, r19
    5486:	9c 83       	std	Y+4, r25	; 0x04
    5488:	8b 83       	std	Y+3, r24	; 0x03

			if( xTickCount < *pxPreviousWakeTime )
    548a:	ed 81       	ldd	r30, Y+5	; 0x05
    548c:	fe 81       	ldd	r31, Y+6	; 0x06
    548e:	20 81       	ld	r18, Z
    5490:	31 81       	ldd	r19, Z+1	; 0x01
    5492:	80 91 1c 05 	lds	r24, 0x051C
    5496:	90 91 1d 05 	lds	r25, 0x051D
    549a:	82 17       	cp	r24, r18
    549c:	93 07       	cpc	r25, r19
    549e:	a8 f4       	brcc	.+42     	; 0x54ca <vTaskDelayUntil+0x76>
				/* The tick count has overflowed since this function was
				lasted called.  In this case the only time we should ever
				actually delay is if the wake time has also	overflowed,
				and the wake time is greater than the tick time.  When this
				is the case it is as if neither time had overflowed. */
				if( ( xTimeToWake < *pxPreviousWakeTime ) && ( xTimeToWake > xTickCount ) )
    54a0:	ed 81       	ldd	r30, Y+5	; 0x05
    54a2:	fe 81       	ldd	r31, Y+6	; 0x06
    54a4:	20 81       	ld	r18, Z
    54a6:	31 81       	ldd	r19, Z+1	; 0x01
    54a8:	8b 81       	ldd	r24, Y+3	; 0x03
    54aa:	9c 81       	ldd	r25, Y+4	; 0x04
    54ac:	82 17       	cp	r24, r18
    54ae:	93 07       	cpc	r25, r19
    54b0:	00 f5       	brcc	.+64     	; 0x54f2 <vTaskDelayUntil+0x9e>
    54b2:	20 91 1c 05 	lds	r18, 0x051C
    54b6:	30 91 1d 05 	lds	r19, 0x051D
    54ba:	8b 81       	ldd	r24, Y+3	; 0x03
    54bc:	9c 81       	ldd	r25, Y+4	; 0x04
    54be:	28 17       	cp	r18, r24
    54c0:	39 07       	cpc	r19, r25
    54c2:	b8 f4       	brcc	.+46     	; 0x54f2 <vTaskDelayUntil+0x9e>
				{
					xShouldDelay = pdTRUE;
    54c4:	81 e0       	ldi	r24, 0x01	; 1
    54c6:	89 83       	std	Y+1, r24	; 0x01
    54c8:	14 c0       	rjmp	.+40     	; 0x54f2 <vTaskDelayUntil+0x9e>
			else
			{
				/* The tick time has not overflowed.  In this case we will
				delay if either the wake time has overflowed, and/or the
				tick time is less than the wake time. */
				if( ( xTimeToWake < *pxPreviousWakeTime ) || ( xTimeToWake > xTickCount ) )
    54ca:	ed 81       	ldd	r30, Y+5	; 0x05
    54cc:	fe 81       	ldd	r31, Y+6	; 0x06
    54ce:	20 81       	ld	r18, Z
    54d0:	31 81       	ldd	r19, Z+1	; 0x01
    54d2:	8b 81       	ldd	r24, Y+3	; 0x03
    54d4:	9c 81       	ldd	r25, Y+4	; 0x04
    54d6:	82 17       	cp	r24, r18
    54d8:	93 07       	cpc	r25, r19
    54da:	48 f0       	brcs	.+18     	; 0x54ee <vTaskDelayUntil+0x9a>
    54dc:	20 91 1c 05 	lds	r18, 0x051C
    54e0:	30 91 1d 05 	lds	r19, 0x051D
    54e4:	8b 81       	ldd	r24, Y+3	; 0x03
    54e6:	9c 81       	ldd	r25, Y+4	; 0x04
    54e8:	28 17       	cp	r18, r24
    54ea:	39 07       	cpc	r19, r25
    54ec:	10 f4       	brcc	.+4      	; 0x54f2 <vTaskDelayUntil+0x9e>
				{
					xShouldDelay = pdTRUE;
    54ee:	81 e0       	ldi	r24, 0x01	; 1
    54f0:	89 83       	std	Y+1, r24	; 0x01
				}
			}

			/* Update the wake time ready for the next call. */
			*pxPreviousWakeTime = xTimeToWake;
    54f2:	ed 81       	ldd	r30, Y+5	; 0x05
    54f4:	fe 81       	ldd	r31, Y+6	; 0x06
    54f6:	8b 81       	ldd	r24, Y+3	; 0x03
    54f8:	9c 81       	ldd	r25, Y+4	; 0x04
    54fa:	91 83       	std	Z+1, r25	; 0x01
    54fc:	80 83       	st	Z, r24

			if( xShouldDelay != pdFALSE )
    54fe:	89 81       	ldd	r24, Y+1	; 0x01
    5500:	88 23       	and	r24, r24
    5502:	59 f0       	breq	.+22     	; 0x551a <vTaskDelayUntil+0xc6>
				traceTASK_DELAY_UNTIL();

				/* We must remove ourselves from the ready list before adding
				ourselves to the blocked list as the same list item is used for
				both lists. */
				vListRemove( ( xListItem * ) &( pxCurrentTCB->xGenericListItem ) );
    5504:	80 91 18 05 	lds	r24, 0x0518
    5508:	90 91 19 05 	lds	r25, 0x0519
    550c:	02 96       	adiw	r24, 0x02	; 2
    550e:	0e 94 1f 21 	call	0x423e	; 0x423e <vListRemove>
				prvAddCurrentTaskToDelayedList( xTimeToWake );
    5512:	8b 81       	ldd	r24, Y+3	; 0x03
    5514:	9c 81       	ldd	r25, Y+4	; 0x04
    5516:	0e 94 96 30 	call	0x612c	; 0x612c <prvAddCurrentTaskToDelayedList>
			}
		}
		xAlreadyYielded = xTaskResumeAll();
    551a:	0e 94 81 2c 	call	0x5902	; 0x5902 <xTaskResumeAll>
    551e:	8a 83       	std	Y+2, r24	; 0x02

		/* Force a reschedule if xTaskResumeAll has not already done so, we may
		have put ourselves to sleep. */
		if( xAlreadyYielded == pdFALSE )
    5520:	8a 81       	ldd	r24, Y+2	; 0x02
    5522:	88 23       	and	r24, r24
    5524:	11 f4       	brne	.+4      	; 0x552a <vTaskDelayUntil+0xd6>
		{
			portYIELD_WITHIN_API();
    5526:	0e 94 27 23 	call	0x464e	; 0x464e <vPortYield>
		}
	}
    552a:	28 96       	adiw	r28, 0x08	; 8
    552c:	0f b6       	in	r0, 0x3f	; 63
    552e:	f8 94       	cli
    5530:	de bf       	out	0x3e, r29	; 62
    5532:	0f be       	out	0x3f, r0	; 63
    5534:	cd bf       	out	0x3d, r28	; 61
    5536:	cf 91       	pop	r28
    5538:	df 91       	pop	r29
    553a:	08 95       	ret

0000553c <vTaskDelay>:
/*-----------------------------------------------------------*/

#if ( INCLUDE_vTaskDelay == 1 )

	void vTaskDelay( portTickType xTicksToDelay )
	{
    553c:	df 93       	push	r29
    553e:	cf 93       	push	r28
    5540:	00 d0       	rcall	.+0      	; 0x5542 <vTaskDelay+0x6>
    5542:	00 d0       	rcall	.+0      	; 0x5544 <vTaskDelay+0x8>
    5544:	0f 92       	push	r0
    5546:	cd b7       	in	r28, 0x3d	; 61
    5548:	de b7       	in	r29, 0x3e	; 62
    554a:	9d 83       	std	Y+5, r25	; 0x05
    554c:	8c 83       	std	Y+4, r24	; 0x04
	portTickType xTimeToWake;
	signed portBASE_TYPE xAlreadyYielded = pdFALSE;
    554e:	19 82       	std	Y+1, r1	; 0x01

		/* A delay time of zero just forces a reschedule. */
		if( xTicksToDelay > ( portTickType ) 0U )
    5550:	8c 81       	ldd	r24, Y+4	; 0x04
    5552:	9d 81       	ldd	r25, Y+5	; 0x05
    5554:	00 97       	sbiw	r24, 0x00	; 0
    5556:	d1 f0       	breq	.+52     	; 0x558c <vTaskDelay+0x50>
		{
			vTaskSuspendAll();
    5558:	0e 94 75 2c 	call	0x58ea	; 0x58ea <vTaskSuspendAll>
				This task cannot be in an event list as it is the currently
				executing task. */

				/* Calculate the time to wake - this may overflow but this is
				not a problem. */
				xTimeToWake = xTickCount + xTicksToDelay;
    555c:	20 91 1c 05 	lds	r18, 0x051C
    5560:	30 91 1d 05 	lds	r19, 0x051D
    5564:	8c 81       	ldd	r24, Y+4	; 0x04
    5566:	9d 81       	ldd	r25, Y+5	; 0x05
    5568:	82 0f       	add	r24, r18
    556a:	93 1f       	adc	r25, r19
    556c:	9b 83       	std	Y+3, r25	; 0x03
    556e:	8a 83       	std	Y+2, r24	; 0x02

				/* We must remove ourselves from the ready list before adding
				ourselves to the blocked list as the same list item is used for
				both lists. */
				vListRemove( ( xListItem * ) &( pxCurrentTCB->xGenericListItem ) );
    5570:	80 91 18 05 	lds	r24, 0x0518
    5574:	90 91 19 05 	lds	r25, 0x0519
    5578:	02 96       	adiw	r24, 0x02	; 2
    557a:	0e 94 1f 21 	call	0x423e	; 0x423e <vListRemove>
				prvAddCurrentTaskToDelayedList( xTimeToWake );
    557e:	8a 81       	ldd	r24, Y+2	; 0x02
    5580:	9b 81       	ldd	r25, Y+3	; 0x03
    5582:	0e 94 96 30 	call	0x612c	; 0x612c <prvAddCurrentTaskToDelayedList>
			}
			xAlreadyYielded = xTaskResumeAll();
    5586:	0e 94 81 2c 	call	0x5902	; 0x5902 <xTaskResumeAll>
    558a:	89 83       	std	Y+1, r24	; 0x01
		}

		/* Force a reschedule if xTaskResumeAll has not already done so, we may
		have put ourselves to sleep. */
		if( xAlreadyYielded == pdFALSE )
    558c:	89 81       	ldd	r24, Y+1	; 0x01
    558e:	88 23       	and	r24, r24
    5590:	11 f4       	brne	.+4      	; 0x5596 <vTaskDelay+0x5a>
		{
			portYIELD_WITHIN_API();
    5592:	0e 94 27 23 	call	0x464e	; 0x464e <vPortYield>
		}
	}
    5596:	0f 90       	pop	r0
    5598:	0f 90       	pop	r0
    559a:	0f 90       	pop	r0
    559c:	0f 90       	pop	r0
    559e:	0f 90       	pop	r0
    55a0:	cf 91       	pop	r28
    55a2:	df 91       	pop	r29
    55a4:	08 95       	ret

000055a6 <vTaskSuspend>:
/*-----------------------------------------------------------*/

#if ( INCLUDE_vTaskSuspend == 1 )

	void vTaskSuspend( xTaskHandle pxTaskToSuspend )
	{
    55a6:	df 93       	push	r29
    55a8:	cf 93       	push	r28
    55aa:	00 d0       	rcall	.+0      	; 0x55ac <vTaskSuspend+0x6>
    55ac:	00 d0       	rcall	.+0      	; 0x55ae <vTaskSuspend+0x8>
    55ae:	00 d0       	rcall	.+0      	; 0x55b0 <vTaskSuspend+0xa>
    55b0:	cd b7       	in	r28, 0x3d	; 61
    55b2:	de b7       	in	r29, 0x3e	; 62
    55b4:	9c 83       	std	Y+4, r25	; 0x04
    55b6:	8b 83       	std	Y+3, r24	; 0x03
	tskTCB *pxTCB;

		taskENTER_CRITICAL();
    55b8:	0f b6       	in	r0, 0x3f	; 63
    55ba:	f8 94       	cli
    55bc:	0f 92       	push	r0
		{
			/* Ensure a yield is performed if the current task is being
			suspended. */
			if( pxTaskToSuspend == pxCurrentTCB )
    55be:	20 91 18 05 	lds	r18, 0x0518
    55c2:	30 91 19 05 	lds	r19, 0x0519
    55c6:	8b 81       	ldd	r24, Y+3	; 0x03
    55c8:	9c 81       	ldd	r25, Y+4	; 0x04
    55ca:	82 17       	cp	r24, r18
    55cc:	93 07       	cpc	r25, r19
    55ce:	11 f4       	brne	.+4      	; 0x55d4 <vTaskSuspend+0x2e>
			{
				pxTaskToSuspend = NULL;
    55d0:	1c 82       	std	Y+4, r1	; 0x04
    55d2:	1b 82       	std	Y+3, r1	; 0x03
			}

			/* If null is passed in here then we are suspending ourselves. */
			pxTCB = prvGetTCBFromHandle( pxTaskToSuspend );
    55d4:	8b 81       	ldd	r24, Y+3	; 0x03
    55d6:	9c 81       	ldd	r25, Y+4	; 0x04
    55d8:	00 97       	sbiw	r24, 0x00	; 0
    55da:	39 f4       	brne	.+14     	; 0x55ea <vTaskSuspend+0x44>
    55dc:	80 91 18 05 	lds	r24, 0x0518
    55e0:	90 91 19 05 	lds	r25, 0x0519
    55e4:	9e 83       	std	Y+6, r25	; 0x06
    55e6:	8d 83       	std	Y+5, r24	; 0x05
    55e8:	04 c0       	rjmp	.+8      	; 0x55f2 <vTaskSuspend+0x4c>
    55ea:	8b 81       	ldd	r24, Y+3	; 0x03
    55ec:	9c 81       	ldd	r25, Y+4	; 0x04
    55ee:	9e 83       	std	Y+6, r25	; 0x06
    55f0:	8d 83       	std	Y+5, r24	; 0x05
    55f2:	8d 81       	ldd	r24, Y+5	; 0x05
    55f4:	9e 81       	ldd	r25, Y+6	; 0x06
    55f6:	9a 83       	std	Y+2, r25	; 0x02
    55f8:	89 83       	std	Y+1, r24	; 0x01

			traceTASK_SUSPEND( pxTCB );

			/* Remove task from the ready/delayed list and place in the	suspended list. */
			vListRemove( &( pxTCB->xGenericListItem ) );
    55fa:	89 81       	ldd	r24, Y+1	; 0x01
    55fc:	9a 81       	ldd	r25, Y+2	; 0x02
    55fe:	02 96       	adiw	r24, 0x02	; 2
    5600:	0e 94 1f 21 	call	0x423e	; 0x423e <vListRemove>

			/* Is the task waiting on an event also? */
			if( pxTCB->xEventListItem.pvContainer != NULL )
    5604:	e9 81       	ldd	r30, Y+1	; 0x01
    5606:	fa 81       	ldd	r31, Y+2	; 0x02
    5608:	84 89       	ldd	r24, Z+20	; 0x14
    560a:	95 89       	ldd	r25, Z+21	; 0x15
    560c:	00 97       	sbiw	r24, 0x00	; 0
    560e:	29 f0       	breq	.+10     	; 0x561a <vTaskSuspend+0x74>
			{
				vListRemove( &( pxTCB->xEventListItem ) );
    5610:	89 81       	ldd	r24, Y+1	; 0x01
    5612:	9a 81       	ldd	r25, Y+2	; 0x02
    5614:	0c 96       	adiw	r24, 0x0c	; 12
    5616:	0e 94 1f 21 	call	0x423e	; 0x423e <vListRemove>
			}

			vListInsertEnd( ( xList * ) &xSuspendedTaskList, &( pxTCB->xGenericListItem ) );
    561a:	89 81       	ldd	r24, Y+1	; 0x01
    561c:	9a 81       	ldd	r25, Y+2	; 0x02
    561e:	9c 01       	movw	r18, r24
    5620:	2e 5f       	subi	r18, 0xFE	; 254
    5622:	3f 4f       	sbci	r19, 0xFF	; 255
    5624:	82 e7       	ldi	r24, 0x72	; 114
    5626:	95 e0       	ldi	r25, 0x05	; 5
    5628:	b9 01       	movw	r22, r18
    562a:	0e 94 67 20 	call	0x40ce	; 0x40ce <vListInsertEnd>
		}
		taskEXIT_CRITICAL();
    562e:	0f 90       	pop	r0
    5630:	0f be       	out	0x3f, r0	; 63

		if( ( void * ) pxTaskToSuspend == NULL )
    5632:	8b 81       	ldd	r24, Y+3	; 0x03
    5634:	9c 81       	ldd	r25, Y+4	; 0x04
    5636:	00 97       	sbiw	r24, 0x00	; 0
    5638:	a1 f4       	brne	.+40     	; 0x5662 <vTaskSuspend+0xbc>
		{
			if( xSchedulerRunning != pdFALSE )
    563a:	80 91 20 05 	lds	r24, 0x0520
    563e:	88 23       	and	r24, r24
    5640:	19 f0       	breq	.+6      	; 0x5648 <vTaskSuspend+0xa2>
			{
				/* We have just suspended the current task. */
				portYIELD_WITHIN_API();
    5642:	0e 94 27 23 	call	0x464e	; 0x464e <vPortYield>
    5646:	0d c0       	rjmp	.+26     	; 0x5662 <vTaskSuspend+0xbc>
			else
			{
				/* The scheduler is not running, but the task that was pointed
				to by pxCurrentTCB has just been suspended and pxCurrentTCB
				must be adjusted to point to a different task. */
				if( listCURRENT_LIST_LENGTH( &xSuspendedTaskList ) == uxCurrentNumberOfTasks )
    5648:	90 91 72 05 	lds	r25, 0x0572
    564c:	80 91 1b 05 	lds	r24, 0x051B
    5650:	98 17       	cp	r25, r24
    5652:	29 f4       	brne	.+10     	; 0x565e <vTaskSuspend+0xb8>
				{
					/* No other tasks are ready, so set pxCurrentTCB back to
					NULL so when the next task is created pxCurrentTCB will
					be set to point to it no matter what its relative priority
					is. */
					pxCurrentTCB = NULL;
    5654:	10 92 19 05 	sts	0x0519, r1
    5658:	10 92 18 05 	sts	0x0518, r1
    565c:	02 c0       	rjmp	.+4      	; 0x5662 <vTaskSuspend+0xbc>
				}
				else
				{
					vTaskSwitchContext();
    565e:	0e 94 15 2e 	call	0x5c2a	; 0x5c2a <vTaskSwitchContext>
				}
			}
		}
	}
    5662:	26 96       	adiw	r28, 0x06	; 6
    5664:	0f b6       	in	r0, 0x3f	; 63
    5666:	f8 94       	cli
    5668:	de bf       	out	0x3e, r29	; 62
    566a:	0f be       	out	0x3f, r0	; 63
    566c:	cd bf       	out	0x3d, r28	; 61
    566e:	cf 91       	pop	r28
    5670:	df 91       	pop	r29
    5672:	08 95       	ret

00005674 <xTaskIsTaskSuspended>:
/*-----------------------------------------------------------*/

#if ( INCLUDE_vTaskSuspend == 1 )

	signed portBASE_TYPE xTaskIsTaskSuspended( xTaskHandle xTask )
	{
    5674:	df 93       	push	r29
    5676:	cf 93       	push	r28
    5678:	00 d0       	rcall	.+0      	; 0x567a <xTaskIsTaskSuspended+0x6>
    567a:	00 d0       	rcall	.+0      	; 0x567c <xTaskIsTaskSuspended+0x8>
    567c:	0f 92       	push	r0
    567e:	cd b7       	in	r28, 0x3d	; 61
    5680:	de b7       	in	r29, 0x3e	; 62
    5682:	9d 83       	std	Y+5, r25	; 0x05
    5684:	8c 83       	std	Y+4, r24	; 0x04
	portBASE_TYPE xReturn = pdFALSE;
    5686:	1b 82       	std	Y+3, r1	; 0x03
	const tskTCB * const pxTCB = ( tskTCB * ) xTask;
    5688:	8c 81       	ldd	r24, Y+4	; 0x04
    568a:	9d 81       	ldd	r25, Y+5	; 0x05
    568c:	9a 83       	std	Y+2, r25	; 0x02
    568e:	89 83       	std	Y+1, r24	; 0x01
		/* It does not make sense to check if the calling task is suspended. */
		configASSERT( xTask );

		/* Is the task we are attempting to resume actually in the
		suspended list? */
		if( listIS_CONTAINED_WITHIN( &xSuspendedTaskList, &( pxTCB->xGenericListItem ) ) != pdFALSE )
    5690:	e9 81       	ldd	r30, Y+1	; 0x01
    5692:	fa 81       	ldd	r31, Y+2	; 0x02
    5694:	82 85       	ldd	r24, Z+10	; 0x0a
    5696:	93 85       	ldd	r25, Z+11	; 0x0b
    5698:	25 e0       	ldi	r18, 0x05	; 5
    569a:	82 37       	cpi	r24, 0x72	; 114
    569c:	92 07       	cpc	r25, r18
    569e:	81 f4       	brne	.+32     	; 0x56c0 <xTaskIsTaskSuspended+0x4c>
		{
			/* Has the task already been resumed from within an ISR? */
			if( listIS_CONTAINED_WITHIN( &xPendingReadyList, &( pxTCB->xEventListItem ) ) != pdTRUE )
    56a0:	e9 81       	ldd	r30, Y+1	; 0x01
    56a2:	fa 81       	ldd	r31, Y+2	; 0x02
    56a4:	84 89       	ldd	r24, Z+20	; 0x14
    56a6:	95 89       	ldd	r25, Z+21	; 0x15
    56a8:	25 e0       	ldi	r18, 0x05	; 5
    56aa:	80 36       	cpi	r24, 0x60	; 96
    56ac:	92 07       	cpc	r25, r18
    56ae:	41 f0       	breq	.+16     	; 0x56c0 <xTaskIsTaskSuspended+0x4c>
			{
				/* Is it in the suspended list because it is in the
				Suspended state?  It is possible to be in the suspended
				list because it is blocked on a task with no timeout
				specified. */
				if( listIS_CONTAINED_WITHIN( NULL, &( pxTCB->xEventListItem ) ) == pdTRUE )
    56b0:	e9 81       	ldd	r30, Y+1	; 0x01
    56b2:	fa 81       	ldd	r31, Y+2	; 0x02
    56b4:	84 89       	ldd	r24, Z+20	; 0x14
    56b6:	95 89       	ldd	r25, Z+21	; 0x15
    56b8:	00 97       	sbiw	r24, 0x00	; 0
    56ba:	11 f4       	brne	.+4      	; 0x56c0 <xTaskIsTaskSuspended+0x4c>
				{
					xReturn = pdTRUE;
    56bc:	81 e0       	ldi	r24, 0x01	; 1
    56be:	8b 83       	std	Y+3, r24	; 0x03
				}
			}
		}

		return xReturn;
    56c0:	8b 81       	ldd	r24, Y+3	; 0x03
	}
    56c2:	0f 90       	pop	r0
    56c4:	0f 90       	pop	r0
    56c6:	0f 90       	pop	r0
    56c8:	0f 90       	pop	r0
    56ca:	0f 90       	pop	r0
    56cc:	cf 91       	pop	r28
    56ce:	df 91       	pop	r29
    56d0:	08 95       	ret

000056d2 <vTaskResume>:
/*-----------------------------------------------------------*/

#if ( INCLUDE_vTaskSuspend == 1 )

	void vTaskResume( xTaskHandle pxTaskToResume )
	{
    56d2:	df 93       	push	r29
    56d4:	cf 93       	push	r28
    56d6:	00 d0       	rcall	.+0      	; 0x56d8 <vTaskResume+0x6>
    56d8:	00 d0       	rcall	.+0      	; 0x56da <vTaskResume+0x8>
    56da:	cd b7       	in	r28, 0x3d	; 61
    56dc:	de b7       	in	r29, 0x3e	; 62
    56de:	9c 83       	std	Y+4, r25	; 0x04
    56e0:	8b 83       	std	Y+3, r24	; 0x03
		/* It does not make sense to resume the calling task. */
		configASSERT( pxTaskToResume );

		/* Remove the task from whichever list it is currently in, and place
		it in the ready list. */
		pxTCB = ( tskTCB * ) pxTaskToResume;
    56e2:	8b 81       	ldd	r24, Y+3	; 0x03
    56e4:	9c 81       	ldd	r25, Y+4	; 0x04
    56e6:	9a 83       	std	Y+2, r25	; 0x02
    56e8:	89 83       	std	Y+1, r24	; 0x01

		/* The parameter cannot be NULL as it is impossible to resume the
		currently executing task. */
		if( ( pxTCB != NULL ) && ( pxTCB != pxCurrentTCB ) )
    56ea:	89 81       	ldd	r24, Y+1	; 0x01
    56ec:	9a 81       	ldd	r25, Y+2	; 0x02
    56ee:	00 97       	sbiw	r24, 0x00	; 0
    56f0:	09 f4       	brne	.+2      	; 0x56f4 <vTaskResume+0x22>
    56f2:	4c c0       	rjmp	.+152    	; 0x578c <vTaskResume+0xba>
    56f4:	20 91 18 05 	lds	r18, 0x0518
    56f8:	30 91 19 05 	lds	r19, 0x0519
    56fc:	89 81       	ldd	r24, Y+1	; 0x01
    56fe:	9a 81       	ldd	r25, Y+2	; 0x02
    5700:	82 17       	cp	r24, r18
    5702:	93 07       	cpc	r25, r19
    5704:	09 f4       	brne	.+2      	; 0x5708 <vTaskResume+0x36>
    5706:	42 c0       	rjmp	.+132    	; 0x578c <vTaskResume+0xba>
		{
			taskENTER_CRITICAL();
    5708:	0f b6       	in	r0, 0x3f	; 63
    570a:	f8 94       	cli
    570c:	0f 92       	push	r0
			{
				if( xTaskIsTaskSuspended( pxTCB ) == pdTRUE )
    570e:	89 81       	ldd	r24, Y+1	; 0x01
    5710:	9a 81       	ldd	r25, Y+2	; 0x02
    5712:	0e 94 3a 2b 	call	0x5674	; 0x5674 <xTaskIsTaskSuspended>
    5716:	81 30       	cpi	r24, 0x01	; 1
    5718:	b9 f5       	brne	.+110    	; 0x5788 <vTaskResume+0xb6>
				{
					traceTASK_RESUME( pxTCB );

					/* As we are in a critical section we can access the ready
					lists even if the scheduler is suspended. */
					vListRemove(  &( pxTCB->xGenericListItem ) );
    571a:	89 81       	ldd	r24, Y+1	; 0x01
    571c:	9a 81       	ldd	r25, Y+2	; 0x02
    571e:	02 96       	adiw	r24, 0x02	; 2
    5720:	0e 94 1f 21 	call	0x423e	; 0x423e <vListRemove>
					prvAddTaskToReadyQueue( pxTCB );
    5724:	e9 81       	ldd	r30, Y+1	; 0x01
    5726:	fa 81       	ldd	r31, Y+2	; 0x02
    5728:	96 89       	ldd	r25, Z+22	; 0x16
    572a:	80 91 1f 05 	lds	r24, 0x051F
    572e:	89 17       	cp	r24, r25
    5730:	28 f4       	brcc	.+10     	; 0x573c <vTaskResume+0x6a>
    5732:	e9 81       	ldd	r30, Y+1	; 0x01
    5734:	fa 81       	ldd	r31, Y+2	; 0x02
    5736:	86 89       	ldd	r24, Z+22	; 0x16
    5738:	80 93 1f 05 	sts	0x051F, r24
    573c:	e9 81       	ldd	r30, Y+1	; 0x01
    573e:	fa 81       	ldd	r31, Y+2	; 0x02
    5740:	86 89       	ldd	r24, Z+22	; 0x16
    5742:	28 2f       	mov	r18, r24
    5744:	30 e0       	ldi	r19, 0x00	; 0
    5746:	c9 01       	movw	r24, r18
    5748:	88 0f       	add	r24, r24
    574a:	99 1f       	adc	r25, r25
    574c:	88 0f       	add	r24, r24
    574e:	99 1f       	adc	r25, r25
    5750:	88 0f       	add	r24, r24
    5752:	99 1f       	adc	r25, r25
    5754:	82 0f       	add	r24, r18
    5756:	93 1f       	adc	r25, r19
    5758:	ac 01       	movw	r20, r24
    575a:	4a 5d       	subi	r20, 0xDA	; 218
    575c:	5a 4f       	sbci	r21, 0xFA	; 250
    575e:	89 81       	ldd	r24, Y+1	; 0x01
    5760:	9a 81       	ldd	r25, Y+2	; 0x02
    5762:	9c 01       	movw	r18, r24
    5764:	2e 5f       	subi	r18, 0xFE	; 254
    5766:	3f 4f       	sbci	r19, 0xFF	; 255
    5768:	ca 01       	movw	r24, r20
    576a:	b9 01       	movw	r22, r18
    576c:	0e 94 67 20 	call	0x40ce	; 0x40ce <vListInsertEnd>

					/* We may have just resumed a higher priority task. */
					if( pxTCB->uxPriority >= pxCurrentTCB->uxPriority )
    5770:	e9 81       	ldd	r30, Y+1	; 0x01
    5772:	fa 81       	ldd	r31, Y+2	; 0x02
    5774:	96 89       	ldd	r25, Z+22	; 0x16
    5776:	e0 91 18 05 	lds	r30, 0x0518
    577a:	f0 91 19 05 	lds	r31, 0x0519
    577e:	86 89       	ldd	r24, Z+22	; 0x16
    5780:	98 17       	cp	r25, r24
    5782:	10 f0       	brcs	.+4      	; 0x5788 <vTaskResume+0xb6>
					{
						/* This yield may not cause the task just resumed to run, but
						will leave the lists in the correct state for the next yield. */
						portYIELD_WITHIN_API();
    5784:	0e 94 27 23 	call	0x464e	; 0x464e <vPortYield>
					}
				}
			}
			taskEXIT_CRITICAL();
    5788:	0f 90       	pop	r0
    578a:	0f be       	out	0x3f, r0	; 63
		}
	}
    578c:	0f 90       	pop	r0
    578e:	0f 90       	pop	r0
    5790:	0f 90       	pop	r0
    5792:	0f 90       	pop	r0
    5794:	cf 91       	pop	r28
    5796:	df 91       	pop	r29
    5798:	08 95       	ret

0000579a <xTaskResumeFromISR>:
/*-----------------------------------------------------------*/

#if ( ( INCLUDE_xTaskResumeFromISR == 1 ) && ( INCLUDE_vTaskSuspend == 1 ) )

	portBASE_TYPE xTaskResumeFromISR( xTaskHandle pxTaskToResume )
	{
    579a:	df 93       	push	r29
    579c:	cf 93       	push	r28
    579e:	00 d0       	rcall	.+0      	; 0x57a0 <xTaskResumeFromISR+0x6>
    57a0:	00 d0       	rcall	.+0      	; 0x57a2 <xTaskResumeFromISR+0x8>
    57a2:	0f 92       	push	r0
    57a4:	cd b7       	in	r28, 0x3d	; 61
    57a6:	de b7       	in	r29, 0x3e	; 62
    57a8:	9d 83       	std	Y+5, r25	; 0x05
    57aa:	8c 83       	std	Y+4, r24	; 0x04
	portBASE_TYPE xYieldRequired = pdFALSE;
    57ac:	1b 82       	std	Y+3, r1	; 0x03
	tskTCB *pxTCB;

		configASSERT( pxTaskToResume );

		pxTCB = ( tskTCB * ) pxTaskToResume;
    57ae:	8c 81       	ldd	r24, Y+4	; 0x04
    57b0:	9d 81       	ldd	r25, Y+5	; 0x05
    57b2:	9a 83       	std	Y+2, r25	; 0x02
    57b4:	89 83       	std	Y+1, r24	; 0x01

		if( xTaskIsTaskSuspended( pxTCB ) == pdTRUE )
    57b6:	89 81       	ldd	r24, Y+1	; 0x01
    57b8:	9a 81       	ldd	r25, Y+2	; 0x02
    57ba:	0e 94 3a 2b 	call	0x5674	; 0x5674 <xTaskIsTaskSuspended>
    57be:	81 30       	cpi	r24, 0x01	; 1
    57c0:	09 f0       	breq	.+2      	; 0x57c4 <xTaskResumeFromISR+0x2a>
    57c2:	47 c0       	rjmp	.+142    	; 0x5852 <xTaskResumeFromISR+0xb8>
		{
			traceTASK_RESUME_FROM_ISR( pxTCB );

			if( uxSchedulerSuspended == ( unsigned portBASE_TYPE ) pdFALSE )
    57c4:	80 91 21 05 	lds	r24, 0x0521
    57c8:	88 23       	and	r24, r24
    57ca:	c9 f5       	brne	.+114    	; 0x583e <xTaskResumeFromISR+0xa4>
			{
				xYieldRequired = ( pxTCB->uxPriority >= pxCurrentTCB->uxPriority );
    57cc:	e9 81       	ldd	r30, Y+1	; 0x01
    57ce:	fa 81       	ldd	r31, Y+2	; 0x02
    57d0:	96 89       	ldd	r25, Z+22	; 0x16
    57d2:	e0 91 18 05 	lds	r30, 0x0518
    57d6:	f0 91 19 05 	lds	r31, 0x0519
    57da:	86 89       	ldd	r24, Z+22	; 0x16
    57dc:	1b 82       	std	Y+3, r1	; 0x03
    57de:	98 17       	cp	r25, r24
    57e0:	10 f0       	brcs	.+4      	; 0x57e6 <xTaskResumeFromISR+0x4c>
    57e2:	81 e0       	ldi	r24, 0x01	; 1
    57e4:	8b 83       	std	Y+3, r24	; 0x03
				vListRemove(  &( pxTCB->xGenericListItem ) );
    57e6:	89 81       	ldd	r24, Y+1	; 0x01
    57e8:	9a 81       	ldd	r25, Y+2	; 0x02
    57ea:	02 96       	adiw	r24, 0x02	; 2
    57ec:	0e 94 1f 21 	call	0x423e	; 0x423e <vListRemove>
				prvAddTaskToReadyQueue( pxTCB );
    57f0:	e9 81       	ldd	r30, Y+1	; 0x01
    57f2:	fa 81       	ldd	r31, Y+2	; 0x02
    57f4:	96 89       	ldd	r25, Z+22	; 0x16
    57f6:	80 91 1f 05 	lds	r24, 0x051F
    57fa:	89 17       	cp	r24, r25
    57fc:	28 f4       	brcc	.+10     	; 0x5808 <xTaskResumeFromISR+0x6e>
    57fe:	e9 81       	ldd	r30, Y+1	; 0x01
    5800:	fa 81       	ldd	r31, Y+2	; 0x02
    5802:	86 89       	ldd	r24, Z+22	; 0x16
    5804:	80 93 1f 05 	sts	0x051F, r24
    5808:	e9 81       	ldd	r30, Y+1	; 0x01
    580a:	fa 81       	ldd	r31, Y+2	; 0x02
    580c:	86 89       	ldd	r24, Z+22	; 0x16
    580e:	28 2f       	mov	r18, r24
    5810:	30 e0       	ldi	r19, 0x00	; 0
    5812:	c9 01       	movw	r24, r18
    5814:	88 0f       	add	r24, r24
    5816:	99 1f       	adc	r25, r25
    5818:	88 0f       	add	r24, r24
    581a:	99 1f       	adc	r25, r25
    581c:	88 0f       	add	r24, r24
    581e:	99 1f       	adc	r25, r25
    5820:	82 0f       	add	r24, r18
    5822:	93 1f       	adc	r25, r19
    5824:	ac 01       	movw	r20, r24
    5826:	4a 5d       	subi	r20, 0xDA	; 218
    5828:	5a 4f       	sbci	r21, 0xFA	; 250
    582a:	89 81       	ldd	r24, Y+1	; 0x01
    582c:	9a 81       	ldd	r25, Y+2	; 0x02
    582e:	9c 01       	movw	r18, r24
    5830:	2e 5f       	subi	r18, 0xFE	; 254
    5832:	3f 4f       	sbci	r19, 0xFF	; 255
    5834:	ca 01       	movw	r24, r20
    5836:	b9 01       	movw	r22, r18
    5838:	0e 94 67 20 	call	0x40ce	; 0x40ce <vListInsertEnd>
    583c:	0a c0       	rjmp	.+20     	; 0x5852 <xTaskResumeFromISR+0xb8>
			else
			{
				/* We cannot access the delayed or ready lists, so will hold this
				task pending until the scheduler is resumed, at which point a
				yield will be performed if necessary. */
				vListInsertEnd( ( xList * ) &( xPendingReadyList ), &( pxTCB->xEventListItem ) );
    583e:	89 81       	ldd	r24, Y+1	; 0x01
    5840:	9a 81       	ldd	r25, Y+2	; 0x02
    5842:	9c 01       	movw	r18, r24
    5844:	24 5f       	subi	r18, 0xF4	; 244
    5846:	3f 4f       	sbci	r19, 0xFF	; 255
    5848:	80 e6       	ldi	r24, 0x60	; 96
    584a:	95 e0       	ldi	r25, 0x05	; 5
    584c:	b9 01       	movw	r22, r18
    584e:	0e 94 67 20 	call	0x40ce	; 0x40ce <vListInsertEnd>
			}
		}

		return xYieldRequired;
    5852:	8b 81       	ldd	r24, Y+3	; 0x03
	}
    5854:	0f 90       	pop	r0
    5856:	0f 90       	pop	r0
    5858:	0f 90       	pop	r0
    585a:	0f 90       	pop	r0
    585c:	0f 90       	pop	r0
    585e:	cf 91       	pop	r28
    5860:	df 91       	pop	r29
    5862:	08 95       	ret

00005864 <vTaskStartScheduler>:
 * PUBLIC SCHEDULER CONTROL documented in task.h
 *----------------------------------------------------------*/


void vTaskStartScheduler( void )
{
    5864:	af 92       	push	r10
    5866:	bf 92       	push	r11
    5868:	cf 92       	push	r12
    586a:	df 92       	push	r13
    586c:	ef 92       	push	r14
    586e:	ff 92       	push	r15
    5870:	0f 93       	push	r16
    5872:	df 93       	push	r29
    5874:	cf 93       	push	r28
    5876:	0f 92       	push	r0
    5878:	cd b7       	in	r28, 0x3d	; 61
    587a:	de b7       	in	r29, 0x3e	; 62
		xReturn = xTaskCreate( prvIdleTask, ( signed char * ) "IDLE", tskIDLE_STACK_SIZE, ( void * ) NULL, ( tskIDLE_PRIORITY | portPRIVILEGE_BIT ), &xIdleTaskHandle );
	}
	#else
	{
		/* Create the idle task without storing its handle. */
		xReturn = xTaskCreate( prvIdleTask, ( signed char * ) "IDLE", tskIDLE_STACK_SIZE, ( void * ) NULL, ( tskIDLE_PRIORITY | portPRIVILEGE_BIT ), NULL );
    587c:	20 e6       	ldi	r18, 0x60	; 96
    587e:	30 e0       	ldi	r19, 0x00	; 0
    5880:	86 eb       	ldi	r24, 0xB6	; 182
    5882:	9f e2       	ldi	r25, 0x2F	; 47
    5884:	b9 01       	movw	r22, r18
    5886:	45 e5       	ldi	r20, 0x55	; 85
    5888:	50 e0       	ldi	r21, 0x00	; 0
    588a:	20 e0       	ldi	r18, 0x00	; 0
    588c:	30 e0       	ldi	r19, 0x00	; 0
    588e:	00 e0       	ldi	r16, 0x00	; 0
    5890:	ee 24       	eor	r14, r14
    5892:	ff 24       	eor	r15, r15
    5894:	cc 24       	eor	r12, r12
    5896:	dd 24       	eor	r13, r13
    5898:	aa 24       	eor	r10, r10
    589a:	bb 24       	eor	r11, r11
    589c:	0e 94 da 28 	call	0x51b4	; 0x51b4 <xTaskGenericCreate>
    58a0:	89 83       	std	Y+1, r24	; 0x01
			xReturn = xTimerCreateTimerTask();
		}
	}
	#endif

	if( xReturn == pdPASS )
    58a2:	89 81       	ldd	r24, Y+1	; 0x01
    58a4:	81 30       	cpi	r24, 0x01	; 1
    58a6:	51 f4       	brne	.+20     	; 0x58bc <vTaskStartScheduler+0x58>
		so interrupts will automatically get re-enabled when the first task
		starts to run.

		STEPPING THROUGH HERE USING A DEBUGGER CAN CAUSE BIG PROBLEMS IF THE
		DEBUGGER ALLOWS INTERRUPTS TO BE PROCESSED. */
		portDISABLE_INTERRUPTS();
    58a8:	f8 94       	cli

		xSchedulerRunning = pdTRUE;
    58aa:	81 e0       	ldi	r24, 0x01	; 1
    58ac:	80 93 20 05 	sts	0x0520, r24
		xTickCount = ( portTickType ) 0U;
    58b0:	10 92 1d 05 	sts	0x051D, r1
    58b4:	10 92 1c 05 	sts	0x051C, r1
		the run time counter time base. */
		portCONFIGURE_TIMER_FOR_RUN_TIME_STATS();
		
		/* Setting up the timer tick is hardware specific and thus in the
		portable interface. */
		if( xPortStartScheduler() != pdFALSE )
    58b8:	0e 94 eb 22 	call	0x45d6	; 0x45d6 <xPortStartScheduler>
		}
	}

	/* This line will only be reached if the kernel could not be started. */
	configASSERT( xReturn );
}
    58bc:	0f 90       	pop	r0
    58be:	cf 91       	pop	r28
    58c0:	df 91       	pop	r29
    58c2:	0f 91       	pop	r16
    58c4:	ff 90       	pop	r15
    58c6:	ef 90       	pop	r14
    58c8:	df 90       	pop	r13
    58ca:	cf 90       	pop	r12
    58cc:	bf 90       	pop	r11
    58ce:	af 90       	pop	r10
    58d0:	08 95       	ret

000058d2 <vTaskEndScheduler>:
/*-----------------------------------------------------------*/

void vTaskEndScheduler( void )
{
    58d2:	df 93       	push	r29
    58d4:	cf 93       	push	r28
    58d6:	cd b7       	in	r28, 0x3d	; 61
    58d8:	de b7       	in	r29, 0x3e	; 62
	/* Stop the scheduler interrupts and call the portable scheduler end
	routine so the original ISRs can be restored if necessary.  The port
	layer must ensure interrupts enable	bit is left in the correct state. */
	portDISABLE_INTERRUPTS();
    58da:	f8 94       	cli
	xSchedulerRunning = pdFALSE;
    58dc:	10 92 20 05 	sts	0x0520, r1
	vPortEndScheduler();
    58e0:	0e 94 20 23 	call	0x4640	; 0x4640 <vPortEndScheduler>
}
    58e4:	cf 91       	pop	r28
    58e6:	df 91       	pop	r29
    58e8:	08 95       	ret

000058ea <vTaskSuspendAll>:
/*----------------------------------------------------------*/

void vTaskSuspendAll( void )
{
    58ea:	df 93       	push	r29
    58ec:	cf 93       	push	r28
    58ee:	cd b7       	in	r28, 0x3d	; 61
    58f0:	de b7       	in	r29, 0x3e	; 62
	/* A critical section is not required as the variable is of type
	portBASE_TYPE. */
	++uxSchedulerSuspended;
    58f2:	80 91 21 05 	lds	r24, 0x0521
    58f6:	8f 5f       	subi	r24, 0xFF	; 255
    58f8:	80 93 21 05 	sts	0x0521, r24
}
    58fc:	cf 91       	pop	r28
    58fe:	df 91       	pop	r29
    5900:	08 95       	ret

00005902 <xTaskResumeAll>:
/*----------------------------------------------------------*/

signed portBASE_TYPE xTaskResumeAll( void )
{
    5902:	df 93       	push	r29
    5904:	cf 93       	push	r28
    5906:	00 d0       	rcall	.+0      	; 0x5908 <xTaskResumeAll+0x6>
    5908:	00 d0       	rcall	.+0      	; 0x590a <xTaskResumeAll+0x8>
    590a:	cd b7       	in	r28, 0x3d	; 61
    590c:	de b7       	in	r29, 0x3e	; 62
register tskTCB *pxTCB;
signed portBASE_TYPE xAlreadyYielded = pdFALSE;
    590e:	1a 82       	std	Y+2, r1	; 0x02
	/* It is possible that an ISR caused a task to be removed from an event
	list while the scheduler was suspended.  If this was the case then the
	removed task will have been added to the xPendingReadyList.  Once the
	scheduler has been resumed it is safe to move all the pending ready
	tasks from this list into their appropriate ready list. */
	taskENTER_CRITICAL();
    5910:	0f b6       	in	r0, 0x3f	; 63
    5912:	f8 94       	cli
    5914:	0f 92       	push	r0
	{
		--uxSchedulerSuspended;
    5916:	80 91 21 05 	lds	r24, 0x0521
    591a:	81 50       	subi	r24, 0x01	; 1
    591c:	80 93 21 05 	sts	0x0521, r24

		if( uxSchedulerSuspended == ( unsigned portBASE_TYPE ) pdFALSE )
    5920:	80 91 21 05 	lds	r24, 0x0521
    5924:	88 23       	and	r24, r24
    5926:	09 f0       	breq	.+2      	; 0x592a <xTaskResumeAll+0x28>
    5928:	6c c0       	rjmp	.+216    	; 0x5a02 <xTaskResumeAll+0x100>
		{
			if( uxCurrentNumberOfTasks > ( unsigned portBASE_TYPE ) 0U )
    592a:	80 91 1b 05 	lds	r24, 0x051B
    592e:	88 23       	and	r24, r24
    5930:	09 f4       	brne	.+2      	; 0x5934 <xTaskResumeAll+0x32>
    5932:	67 c0       	rjmp	.+206    	; 0x5a02 <xTaskResumeAll+0x100>
			{
				portBASE_TYPE xYieldRequired = pdFALSE;
    5934:	19 82       	std	Y+1, r1	; 0x01
    5936:	41 c0       	rjmp	.+130    	; 0x59ba <xTaskResumeAll+0xb8>

				/* Move any readied tasks from the pending list into the
				appropriate ready list. */
				while( listLIST_IS_EMPTY( ( xList * ) &xPendingReadyList ) == pdFALSE )
				{
					pxTCB = ( tskTCB * ) listGET_OWNER_OF_HEAD_ENTRY(  ( ( xList * ) &xPendingReadyList ) );
    5938:	e0 91 65 05 	lds	r30, 0x0565
    593c:	f0 91 66 05 	lds	r31, 0x0566
    5940:	86 81       	ldd	r24, Z+6	; 0x06
    5942:	97 81       	ldd	r25, Z+7	; 0x07
    5944:	9c 83       	std	Y+4, r25	; 0x04
    5946:	8b 83       	std	Y+3, r24	; 0x03
					vListRemove( &( pxTCB->xEventListItem ) );
    5948:	8b 81       	ldd	r24, Y+3	; 0x03
    594a:	9c 81       	ldd	r25, Y+4	; 0x04
    594c:	0c 96       	adiw	r24, 0x0c	; 12
    594e:	0e 94 1f 21 	call	0x423e	; 0x423e <vListRemove>
					vListRemove( &( pxTCB->xGenericListItem ) );
    5952:	8b 81       	ldd	r24, Y+3	; 0x03
    5954:	9c 81       	ldd	r25, Y+4	; 0x04
    5956:	02 96       	adiw	r24, 0x02	; 2
    5958:	0e 94 1f 21 	call	0x423e	; 0x423e <vListRemove>
					prvAddTaskToReadyQueue( pxTCB );
    595c:	eb 81       	ldd	r30, Y+3	; 0x03
    595e:	fc 81       	ldd	r31, Y+4	; 0x04
    5960:	96 89       	ldd	r25, Z+22	; 0x16
    5962:	80 91 1f 05 	lds	r24, 0x051F
    5966:	89 17       	cp	r24, r25
    5968:	28 f4       	brcc	.+10     	; 0x5974 <xTaskResumeAll+0x72>
    596a:	eb 81       	ldd	r30, Y+3	; 0x03
    596c:	fc 81       	ldd	r31, Y+4	; 0x04
    596e:	86 89       	ldd	r24, Z+22	; 0x16
    5970:	80 93 1f 05 	sts	0x051F, r24
    5974:	eb 81       	ldd	r30, Y+3	; 0x03
    5976:	fc 81       	ldd	r31, Y+4	; 0x04
    5978:	86 89       	ldd	r24, Z+22	; 0x16
    597a:	28 2f       	mov	r18, r24
    597c:	30 e0       	ldi	r19, 0x00	; 0
    597e:	c9 01       	movw	r24, r18
    5980:	88 0f       	add	r24, r24
    5982:	99 1f       	adc	r25, r25
    5984:	88 0f       	add	r24, r24
    5986:	99 1f       	adc	r25, r25
    5988:	88 0f       	add	r24, r24
    598a:	99 1f       	adc	r25, r25
    598c:	82 0f       	add	r24, r18
    598e:	93 1f       	adc	r25, r19
    5990:	8a 5d       	subi	r24, 0xDA	; 218
    5992:	9a 4f       	sbci	r25, 0xFA	; 250
    5994:	2b 81       	ldd	r18, Y+3	; 0x03
    5996:	3c 81       	ldd	r19, Y+4	; 0x04
    5998:	2e 5f       	subi	r18, 0xFE	; 254
    599a:	3f 4f       	sbci	r19, 0xFF	; 255
    599c:	b9 01       	movw	r22, r18
    599e:	0e 94 67 20 	call	0x40ce	; 0x40ce <vListInsertEnd>

					/* If we have moved a task that has a priority higher than
					the current task then we should yield. */
					if( pxTCB->uxPriority >= pxCurrentTCB->uxPriority )
    59a2:	eb 81       	ldd	r30, Y+3	; 0x03
    59a4:	fc 81       	ldd	r31, Y+4	; 0x04
    59a6:	96 89       	ldd	r25, Z+22	; 0x16
    59a8:	e0 91 18 05 	lds	r30, 0x0518
    59ac:	f0 91 19 05 	lds	r31, 0x0519
    59b0:	86 89       	ldd	r24, Z+22	; 0x16
    59b2:	98 17       	cp	r25, r24
    59b4:	10 f0       	brcs	.+4      	; 0x59ba <xTaskResumeAll+0xb8>
					{
						xYieldRequired = pdTRUE;
    59b6:	81 e0       	ldi	r24, 0x01	; 1
    59b8:	89 83       	std	Y+1, r24	; 0x01
			{
				portBASE_TYPE xYieldRequired = pdFALSE;

				/* Move any readied tasks from the pending list into the
				appropriate ready list. */
				while( listLIST_IS_EMPTY( ( xList * ) &xPendingReadyList ) == pdFALSE )
    59ba:	80 91 60 05 	lds	r24, 0x0560
    59be:	88 23       	and	r24, r24
    59c0:	09 f0       	breq	.+2      	; 0x59c4 <xTaskResumeAll+0xc2>
    59c2:	ba cf       	rjmp	.-140    	; 0x5938 <xTaskResumeAll+0x36>
				}

				/* If any ticks occurred while the scheduler was suspended then
				they should be processed now.  This ensures the tick count does not
				slip, and that any delayed tasks are resumed at the correct time. */
				if( uxMissedTicks > ( unsigned portBASE_TYPE ) 0U )
    59c4:	80 91 22 05 	lds	r24, 0x0522
    59c8:	88 23       	and	r24, r24
    59ca:	71 f0       	breq	.+28     	; 0x59e8 <xTaskResumeAll+0xe6>
    59cc:	07 c0       	rjmp	.+14     	; 0x59dc <xTaskResumeAll+0xda>
				{
					while( uxMissedTicks > ( unsigned portBASE_TYPE ) 0U )
					{
						vTaskIncrementTick();
    59ce:	0e 94 40 2d 	call	0x5a80	; 0x5a80 <vTaskIncrementTick>
						--uxMissedTicks;
    59d2:	80 91 22 05 	lds	r24, 0x0522
    59d6:	81 50       	subi	r24, 0x01	; 1
    59d8:	80 93 22 05 	sts	0x0522, r24
				/* If any ticks occurred while the scheduler was suspended then
				they should be processed now.  This ensures the tick count does not
				slip, and that any delayed tasks are resumed at the correct time. */
				if( uxMissedTicks > ( unsigned portBASE_TYPE ) 0U )
				{
					while( uxMissedTicks > ( unsigned portBASE_TYPE ) 0U )
    59dc:	80 91 22 05 	lds	r24, 0x0522
    59e0:	88 23       	and	r24, r24
    59e2:	a9 f7       	brne	.-22     	; 0x59ce <xTaskResumeAll+0xcc>
					/* As we have processed some ticks it is appropriate to yield
					to ensure the highest priority task that is ready to run is
					the task actually running. */
					#if configUSE_PREEMPTION == 1
					{
						xYieldRequired = pdTRUE;
    59e4:	81 e0       	ldi	r24, 0x01	; 1
    59e6:	89 83       	std	Y+1, r24	; 0x01
					}
					#endif
				}

				if( ( xYieldRequired == pdTRUE ) || ( xMissedYield == pdTRUE ) )
    59e8:	89 81       	ldd	r24, Y+1	; 0x01
    59ea:	81 30       	cpi	r24, 0x01	; 1
    59ec:	21 f0       	breq	.+8      	; 0x59f6 <xTaskResumeAll+0xf4>
    59ee:	80 91 23 05 	lds	r24, 0x0523
    59f2:	81 30       	cpi	r24, 0x01	; 1
    59f4:	31 f4       	brne	.+12     	; 0x5a02 <xTaskResumeAll+0x100>
				{
					xAlreadyYielded = pdTRUE;
    59f6:	81 e0       	ldi	r24, 0x01	; 1
    59f8:	8a 83       	std	Y+2, r24	; 0x02
					xMissedYield = pdFALSE;
    59fa:	10 92 23 05 	sts	0x0523, r1
					portYIELD_WITHIN_API();
    59fe:	0e 94 27 23 	call	0x464e	; 0x464e <vPortYield>
				}
			}
		}
	}
	taskEXIT_CRITICAL();
    5a02:	0f 90       	pop	r0
    5a04:	0f be       	out	0x3f, r0	; 63

	return xAlreadyYielded;
    5a06:	8a 81       	ldd	r24, Y+2	; 0x02
}
    5a08:	0f 90       	pop	r0
    5a0a:	0f 90       	pop	r0
    5a0c:	0f 90       	pop	r0
    5a0e:	0f 90       	pop	r0
    5a10:	cf 91       	pop	r28
    5a12:	df 91       	pop	r29
    5a14:	08 95       	ret

00005a16 <xTaskGetTickCount>:
 *----------------------------------------------------------*/



portTickType xTaskGetTickCount( void )
{
    5a16:	df 93       	push	r29
    5a18:	cf 93       	push	r28
    5a1a:	00 d0       	rcall	.+0      	; 0x5a1c <xTaskGetTickCount+0x6>
    5a1c:	cd b7       	in	r28, 0x3d	; 61
    5a1e:	de b7       	in	r29, 0x3e	; 62
portTickType xTicks;

	/* Critical section required if running on a 16 bit processor. */
	taskENTER_CRITICAL();
    5a20:	0f b6       	in	r0, 0x3f	; 63
    5a22:	f8 94       	cli
    5a24:	0f 92       	push	r0
	{
		xTicks = xTickCount;
    5a26:	80 91 1c 05 	lds	r24, 0x051C
    5a2a:	90 91 1d 05 	lds	r25, 0x051D
    5a2e:	9a 83       	std	Y+2, r25	; 0x02
    5a30:	89 83       	std	Y+1, r24	; 0x01
	}
	taskEXIT_CRITICAL();
    5a32:	0f 90       	pop	r0
    5a34:	0f be       	out	0x3f, r0	; 63

	return xTicks;
    5a36:	89 81       	ldd	r24, Y+1	; 0x01
    5a38:	9a 81       	ldd	r25, Y+2	; 0x02
}
    5a3a:	0f 90       	pop	r0
    5a3c:	0f 90       	pop	r0
    5a3e:	cf 91       	pop	r28
    5a40:	df 91       	pop	r29
    5a42:	08 95       	ret

00005a44 <xTaskGetTickCountFromISR>:
/*-----------------------------------------------------------*/

portTickType xTaskGetTickCountFromISR( void )
{
    5a44:	df 93       	push	r29
    5a46:	cf 93       	push	r28
    5a48:	00 d0       	rcall	.+0      	; 0x5a4a <xTaskGetTickCountFromISR+0x6>
    5a4a:	0f 92       	push	r0
    5a4c:	cd b7       	in	r28, 0x3d	; 61
    5a4e:	de b7       	in	r29, 0x3e	; 62
portTickType xReturn;
unsigned portBASE_TYPE uxSavedInterruptStatus;

	uxSavedInterruptStatus = portSET_INTERRUPT_MASK_FROM_ISR();
    5a50:	19 82       	std	Y+1, r1	; 0x01
	xReturn = xTickCount;
    5a52:	80 91 1c 05 	lds	r24, 0x051C
    5a56:	90 91 1d 05 	lds	r25, 0x051D
    5a5a:	9b 83       	std	Y+3, r25	; 0x03
    5a5c:	8a 83       	std	Y+2, r24	; 0x02
	portCLEAR_INTERRUPT_MASK_FROM_ISR( uxSavedInterruptStatus );

	return xReturn;
    5a5e:	8a 81       	ldd	r24, Y+2	; 0x02
    5a60:	9b 81       	ldd	r25, Y+3	; 0x03
}
    5a62:	0f 90       	pop	r0
    5a64:	0f 90       	pop	r0
    5a66:	0f 90       	pop	r0
    5a68:	cf 91       	pop	r28
    5a6a:	df 91       	pop	r29
    5a6c:	08 95       	ret

00005a6e <uxTaskGetNumberOfTasks>:
/*-----------------------------------------------------------*/

unsigned portBASE_TYPE uxTaskGetNumberOfTasks( void )
{
    5a6e:	df 93       	push	r29
    5a70:	cf 93       	push	r28
    5a72:	cd b7       	in	r28, 0x3d	; 61
    5a74:	de b7       	in	r29, 0x3e	; 62
	/* A critical section is not required because the variables are of type
	portBASE_TYPE. */
	return uxCurrentNumberOfTasks;
    5a76:	80 91 1b 05 	lds	r24, 0x051B
}
    5a7a:	cf 91       	pop	r28
    5a7c:	df 91       	pop	r29
    5a7e:	08 95       	ret

00005a80 <vTaskIncrementTick>:
 * SCHEDULER INTERNALS AVAILABLE FOR PORTING PURPOSES
 * documented in task.h
 *----------------------------------------------------------*/

void vTaskIncrementTick( void )
{
    5a80:	df 93       	push	r29
    5a82:	cf 93       	push	r28
    5a84:	00 d0       	rcall	.+0      	; 0x5a86 <vTaskIncrementTick+0x6>
    5a86:	00 d0       	rcall	.+0      	; 0x5a88 <vTaskIncrementTick+0x8>
    5a88:	00 d0       	rcall	.+0      	; 0x5a8a <vTaskIncrementTick+0xa>
    5a8a:	cd b7       	in	r28, 0x3d	; 61
    5a8c:	de b7       	in	r29, 0x3e	; 62
tskTCB * pxTCB;

	/* Called by the portable layer each time a tick interrupt occurs.
	Increments the tick then checks to see if the new tick value will cause any
	tasks to be unblocked. */
	if( uxSchedulerSuspended == ( unsigned portBASE_TYPE ) pdFALSE )
    5a8e:	80 91 21 05 	lds	r24, 0x0521
    5a92:	88 23       	and	r24, r24
    5a94:	09 f0       	breq	.+2      	; 0x5a98 <vTaskIncrementTick+0x18>
    5a96:	bb c0       	rjmp	.+374    	; 0x5c0e <vTaskIncrementTick+0x18e>
	{
		++xTickCount;
    5a98:	80 91 1c 05 	lds	r24, 0x051C
    5a9c:	90 91 1d 05 	lds	r25, 0x051D
    5aa0:	01 96       	adiw	r24, 0x01	; 1
    5aa2:	90 93 1d 05 	sts	0x051D, r25
    5aa6:	80 93 1c 05 	sts	0x051C, r24
		if( xTickCount == ( portTickType ) 0U )
    5aaa:	80 91 1c 05 	lds	r24, 0x051C
    5aae:	90 91 1d 05 	lds	r25, 0x051D
    5ab2:	00 97       	sbiw	r24, 0x00	; 0
    5ab4:	d1 f5       	brne	.+116    	; 0x5b2a <vTaskIncrementTick+0xaa>
			/* Tick count has overflowed so we need to swap the delay lists.
			If there are any items in pxDelayedTaskList here then there is
			an error! */
			configASSERT( ( listLIST_IS_EMPTY( pxDelayedTaskList ) ) );
			
			pxTemp = pxDelayedTaskList;
    5ab6:	80 91 5c 05 	lds	r24, 0x055C
    5aba:	90 91 5d 05 	lds	r25, 0x055D
    5abe:	9c 83       	std	Y+4, r25	; 0x04
    5ac0:	8b 83       	std	Y+3, r24	; 0x03
			pxDelayedTaskList = pxOverflowDelayedTaskList;
    5ac2:	80 91 5e 05 	lds	r24, 0x055E
    5ac6:	90 91 5f 05 	lds	r25, 0x055F
    5aca:	90 93 5d 05 	sts	0x055D, r25
    5ace:	80 93 5c 05 	sts	0x055C, r24
			pxOverflowDelayedTaskList = pxTemp;
    5ad2:	8b 81       	ldd	r24, Y+3	; 0x03
    5ad4:	9c 81       	ldd	r25, Y+4	; 0x04
    5ad6:	90 93 5f 05 	sts	0x055F, r25
    5ada:	80 93 5e 05 	sts	0x055E, r24
			xNumOfOverflows++;
    5ade:	80 91 24 05 	lds	r24, 0x0524
    5ae2:	8f 5f       	subi	r24, 0xFF	; 255
    5ae4:	80 93 24 05 	sts	0x0524, r24
	
			if( listLIST_IS_EMPTY( pxDelayedTaskList ) != pdFALSE )
    5ae8:	e0 91 5c 05 	lds	r30, 0x055C
    5aec:	f0 91 5d 05 	lds	r31, 0x055D
    5af0:	80 81       	ld	r24, Z
    5af2:	88 23       	and	r24, r24
    5af4:	39 f4       	brne	.+14     	; 0x5b04 <vTaskIncrementTick+0x84>
				/* The new current delayed list is empty.  Set
				xNextTaskUnblockTime to the maximum possible value so it is
				extremely unlikely that the	
				if( xTickCount >= xNextTaskUnblockTime ) test will pass until
				there is an item in the delayed list. */
				xNextTaskUnblockTime = portMAX_DELAY;
    5af6:	8f ef       	ldi	r24, 0xFF	; 255
    5af8:	9f ef       	ldi	r25, 0xFF	; 255
    5afa:	90 93 8e 00 	sts	0x008E, r25
    5afe:	80 93 8d 00 	sts	0x008D, r24
    5b02:	13 c0       	rjmp	.+38     	; 0x5b2a <vTaskIncrementTick+0xaa>
			{
				/* The new current delayed list is not empty, get the value of
				the item at the head of the delayed list.  This is the time at
				which the task at the head of the delayed list should be removed
				from the Blocked state. */
				pxTCB = ( tskTCB * ) listGET_OWNER_OF_HEAD_ENTRY( pxDelayedTaskList );
    5b04:	e0 91 5c 05 	lds	r30, 0x055C
    5b08:	f0 91 5d 05 	lds	r31, 0x055D
    5b0c:	05 80       	ldd	r0, Z+5	; 0x05
    5b0e:	f6 81       	ldd	r31, Z+6	; 0x06
    5b10:	e0 2d       	mov	r30, r0
    5b12:	86 81       	ldd	r24, Z+6	; 0x06
    5b14:	97 81       	ldd	r25, Z+7	; 0x07
    5b16:	9e 83       	std	Y+6, r25	; 0x06
    5b18:	8d 83       	std	Y+5, r24	; 0x05
				xNextTaskUnblockTime = listGET_LIST_ITEM_VALUE( &( pxTCB->xGenericListItem ) );
    5b1a:	ed 81       	ldd	r30, Y+5	; 0x05
    5b1c:	fe 81       	ldd	r31, Y+6	; 0x06
    5b1e:	82 81       	ldd	r24, Z+2	; 0x02
    5b20:	93 81       	ldd	r25, Z+3	; 0x03
    5b22:	90 93 8e 00 	sts	0x008E, r25
    5b26:	80 93 8d 00 	sts	0x008D, r24
			}
		}

		/* See if this tick has made a timeout expire. */
		prvCheckDelayedTasks();
    5b2a:	20 91 1c 05 	lds	r18, 0x051C
    5b2e:	30 91 1d 05 	lds	r19, 0x051D
    5b32:	80 91 8d 00 	lds	r24, 0x008D
    5b36:	90 91 8e 00 	lds	r25, 0x008E
    5b3a:	28 17       	cp	r18, r24
    5b3c:	39 07       	cpc	r19, r25
    5b3e:	08 f4       	brcc	.+2      	; 0x5b42 <vTaskIncrementTick+0xc2>
    5b40:	6b c0       	rjmp	.+214    	; 0x5c18 <vTaskIncrementTick+0x198>
    5b42:	e0 91 5c 05 	lds	r30, 0x055C
    5b46:	f0 91 5d 05 	lds	r31, 0x055D
    5b4a:	80 81       	ld	r24, Z
    5b4c:	88 23       	and	r24, r24
    5b4e:	39 f4       	brne	.+14     	; 0x5b5e <vTaskIncrementTick+0xde>
    5b50:	8f ef       	ldi	r24, 0xFF	; 255
    5b52:	9f ef       	ldi	r25, 0xFF	; 255
    5b54:	90 93 8e 00 	sts	0x008E, r25
    5b58:	80 93 8d 00 	sts	0x008D, r24
    5b5c:	5d c0       	rjmp	.+186    	; 0x5c18 <vTaskIncrementTick+0x198>
    5b5e:	e0 91 5c 05 	lds	r30, 0x055C
    5b62:	f0 91 5d 05 	lds	r31, 0x055D
    5b66:	05 80       	ldd	r0, Z+5	; 0x05
    5b68:	f6 81       	ldd	r31, Z+6	; 0x06
    5b6a:	e0 2d       	mov	r30, r0
    5b6c:	86 81       	ldd	r24, Z+6	; 0x06
    5b6e:	97 81       	ldd	r25, Z+7	; 0x07
    5b70:	9e 83       	std	Y+6, r25	; 0x06
    5b72:	8d 83       	std	Y+5, r24	; 0x05
    5b74:	ed 81       	ldd	r30, Y+5	; 0x05
    5b76:	fe 81       	ldd	r31, Y+6	; 0x06
    5b78:	82 81       	ldd	r24, Z+2	; 0x02
    5b7a:	93 81       	ldd	r25, Z+3	; 0x03
    5b7c:	9a 83       	std	Y+2, r25	; 0x02
    5b7e:	89 83       	std	Y+1, r24	; 0x01
    5b80:	20 91 1c 05 	lds	r18, 0x051C
    5b84:	30 91 1d 05 	lds	r19, 0x051D
    5b88:	89 81       	ldd	r24, Y+1	; 0x01
    5b8a:	9a 81       	ldd	r25, Y+2	; 0x02
    5b8c:	28 17       	cp	r18, r24
    5b8e:	39 07       	cpc	r19, r25
    5b90:	38 f4       	brcc	.+14     	; 0x5ba0 <vTaskIncrementTick+0x120>
    5b92:	89 81       	ldd	r24, Y+1	; 0x01
    5b94:	9a 81       	ldd	r25, Y+2	; 0x02
    5b96:	90 93 8e 00 	sts	0x008E, r25
    5b9a:	80 93 8d 00 	sts	0x008D, r24
    5b9e:	3c c0       	rjmp	.+120    	; 0x5c18 <vTaskIncrementTick+0x198>
    5ba0:	8d 81       	ldd	r24, Y+5	; 0x05
    5ba2:	9e 81       	ldd	r25, Y+6	; 0x06
    5ba4:	02 96       	adiw	r24, 0x02	; 2
    5ba6:	0e 94 1f 21 	call	0x423e	; 0x423e <vListRemove>
    5baa:	ed 81       	ldd	r30, Y+5	; 0x05
    5bac:	fe 81       	ldd	r31, Y+6	; 0x06
    5bae:	84 89       	ldd	r24, Z+20	; 0x14
    5bb0:	95 89       	ldd	r25, Z+21	; 0x15
    5bb2:	00 97       	sbiw	r24, 0x00	; 0
    5bb4:	29 f0       	breq	.+10     	; 0x5bc0 <vTaskIncrementTick+0x140>
    5bb6:	8d 81       	ldd	r24, Y+5	; 0x05
    5bb8:	9e 81       	ldd	r25, Y+6	; 0x06
    5bba:	0c 96       	adiw	r24, 0x0c	; 12
    5bbc:	0e 94 1f 21 	call	0x423e	; 0x423e <vListRemove>
    5bc0:	ed 81       	ldd	r30, Y+5	; 0x05
    5bc2:	fe 81       	ldd	r31, Y+6	; 0x06
    5bc4:	96 89       	ldd	r25, Z+22	; 0x16
    5bc6:	80 91 1f 05 	lds	r24, 0x051F
    5bca:	89 17       	cp	r24, r25
    5bcc:	28 f4       	brcc	.+10     	; 0x5bd8 <vTaskIncrementTick+0x158>
    5bce:	ed 81       	ldd	r30, Y+5	; 0x05
    5bd0:	fe 81       	ldd	r31, Y+6	; 0x06
    5bd2:	86 89       	ldd	r24, Z+22	; 0x16
    5bd4:	80 93 1f 05 	sts	0x051F, r24
    5bd8:	ed 81       	ldd	r30, Y+5	; 0x05
    5bda:	fe 81       	ldd	r31, Y+6	; 0x06
    5bdc:	86 89       	ldd	r24, Z+22	; 0x16
    5bde:	28 2f       	mov	r18, r24
    5be0:	30 e0       	ldi	r19, 0x00	; 0
    5be2:	c9 01       	movw	r24, r18
    5be4:	88 0f       	add	r24, r24
    5be6:	99 1f       	adc	r25, r25
    5be8:	88 0f       	add	r24, r24
    5bea:	99 1f       	adc	r25, r25
    5bec:	88 0f       	add	r24, r24
    5bee:	99 1f       	adc	r25, r25
    5bf0:	82 0f       	add	r24, r18
    5bf2:	93 1f       	adc	r25, r19
    5bf4:	ac 01       	movw	r20, r24
    5bf6:	4a 5d       	subi	r20, 0xDA	; 218
    5bf8:	5a 4f       	sbci	r21, 0xFA	; 250
    5bfa:	8d 81       	ldd	r24, Y+5	; 0x05
    5bfc:	9e 81       	ldd	r25, Y+6	; 0x06
    5bfe:	9c 01       	movw	r18, r24
    5c00:	2e 5f       	subi	r18, 0xFE	; 254
    5c02:	3f 4f       	sbci	r19, 0xFF	; 255
    5c04:	ca 01       	movw	r24, r20
    5c06:	b9 01       	movw	r22, r18
    5c08:	0e 94 67 20 	call	0x40ce	; 0x40ce <vListInsertEnd>
    5c0c:	9a cf       	rjmp	.-204    	; 0x5b42 <vTaskIncrementTick+0xc2>
	}
	else
	{
		++uxMissedTicks;
    5c0e:	80 91 22 05 	lds	r24, 0x0522
    5c12:	8f 5f       	subi	r24, 0xFF	; 255
    5c14:	80 93 22 05 	sts	0x0522, r24
		}
	}
	#endif

	traceTASK_INCREMENT_TICK( xTickCount );
}
    5c18:	26 96       	adiw	r28, 0x06	; 6
    5c1a:	0f b6       	in	r0, 0x3f	; 63
    5c1c:	f8 94       	cli
    5c1e:	de bf       	out	0x3e, r29	; 62
    5c20:	0f be       	out	0x3f, r0	; 63
    5c22:	cd bf       	out	0x3d, r28	; 61
    5c24:	cf 91       	pop	r28
    5c26:	df 91       	pop	r29
    5c28:	08 95       	ret

00005c2a <vTaskSwitchContext>:

#endif
/*-----------------------------------------------------------*/

void vTaskSwitchContext( void )
{
    5c2a:	df 93       	push	r29
    5c2c:	cf 93       	push	r28
    5c2e:	00 d0       	rcall	.+0      	; 0x5c30 <vTaskSwitchContext+0x6>
    5c30:	cd b7       	in	r28, 0x3d	; 61
    5c32:	de b7       	in	r29, 0x3e	; 62
	if( uxSchedulerSuspended != ( unsigned portBASE_TYPE ) pdFALSE )
    5c34:	80 91 21 05 	lds	r24, 0x0521
    5c38:	88 23       	and	r24, r24
    5c3a:	49 f0       	breq	.+18     	; 0x5c4e <vTaskSwitchContext+0x24>
	{
		/* The scheduler is currently suspended - do not allow a context
		switch. */
		xMissedYield = pdTRUE;
    5c3c:	81 e0       	ldi	r24, 0x01	; 1
    5c3e:	80 93 23 05 	sts	0x0523, r24
    5c42:	54 c0       	rjmp	.+168    	; 0x5cec <vTaskSwitchContext+0xc2>
	
		/* Find the highest priority queue that contains ready tasks. */
		while( listLIST_IS_EMPTY( &( pxReadyTasksLists[ uxTopReadyPriority ] ) ) )
		{
			configASSERT( uxTopReadyPriority );
			--uxTopReadyPriority;
    5c44:	80 91 1f 05 	lds	r24, 0x051F
    5c48:	81 50       	subi	r24, 0x01	; 1
    5c4a:	80 93 1f 05 	sts	0x051F, r24
	
		taskFIRST_CHECK_FOR_STACK_OVERFLOW();
		taskSECOND_CHECK_FOR_STACK_OVERFLOW();
	
		/* Find the highest priority queue that contains ready tasks. */
		while( listLIST_IS_EMPTY( &( pxReadyTasksLists[ uxTopReadyPriority ] ) ) )
    5c4e:	80 91 1f 05 	lds	r24, 0x051F
    5c52:	28 2f       	mov	r18, r24
    5c54:	30 e0       	ldi	r19, 0x00	; 0
    5c56:	c9 01       	movw	r24, r18
    5c58:	88 0f       	add	r24, r24
    5c5a:	99 1f       	adc	r25, r25
    5c5c:	88 0f       	add	r24, r24
    5c5e:	99 1f       	adc	r25, r25
    5c60:	88 0f       	add	r24, r24
    5c62:	99 1f       	adc	r25, r25
    5c64:	82 0f       	add	r24, r18
    5c66:	93 1f       	adc	r25, r19
    5c68:	fc 01       	movw	r30, r24
    5c6a:	ea 5d       	subi	r30, 0xDA	; 218
    5c6c:	fa 4f       	sbci	r31, 0xFA	; 250
    5c6e:	80 81       	ld	r24, Z
    5c70:	88 23       	and	r24, r24
    5c72:	41 f3       	breq	.-48     	; 0x5c44 <vTaskSwitchContext+0x1a>
			--uxTopReadyPriority;
		}
	
		/* listGET_OWNER_OF_NEXT_ENTRY walks through the list, so the tasks of the
		same priority get an equal share of the processor time. */
		listGET_OWNER_OF_NEXT_ENTRY( pxCurrentTCB, &( pxReadyTasksLists[ uxTopReadyPriority ] ) );
    5c74:	80 91 1f 05 	lds	r24, 0x051F
    5c78:	28 2f       	mov	r18, r24
    5c7a:	30 e0       	ldi	r19, 0x00	; 0
    5c7c:	c9 01       	movw	r24, r18
    5c7e:	88 0f       	add	r24, r24
    5c80:	99 1f       	adc	r25, r25
    5c82:	88 0f       	add	r24, r24
    5c84:	99 1f       	adc	r25, r25
    5c86:	88 0f       	add	r24, r24
    5c88:	99 1f       	adc	r25, r25
    5c8a:	82 0f       	add	r24, r18
    5c8c:	93 1f       	adc	r25, r19
    5c8e:	8a 5d       	subi	r24, 0xDA	; 218
    5c90:	9a 4f       	sbci	r25, 0xFA	; 250
    5c92:	9a 83       	std	Y+2, r25	; 0x02
    5c94:	89 83       	std	Y+1, r24	; 0x01
    5c96:	e9 81       	ldd	r30, Y+1	; 0x01
    5c98:	fa 81       	ldd	r31, Y+2	; 0x02
    5c9a:	01 80       	ldd	r0, Z+1	; 0x01
    5c9c:	f2 81       	ldd	r31, Z+2	; 0x02
    5c9e:	e0 2d       	mov	r30, r0
    5ca0:	82 81       	ldd	r24, Z+2	; 0x02
    5ca2:	93 81       	ldd	r25, Z+3	; 0x03
    5ca4:	e9 81       	ldd	r30, Y+1	; 0x01
    5ca6:	fa 81       	ldd	r31, Y+2	; 0x02
    5ca8:	92 83       	std	Z+2, r25	; 0x02
    5caa:	81 83       	std	Z+1, r24	; 0x01
    5cac:	e9 81       	ldd	r30, Y+1	; 0x01
    5cae:	fa 81       	ldd	r31, Y+2	; 0x02
    5cb0:	21 81       	ldd	r18, Z+1	; 0x01
    5cb2:	32 81       	ldd	r19, Z+2	; 0x02
    5cb4:	89 81       	ldd	r24, Y+1	; 0x01
    5cb6:	9a 81       	ldd	r25, Y+2	; 0x02
    5cb8:	03 96       	adiw	r24, 0x03	; 3
    5cba:	28 17       	cp	r18, r24
    5cbc:	39 07       	cpc	r19, r25
    5cbe:	59 f4       	brne	.+22     	; 0x5cd6 <vTaskSwitchContext+0xac>
    5cc0:	e9 81       	ldd	r30, Y+1	; 0x01
    5cc2:	fa 81       	ldd	r31, Y+2	; 0x02
    5cc4:	01 80       	ldd	r0, Z+1	; 0x01
    5cc6:	f2 81       	ldd	r31, Z+2	; 0x02
    5cc8:	e0 2d       	mov	r30, r0
    5cca:	82 81       	ldd	r24, Z+2	; 0x02
    5ccc:	93 81       	ldd	r25, Z+3	; 0x03
    5cce:	e9 81       	ldd	r30, Y+1	; 0x01
    5cd0:	fa 81       	ldd	r31, Y+2	; 0x02
    5cd2:	92 83       	std	Z+2, r25	; 0x02
    5cd4:	81 83       	std	Z+1, r24	; 0x01
    5cd6:	e9 81       	ldd	r30, Y+1	; 0x01
    5cd8:	fa 81       	ldd	r31, Y+2	; 0x02
    5cda:	01 80       	ldd	r0, Z+1	; 0x01
    5cdc:	f2 81       	ldd	r31, Z+2	; 0x02
    5cde:	e0 2d       	mov	r30, r0
    5ce0:	86 81       	ldd	r24, Z+6	; 0x06
    5ce2:	97 81       	ldd	r25, Z+7	; 0x07
    5ce4:	90 93 19 05 	sts	0x0519, r25
    5ce8:	80 93 18 05 	sts	0x0518, r24
	
		traceTASK_SWITCHED_IN();
		vWriteTraceToBuffer();
	}
}
    5cec:	0f 90       	pop	r0
    5cee:	0f 90       	pop	r0
    5cf0:	cf 91       	pop	r28
    5cf2:	df 91       	pop	r29
    5cf4:	08 95       	ret

00005cf6 <vTaskPlaceOnEventList>:
/*-----------------------------------------------------------*/

void vTaskPlaceOnEventList( const xList * const pxEventList, portTickType xTicksToWait )
{
    5cf6:	df 93       	push	r29
    5cf8:	cf 93       	push	r28
    5cfa:	00 d0       	rcall	.+0      	; 0x5cfc <vTaskPlaceOnEventList+0x6>
    5cfc:	00 d0       	rcall	.+0      	; 0x5cfe <vTaskPlaceOnEventList+0x8>
    5cfe:	00 d0       	rcall	.+0      	; 0x5d00 <vTaskPlaceOnEventList+0xa>
    5d00:	cd b7       	in	r28, 0x3d	; 61
    5d02:	de b7       	in	r29, 0x3e	; 62
    5d04:	9c 83       	std	Y+4, r25	; 0x04
    5d06:	8b 83       	std	Y+3, r24	; 0x03
    5d08:	7e 83       	std	Y+6, r23	; 0x06
    5d0a:	6d 83       	std	Y+5, r22	; 0x05
	SCHEDULER SUSPENDED. */

	/* Place the event list item of the TCB in the appropriate event list.
	This is placed in the list in priority order so the highest priority task
	is the first to be woken by the event. */
	vListInsert( ( xList * ) pxEventList, ( xListItem * ) &( pxCurrentTCB->xEventListItem ) );
    5d0c:	4b 81       	ldd	r20, Y+3	; 0x03
    5d0e:	5c 81       	ldd	r21, Y+4	; 0x04
    5d10:	80 91 18 05 	lds	r24, 0x0518
    5d14:	90 91 19 05 	lds	r25, 0x0519
    5d18:	9c 01       	movw	r18, r24
    5d1a:	24 5f       	subi	r18, 0xF4	; 244
    5d1c:	3f 4f       	sbci	r19, 0xFF	; 255
    5d1e:	ca 01       	movw	r24, r20
    5d20:	b9 01       	movw	r22, r18
    5d22:	0e 94 b3 20 	call	0x4166	; 0x4166 <vListInsert>

	/* We must remove ourselves from the ready list before adding ourselves
	to the blocked list as the same list item is used for both lists.  We have
	exclusive access to the ready lists as the scheduler is locked. */
	vListRemove( ( xListItem * ) &( pxCurrentTCB->xGenericListItem ) );
    5d26:	80 91 18 05 	lds	r24, 0x0518
    5d2a:	90 91 19 05 	lds	r25, 0x0519
    5d2e:	02 96       	adiw	r24, 0x02	; 2
    5d30:	0e 94 1f 21 	call	0x423e	; 0x423e <vListRemove>


	#if ( INCLUDE_vTaskSuspend == 1 )
	{
		if( xTicksToWait == portMAX_DELAY )
    5d34:	8d 81       	ldd	r24, Y+5	; 0x05
    5d36:	9e 81       	ldd	r25, Y+6	; 0x06
    5d38:	2f ef       	ldi	r18, 0xFF	; 255
    5d3a:	8f 3f       	cpi	r24, 0xFF	; 255
    5d3c:	92 07       	cpc	r25, r18
    5d3e:	69 f4       	brne	.+26     	; 0x5d5a <vTaskPlaceOnEventList+0x64>
		{
			/* Add ourselves to the suspended task list instead of a delayed task
			list to ensure we are not woken by a timing event.  We will block
			indefinitely. */
			vListInsertEnd( ( xList * ) &xSuspendedTaskList, ( xListItem * ) &( pxCurrentTCB->xGenericListItem ) );
    5d40:	80 91 18 05 	lds	r24, 0x0518
    5d44:	90 91 19 05 	lds	r25, 0x0519
    5d48:	9c 01       	movw	r18, r24
    5d4a:	2e 5f       	subi	r18, 0xFE	; 254
    5d4c:	3f 4f       	sbci	r19, 0xFF	; 255
    5d4e:	82 e7       	ldi	r24, 0x72	; 114
    5d50:	95 e0       	ldi	r25, 0x05	; 5
    5d52:	b9 01       	movw	r22, r18
    5d54:	0e 94 67 20 	call	0x40ce	; 0x40ce <vListInsertEnd>
    5d58:	0e c0       	rjmp	.+28     	; 0x5d76 <vTaskPlaceOnEventList+0x80>
		}
		else
		{
			/* Calculate the time at which the task should be woken if the event does
			not occur.  This may overflow but this doesn't matter. */
			xTimeToWake = xTickCount + xTicksToWait;
    5d5a:	20 91 1c 05 	lds	r18, 0x051C
    5d5e:	30 91 1d 05 	lds	r19, 0x051D
    5d62:	8d 81       	ldd	r24, Y+5	; 0x05
    5d64:	9e 81       	ldd	r25, Y+6	; 0x06
    5d66:	82 0f       	add	r24, r18
    5d68:	93 1f       	adc	r25, r19
    5d6a:	9a 83       	std	Y+2, r25	; 0x02
    5d6c:	89 83       	std	Y+1, r24	; 0x01
			prvAddCurrentTaskToDelayedList( xTimeToWake );
    5d6e:	89 81       	ldd	r24, Y+1	; 0x01
    5d70:	9a 81       	ldd	r25, Y+2	; 0x02
    5d72:	0e 94 96 30 	call	0x612c	; 0x612c <prvAddCurrentTaskToDelayedList>
			not occur.  This may overflow but this doesn't matter. */
			xTimeToWake = xTickCount + xTicksToWait;
			prvAddCurrentTaskToDelayedList( xTimeToWake );
	}
	#endif
}
    5d76:	26 96       	adiw	r28, 0x06	; 6
    5d78:	0f b6       	in	r0, 0x3f	; 63
    5d7a:	f8 94       	cli
    5d7c:	de bf       	out	0x3e, r29	; 62
    5d7e:	0f be       	out	0x3f, r0	; 63
    5d80:	cd bf       	out	0x3d, r28	; 61
    5d82:	cf 91       	pop	r28
    5d84:	df 91       	pop	r29
    5d86:	08 95       	ret

00005d88 <xTaskRemoveFromEventList>:
	
#endif /* configUSE_TIMERS */
/*-----------------------------------------------------------*/

signed portBASE_TYPE xTaskRemoveFromEventList( const xList * const pxEventList )
{
    5d88:	df 93       	push	r29
    5d8a:	cf 93       	push	r28
    5d8c:	00 d0       	rcall	.+0      	; 0x5d8e <xTaskRemoveFromEventList+0x6>
    5d8e:	00 d0       	rcall	.+0      	; 0x5d90 <xTaskRemoveFromEventList+0x8>
    5d90:	0f 92       	push	r0
    5d92:	cd b7       	in	r28, 0x3d	; 61
    5d94:	de b7       	in	r29, 0x3e	; 62
    5d96:	9d 83       	std	Y+5, r25	; 0x05
    5d98:	8c 83       	std	Y+4, r24	; 0x04
	get called - the lock count on the queue will get modified instead.  This
	means we can always expect exclusive access to the event list here.
	
	This function assumes that a check has already been made to ensure that
	pxEventList is not empty. */
	pxUnblockedTCB = ( tskTCB * ) listGET_OWNER_OF_HEAD_ENTRY( pxEventList );
    5d9a:	ec 81       	ldd	r30, Y+4	; 0x04
    5d9c:	fd 81       	ldd	r31, Y+5	; 0x05
    5d9e:	05 80       	ldd	r0, Z+5	; 0x05
    5da0:	f6 81       	ldd	r31, Z+6	; 0x06
    5da2:	e0 2d       	mov	r30, r0
    5da4:	86 81       	ldd	r24, Z+6	; 0x06
    5da6:	97 81       	ldd	r25, Z+7	; 0x07
    5da8:	9b 83       	std	Y+3, r25	; 0x03
    5daa:	8a 83       	std	Y+2, r24	; 0x02
	configASSERT( pxUnblockedTCB );
	vListRemove( &( pxUnblockedTCB->xEventListItem ) );
    5dac:	8a 81       	ldd	r24, Y+2	; 0x02
    5dae:	9b 81       	ldd	r25, Y+3	; 0x03
    5db0:	0c 96       	adiw	r24, 0x0c	; 12
    5db2:	0e 94 1f 21 	call	0x423e	; 0x423e <vListRemove>

	if( uxSchedulerSuspended == ( unsigned portBASE_TYPE ) pdFALSE )
    5db6:	80 91 21 05 	lds	r24, 0x0521
    5dba:	88 23       	and	r24, r24
    5dbc:	61 f5       	brne	.+88     	; 0x5e16 <xTaskRemoveFromEventList+0x8e>
	{
		vListRemove( &( pxUnblockedTCB->xGenericListItem ) );
    5dbe:	8a 81       	ldd	r24, Y+2	; 0x02
    5dc0:	9b 81       	ldd	r25, Y+3	; 0x03
    5dc2:	02 96       	adiw	r24, 0x02	; 2
    5dc4:	0e 94 1f 21 	call	0x423e	; 0x423e <vListRemove>
		prvAddTaskToReadyQueue( pxUnblockedTCB );
    5dc8:	ea 81       	ldd	r30, Y+2	; 0x02
    5dca:	fb 81       	ldd	r31, Y+3	; 0x03
    5dcc:	96 89       	ldd	r25, Z+22	; 0x16
    5dce:	80 91 1f 05 	lds	r24, 0x051F
    5dd2:	89 17       	cp	r24, r25
    5dd4:	28 f4       	brcc	.+10     	; 0x5de0 <xTaskRemoveFromEventList+0x58>
    5dd6:	ea 81       	ldd	r30, Y+2	; 0x02
    5dd8:	fb 81       	ldd	r31, Y+3	; 0x03
    5dda:	86 89       	ldd	r24, Z+22	; 0x16
    5ddc:	80 93 1f 05 	sts	0x051F, r24
    5de0:	ea 81       	ldd	r30, Y+2	; 0x02
    5de2:	fb 81       	ldd	r31, Y+3	; 0x03
    5de4:	86 89       	ldd	r24, Z+22	; 0x16
    5de6:	28 2f       	mov	r18, r24
    5de8:	30 e0       	ldi	r19, 0x00	; 0
    5dea:	c9 01       	movw	r24, r18
    5dec:	88 0f       	add	r24, r24
    5dee:	99 1f       	adc	r25, r25
    5df0:	88 0f       	add	r24, r24
    5df2:	99 1f       	adc	r25, r25
    5df4:	88 0f       	add	r24, r24
    5df6:	99 1f       	adc	r25, r25
    5df8:	82 0f       	add	r24, r18
    5dfa:	93 1f       	adc	r25, r19
    5dfc:	ac 01       	movw	r20, r24
    5dfe:	4a 5d       	subi	r20, 0xDA	; 218
    5e00:	5a 4f       	sbci	r21, 0xFA	; 250
    5e02:	8a 81       	ldd	r24, Y+2	; 0x02
    5e04:	9b 81       	ldd	r25, Y+3	; 0x03
    5e06:	9c 01       	movw	r18, r24
    5e08:	2e 5f       	subi	r18, 0xFE	; 254
    5e0a:	3f 4f       	sbci	r19, 0xFF	; 255
    5e0c:	ca 01       	movw	r24, r20
    5e0e:	b9 01       	movw	r22, r18
    5e10:	0e 94 67 20 	call	0x40ce	; 0x40ce <vListInsertEnd>
    5e14:	0a c0       	rjmp	.+20     	; 0x5e2a <xTaskRemoveFromEventList+0xa2>
	}
	else
	{
		/* We cannot access the delayed or ready lists, so will hold this
		task pending until the scheduler is resumed. */
		vListInsertEnd( ( xList * ) &( xPendingReadyList ), &( pxUnblockedTCB->xEventListItem ) );
    5e16:	8a 81       	ldd	r24, Y+2	; 0x02
    5e18:	9b 81       	ldd	r25, Y+3	; 0x03
    5e1a:	9c 01       	movw	r18, r24
    5e1c:	24 5f       	subi	r18, 0xF4	; 244
    5e1e:	3f 4f       	sbci	r19, 0xFF	; 255
    5e20:	80 e6       	ldi	r24, 0x60	; 96
    5e22:	95 e0       	ldi	r25, 0x05	; 5
    5e24:	b9 01       	movw	r22, r18
    5e26:	0e 94 67 20 	call	0x40ce	; 0x40ce <vListInsertEnd>
	}

	if( pxUnblockedTCB->uxPriority >= pxCurrentTCB->uxPriority )
    5e2a:	ea 81       	ldd	r30, Y+2	; 0x02
    5e2c:	fb 81       	ldd	r31, Y+3	; 0x03
    5e2e:	96 89       	ldd	r25, Z+22	; 0x16
    5e30:	e0 91 18 05 	lds	r30, 0x0518
    5e34:	f0 91 19 05 	lds	r31, 0x0519
    5e38:	86 89       	ldd	r24, Z+22	; 0x16
    5e3a:	98 17       	cp	r25, r24
    5e3c:	18 f0       	brcs	.+6      	; 0x5e44 <xTaskRemoveFromEventList+0xbc>
	{
		/* Return true if the task removed from the event list has
		a higher priority than the calling task.  This allows
		the calling task to know if it should force a context
		switch now. */
		xReturn = pdTRUE;
    5e3e:	81 e0       	ldi	r24, 0x01	; 1
    5e40:	89 83       	std	Y+1, r24	; 0x01
    5e42:	01 c0       	rjmp	.+2      	; 0x5e46 <xTaskRemoveFromEventList+0xbe>
	}
	else
	{
		xReturn = pdFALSE;
    5e44:	19 82       	std	Y+1, r1	; 0x01
	}

	return xReturn;
    5e46:	89 81       	ldd	r24, Y+1	; 0x01
}
    5e48:	0f 90       	pop	r0
    5e4a:	0f 90       	pop	r0
    5e4c:	0f 90       	pop	r0
    5e4e:	0f 90       	pop	r0
    5e50:	0f 90       	pop	r0
    5e52:	cf 91       	pop	r28
    5e54:	df 91       	pop	r29
    5e56:	08 95       	ret

00005e58 <vTaskSetTimeOutState>:
/*-----------------------------------------------------------*/

void vTaskSetTimeOutState( xTimeOutType * const pxTimeOut )
{
    5e58:	df 93       	push	r29
    5e5a:	cf 93       	push	r28
    5e5c:	00 d0       	rcall	.+0      	; 0x5e5e <vTaskSetTimeOutState+0x6>
    5e5e:	cd b7       	in	r28, 0x3d	; 61
    5e60:	de b7       	in	r29, 0x3e	; 62
    5e62:	9a 83       	std	Y+2, r25	; 0x02
    5e64:	89 83       	std	Y+1, r24	; 0x01
	configASSERT( pxTimeOut );
	pxTimeOut->xOverflowCount = xNumOfOverflows;
    5e66:	80 91 24 05 	lds	r24, 0x0524
    5e6a:	e9 81       	ldd	r30, Y+1	; 0x01
    5e6c:	fa 81       	ldd	r31, Y+2	; 0x02
    5e6e:	80 83       	st	Z, r24
	pxTimeOut->xTimeOnEntering = xTickCount;
    5e70:	80 91 1c 05 	lds	r24, 0x051C
    5e74:	90 91 1d 05 	lds	r25, 0x051D
    5e78:	e9 81       	ldd	r30, Y+1	; 0x01
    5e7a:	fa 81       	ldd	r31, Y+2	; 0x02
    5e7c:	92 83       	std	Z+2, r25	; 0x02
    5e7e:	81 83       	std	Z+1, r24	; 0x01
}
    5e80:	0f 90       	pop	r0
    5e82:	0f 90       	pop	r0
    5e84:	cf 91       	pop	r28
    5e86:	df 91       	pop	r29
    5e88:	08 95       	ret

00005e8a <xTaskCheckForTimeOut>:
/*-----------------------------------------------------------*/

portBASE_TYPE xTaskCheckForTimeOut( xTimeOutType * const pxTimeOut, portTickType * const pxTicksToWait )
{
    5e8a:	df 93       	push	r29
    5e8c:	cf 93       	push	r28
    5e8e:	00 d0       	rcall	.+0      	; 0x5e90 <xTaskCheckForTimeOut+0x6>
    5e90:	00 d0       	rcall	.+0      	; 0x5e92 <xTaskCheckForTimeOut+0x8>
    5e92:	0f 92       	push	r0
    5e94:	cd b7       	in	r28, 0x3d	; 61
    5e96:	de b7       	in	r29, 0x3e	; 62
    5e98:	9b 83       	std	Y+3, r25	; 0x03
    5e9a:	8a 83       	std	Y+2, r24	; 0x02
    5e9c:	7d 83       	std	Y+5, r23	; 0x05
    5e9e:	6c 83       	std	Y+4, r22	; 0x04
portBASE_TYPE xReturn;

	configASSERT( pxTimeOut );
	configASSERT( pxTicksToWait );

	taskENTER_CRITICAL();
    5ea0:	0f b6       	in	r0, 0x3f	; 63
    5ea2:	f8 94       	cli
    5ea4:	0f 92       	push	r0
	{
		#if ( INCLUDE_vTaskSuspend == 1 )
			/* If INCLUDE_vTaskSuspend is set to 1 and the block time specified is
			the maximum block time then the task should block indefinitely, and
			therefore never time out. */
			if( *pxTicksToWait == portMAX_DELAY )
    5ea6:	ec 81       	ldd	r30, Y+4	; 0x04
    5ea8:	fd 81       	ldd	r31, Y+5	; 0x05
    5eaa:	80 81       	ld	r24, Z
    5eac:	91 81       	ldd	r25, Z+1	; 0x01
    5eae:	2f ef       	ldi	r18, 0xFF	; 255
    5eb0:	8f 3f       	cpi	r24, 0xFF	; 255
    5eb2:	92 07       	cpc	r25, r18
    5eb4:	11 f4       	brne	.+4      	; 0x5eba <xTaskCheckForTimeOut+0x30>
			{
				xReturn = pdFALSE;
    5eb6:	19 82       	std	Y+1, r1	; 0x01
    5eb8:	44 c0       	rjmp	.+136    	; 0x5f42 <xTaskCheckForTimeOut+0xb8>
			}
			else /* We are not blocking indefinitely, perform the checks below. */
		#endif

		if( ( xNumOfOverflows != pxTimeOut->xOverflowCount ) && ( ( portTickType ) xTickCount >= ( portTickType ) pxTimeOut->xTimeOnEntering ) )
    5eba:	ea 81       	ldd	r30, Y+2	; 0x02
    5ebc:	fb 81       	ldd	r31, Y+3	; 0x03
    5ebe:	90 81       	ld	r25, Z
    5ec0:	80 91 24 05 	lds	r24, 0x0524
    5ec4:	98 17       	cp	r25, r24
    5ec6:	71 f0       	breq	.+28     	; 0x5ee4 <xTaskCheckForTimeOut+0x5a>
    5ec8:	ea 81       	ldd	r30, Y+2	; 0x02
    5eca:	fb 81       	ldd	r31, Y+3	; 0x03
    5ecc:	21 81       	ldd	r18, Z+1	; 0x01
    5ece:	32 81       	ldd	r19, Z+2	; 0x02
    5ed0:	80 91 1c 05 	lds	r24, 0x051C
    5ed4:	90 91 1d 05 	lds	r25, 0x051D
    5ed8:	82 17       	cp	r24, r18
    5eda:	93 07       	cpc	r25, r19
    5edc:	18 f0       	brcs	.+6      	; 0x5ee4 <xTaskCheckForTimeOut+0x5a>
		{
			/* The tick count is greater than the time at which vTaskSetTimeout()
			was called, but has also overflowed since vTaskSetTimeOut() was called.
			It must have wrapped all the way around and gone past us again. This
			passed since vTaskSetTimeout() was called. */
			xReturn = pdTRUE;
    5ede:	81 e0       	ldi	r24, 0x01	; 1
    5ee0:	89 83       	std	Y+1, r24	; 0x01
    5ee2:	2f c0       	rjmp	.+94     	; 0x5f42 <xTaskCheckForTimeOut+0xb8>
		}
		else if( ( ( portTickType ) ( ( portTickType ) xTickCount - ( portTickType ) pxTimeOut->xTimeOnEntering ) ) < ( portTickType ) *pxTicksToWait )
    5ee4:	20 91 1c 05 	lds	r18, 0x051C
    5ee8:	30 91 1d 05 	lds	r19, 0x051D
    5eec:	ea 81       	ldd	r30, Y+2	; 0x02
    5eee:	fb 81       	ldd	r31, Y+3	; 0x03
    5ef0:	81 81       	ldd	r24, Z+1	; 0x01
    5ef2:	92 81       	ldd	r25, Z+2	; 0x02
    5ef4:	28 1b       	sub	r18, r24
    5ef6:	39 0b       	sbc	r19, r25
    5ef8:	ec 81       	ldd	r30, Y+4	; 0x04
    5efa:	fd 81       	ldd	r31, Y+5	; 0x05
    5efc:	80 81       	ld	r24, Z
    5efe:	91 81       	ldd	r25, Z+1	; 0x01
    5f00:	28 17       	cp	r18, r24
    5f02:	39 07       	cpc	r19, r25
    5f04:	e0 f4       	brcc	.+56     	; 0x5f3e <xTaskCheckForTimeOut+0xb4>
		{
			/* Not a genuine timeout. Adjust parameters for time remaining. */
			*pxTicksToWait -= ( ( portTickType ) xTickCount - ( portTickType ) pxTimeOut->xTimeOnEntering );
    5f06:	ec 81       	ldd	r30, Y+4	; 0x04
    5f08:	fd 81       	ldd	r31, Y+5	; 0x05
    5f0a:	40 81       	ld	r20, Z
    5f0c:	51 81       	ldd	r21, Z+1	; 0x01
    5f0e:	ea 81       	ldd	r30, Y+2	; 0x02
    5f10:	fb 81       	ldd	r31, Y+3	; 0x03
    5f12:	21 81       	ldd	r18, Z+1	; 0x01
    5f14:	32 81       	ldd	r19, Z+2	; 0x02
    5f16:	80 91 1c 05 	lds	r24, 0x051C
    5f1a:	90 91 1d 05 	lds	r25, 0x051D
    5f1e:	b9 01       	movw	r22, r18
    5f20:	68 1b       	sub	r22, r24
    5f22:	79 0b       	sbc	r23, r25
    5f24:	cb 01       	movw	r24, r22
    5f26:	84 0f       	add	r24, r20
    5f28:	95 1f       	adc	r25, r21
    5f2a:	ec 81       	ldd	r30, Y+4	; 0x04
    5f2c:	fd 81       	ldd	r31, Y+5	; 0x05
    5f2e:	91 83       	std	Z+1, r25	; 0x01
    5f30:	80 83       	st	Z, r24
			vTaskSetTimeOutState( pxTimeOut );
    5f32:	8a 81       	ldd	r24, Y+2	; 0x02
    5f34:	9b 81       	ldd	r25, Y+3	; 0x03
    5f36:	0e 94 2c 2f 	call	0x5e58	; 0x5e58 <vTaskSetTimeOutState>
			xReturn = pdFALSE;
    5f3a:	19 82       	std	Y+1, r1	; 0x01
    5f3c:	02 c0       	rjmp	.+4      	; 0x5f42 <xTaskCheckForTimeOut+0xb8>
		}
		else
		{
			xReturn = pdTRUE;
    5f3e:	81 e0       	ldi	r24, 0x01	; 1
    5f40:	89 83       	std	Y+1, r24	; 0x01
		}
	}
	taskEXIT_CRITICAL();
    5f42:	0f 90       	pop	r0
    5f44:	0f be       	out	0x3f, r0	; 63

	return xReturn;
    5f46:	89 81       	ldd	r24, Y+1	; 0x01
}
    5f48:	0f 90       	pop	r0
    5f4a:	0f 90       	pop	r0
    5f4c:	0f 90       	pop	r0
    5f4e:	0f 90       	pop	r0
    5f50:	0f 90       	pop	r0
    5f52:	cf 91       	pop	r28
    5f54:	df 91       	pop	r29
    5f56:	08 95       	ret

00005f58 <vTaskMissedYield>:
/*-----------------------------------------------------------*/

void vTaskMissedYield( void )
{
    5f58:	df 93       	push	r29
    5f5a:	cf 93       	push	r28
    5f5c:	cd b7       	in	r28, 0x3d	; 61
    5f5e:	de b7       	in	r29, 0x3e	; 62
	xMissedYield = pdTRUE;
    5f60:	81 e0       	ldi	r24, 0x01	; 1
    5f62:	80 93 23 05 	sts	0x0523, r24
}
    5f66:	cf 91       	pop	r28
    5f68:	df 91       	pop	r29
    5f6a:	08 95       	ret

00005f6c <prvIdleTask>:
 *
 * void prvIdleTask( void *pvParameters );
 *
 */
static portTASK_FUNCTION( prvIdleTask, pvParameters )
{
    5f6c:	df 93       	push	r29
    5f6e:	cf 93       	push	r28
    5f70:	00 d0       	rcall	.+0      	; 0x5f72 <prvIdleTask+0x6>
    5f72:	cd b7       	in	r28, 0x3d	; 61
    5f74:	de b7       	in	r29, 0x3e	; 62
    5f76:	9a 83       	std	Y+2, r25	; 0x02
    5f78:	89 83       	std	Y+1, r24	; 0x01
	( void ) pvParameters;

	for( ;; )
	{
		/* See if any tasks have been deleted. */
		prvCheckTasksWaitingTermination();
    5f7a:	0e 94 58 30 	call	0x60b0	; 0x60b0 <prvCheckTasksWaitingTermination>
    5f7e:	fd cf       	rjmp	.-6      	; 0x5f7a <prvIdleTask+0xe>

00005f80 <prvInitialiseTCBVariables>:
 *----------------------------------------------------------*/



static void prvInitialiseTCBVariables( tskTCB *pxTCB, const signed char * const pcName, unsigned portBASE_TYPE uxPriority, const xMemoryRegion * const xRegions, unsigned short usStackDepth )
{
    5f80:	0f 93       	push	r16
    5f82:	1f 93       	push	r17
    5f84:	df 93       	push	r29
    5f86:	cf 93       	push	r28
    5f88:	cd b7       	in	r28, 0x3d	; 61
    5f8a:	de b7       	in	r29, 0x3e	; 62
    5f8c:	29 97       	sbiw	r28, 0x09	; 9
    5f8e:	0f b6       	in	r0, 0x3f	; 63
    5f90:	f8 94       	cli
    5f92:	de bf       	out	0x3e, r29	; 62
    5f94:	0f be       	out	0x3f, r0	; 63
    5f96:	cd bf       	out	0x3d, r28	; 61
    5f98:	9a 83       	std	Y+2, r25	; 0x02
    5f9a:	89 83       	std	Y+1, r24	; 0x01
    5f9c:	7c 83       	std	Y+4, r23	; 0x04
    5f9e:	6b 83       	std	Y+3, r22	; 0x03
    5fa0:	4d 83       	std	Y+5, r20	; 0x05
    5fa2:	3f 83       	std	Y+7, r19	; 0x07
    5fa4:	2e 83       	std	Y+6, r18	; 0x06
    5fa6:	19 87       	std	Y+9, r17	; 0x09
    5fa8:	08 87       	std	Y+8, r16	; 0x08
	/* Store the function name in the TCB. */
	#if configMAX_TASK_NAME_LEN > 1
	{
		/* Don't bring strncpy into the build unnecessarily. */
		strncpy( ( char * ) pxTCB->pcTaskName, ( const char * ) pcName, ( unsigned short ) configMAX_TASK_NAME_LEN );
    5faa:	89 81       	ldd	r24, Y+1	; 0x01
    5fac:	9a 81       	ldd	r25, Y+2	; 0x02
    5fae:	49 96       	adiw	r24, 0x19	; 25
    5fb0:	2b 81       	ldd	r18, Y+3	; 0x03
    5fb2:	3c 81       	ldd	r19, Y+4	; 0x04
    5fb4:	b9 01       	movw	r22, r18
    5fb6:	48 e0       	ldi	r20, 0x08	; 8
    5fb8:	50 e0       	ldi	r21, 0x00	; 0
    5fba:	0e 94 02 32 	call	0x6404	; 0x6404 <strncpy>
	}
	#endif
	pxTCB->pcTaskName[ ( unsigned short ) configMAX_TASK_NAME_LEN - ( unsigned short ) 1 ] = ( signed char ) '\0';
    5fbe:	e9 81       	ldd	r30, Y+1	; 0x01
    5fc0:	fa 81       	ldd	r31, Y+2	; 0x02
    5fc2:	10 a2       	std	Z+32, r1	; 0x20

	/* This is used as an array index so must ensure it's not too large.  First
	remove the privilege bit if one is present. */
	if( uxPriority >= configMAX_PRIORITIES )
    5fc4:	8d 81       	ldd	r24, Y+5	; 0x05
    5fc6:	84 30       	cpi	r24, 0x04	; 4
    5fc8:	10 f0       	brcs	.+4      	; 0x5fce <prvInitialiseTCBVariables+0x4e>
	{
		uxPriority = configMAX_PRIORITIES - ( unsigned portBASE_TYPE ) 1U;
    5fca:	83 e0       	ldi	r24, 0x03	; 3
    5fcc:	8d 83       	std	Y+5, r24	; 0x05
	}

	pxTCB->uxPriority = uxPriority;
    5fce:	e9 81       	ldd	r30, Y+1	; 0x01
    5fd0:	fa 81       	ldd	r31, Y+2	; 0x02
    5fd2:	8d 81       	ldd	r24, Y+5	; 0x05
    5fd4:	86 8b       	std	Z+22, r24	; 0x16
	{
		pxTCB->uxBasePriority = uxPriority;
	}
	#endif

	vListInitialiseItem( &( pxTCB->xGenericListItem ) );
    5fd6:	89 81       	ldd	r24, Y+1	; 0x01
    5fd8:	9a 81       	ldd	r25, Y+2	; 0x02
    5fda:	02 96       	adiw	r24, 0x02	; 2
    5fdc:	0e 94 57 20 	call	0x40ae	; 0x40ae <vListInitialiseItem>
	vListInitialiseItem( &( pxTCB->xEventListItem ) );
    5fe0:	89 81       	ldd	r24, Y+1	; 0x01
    5fe2:	9a 81       	ldd	r25, Y+2	; 0x02
    5fe4:	0c 96       	adiw	r24, 0x0c	; 12
    5fe6:	0e 94 57 20 	call	0x40ae	; 0x40ae <vListInitialiseItem>

	/* Set the pxTCB as a link back from the xListItem.  This is so we can get
	back to	the containing TCB from a generic item in a list. */
	listSET_LIST_ITEM_OWNER( &( pxTCB->xGenericListItem ), pxTCB );
    5fea:	e9 81       	ldd	r30, Y+1	; 0x01
    5fec:	fa 81       	ldd	r31, Y+2	; 0x02
    5fee:	89 81       	ldd	r24, Y+1	; 0x01
    5ff0:	9a 81       	ldd	r25, Y+2	; 0x02
    5ff2:	91 87       	std	Z+9, r25	; 0x09
    5ff4:	80 87       	std	Z+8, r24	; 0x08

	/* Event lists are always in priority order. */
	listSET_LIST_ITEM_VALUE( &( pxTCB->xEventListItem ), configMAX_PRIORITIES - ( portTickType ) uxPriority );
    5ff6:	8d 81       	ldd	r24, Y+5	; 0x05
    5ff8:	28 2f       	mov	r18, r24
    5ffa:	30 e0       	ldi	r19, 0x00	; 0
    5ffc:	84 e0       	ldi	r24, 0x04	; 4
    5ffe:	90 e0       	ldi	r25, 0x00	; 0
    6000:	82 1b       	sub	r24, r18
    6002:	93 0b       	sbc	r25, r19
    6004:	e9 81       	ldd	r30, Y+1	; 0x01
    6006:	fa 81       	ldd	r31, Y+2	; 0x02
    6008:	95 87       	std	Z+13, r25	; 0x0d
    600a:	84 87       	std	Z+12, r24	; 0x0c
	listSET_LIST_ITEM_OWNER( &( pxTCB->xEventListItem ), pxTCB );
    600c:	e9 81       	ldd	r30, Y+1	; 0x01
    600e:	fa 81       	ldd	r31, Y+2	; 0x02
    6010:	89 81       	ldd	r24, Y+1	; 0x01
    6012:	9a 81       	ldd	r25, Y+2	; 0x02
    6014:	93 8b       	std	Z+19, r25	; 0x13
    6016:	82 8b       	std	Z+18, r24	; 0x12
	{
		( void ) xRegions;
		( void ) usStackDepth;
	}
	#endif
}
    6018:	29 96       	adiw	r28, 0x09	; 9
    601a:	0f b6       	in	r0, 0x3f	; 63
    601c:	f8 94       	cli
    601e:	de bf       	out	0x3e, r29	; 62
    6020:	0f be       	out	0x3f, r0	; 63
    6022:	cd bf       	out	0x3d, r28	; 61
    6024:	cf 91       	pop	r28
    6026:	df 91       	pop	r29
    6028:	1f 91       	pop	r17
    602a:	0f 91       	pop	r16
    602c:	08 95       	ret

0000602e <prvInitialiseTaskLists>:
	}
	/*-----------------------------------------------------------*/
#endif

static void prvInitialiseTaskLists( void )
{
    602e:	df 93       	push	r29
    6030:	cf 93       	push	r28
    6032:	0f 92       	push	r0
    6034:	cd b7       	in	r28, 0x3d	; 61
    6036:	de b7       	in	r29, 0x3e	; 62
unsigned portBASE_TYPE uxPriority;

	for( uxPriority = ( unsigned portBASE_TYPE ) 0U; uxPriority < configMAX_PRIORITIES; uxPriority++ )
    6038:	19 82       	std	Y+1, r1	; 0x01
    603a:	13 c0       	rjmp	.+38     	; 0x6062 <prvInitialiseTaskLists+0x34>
	{
		vListInitialise( ( xList * ) &( pxReadyTasksLists[ uxPriority ] ) );
    603c:	89 81       	ldd	r24, Y+1	; 0x01
    603e:	28 2f       	mov	r18, r24
    6040:	30 e0       	ldi	r19, 0x00	; 0
    6042:	c9 01       	movw	r24, r18
    6044:	88 0f       	add	r24, r24
    6046:	99 1f       	adc	r25, r25
    6048:	88 0f       	add	r24, r24
    604a:	99 1f       	adc	r25, r25
    604c:	88 0f       	add	r24, r24
    604e:	99 1f       	adc	r25, r25
    6050:	82 0f       	add	r24, r18
    6052:	93 1f       	adc	r25, r19
    6054:	8a 5d       	subi	r24, 0xDA	; 218
    6056:	9a 4f       	sbci	r25, 0xFA	; 250
    6058:	0e 94 2d 20 	call	0x405a	; 0x405a <vListInitialise>

static void prvInitialiseTaskLists( void )
{
unsigned portBASE_TYPE uxPriority;

	for( uxPriority = ( unsigned portBASE_TYPE ) 0U; uxPriority < configMAX_PRIORITIES; uxPriority++ )
    605c:	89 81       	ldd	r24, Y+1	; 0x01
    605e:	8f 5f       	subi	r24, 0xFF	; 255
    6060:	89 83       	std	Y+1, r24	; 0x01
    6062:	89 81       	ldd	r24, Y+1	; 0x01
    6064:	84 30       	cpi	r24, 0x04	; 4
    6066:	50 f3       	brcs	.-44     	; 0x603c <prvInitialiseTaskLists+0xe>
	{
		vListInitialise( ( xList * ) &( pxReadyTasksLists[ uxPriority ] ) );
	}

	vListInitialise( ( xList * ) &xDelayedTaskList1 );
    6068:	8a e4       	ldi	r24, 0x4A	; 74
    606a:	95 e0       	ldi	r25, 0x05	; 5
    606c:	0e 94 2d 20 	call	0x405a	; 0x405a <vListInitialise>
	vListInitialise( ( xList * ) &xDelayedTaskList2 );
    6070:	83 e5       	ldi	r24, 0x53	; 83
    6072:	95 e0       	ldi	r25, 0x05	; 5
    6074:	0e 94 2d 20 	call	0x405a	; 0x405a <vListInitialise>
	vListInitialise( ( xList * ) &xPendingReadyList );
    6078:	80 e6       	ldi	r24, 0x60	; 96
    607a:	95 e0       	ldi	r25, 0x05	; 5
    607c:	0e 94 2d 20 	call	0x405a	; 0x405a <vListInitialise>

	#if ( INCLUDE_vTaskDelete == 1 )
	{
		vListInitialise( ( xList * ) &xTasksWaitingTermination );
    6080:	89 e6       	ldi	r24, 0x69	; 105
    6082:	95 e0       	ldi	r25, 0x05	; 5
    6084:	0e 94 2d 20 	call	0x405a	; 0x405a <vListInitialise>
	}
	#endif

	#if ( INCLUDE_vTaskSuspend == 1 )
	{
		vListInitialise( ( xList * ) &xSuspendedTaskList );
    6088:	82 e7       	ldi	r24, 0x72	; 114
    608a:	95 e0       	ldi	r25, 0x05	; 5
    608c:	0e 94 2d 20 	call	0x405a	; 0x405a <vListInitialise>
	}
	#endif

	/* Start with pxDelayedTaskList using list1 and the pxOverflowDelayedTaskList
	using list2. */
	pxDelayedTaskList = &xDelayedTaskList1;
    6090:	8a e4       	ldi	r24, 0x4A	; 74
    6092:	95 e0       	ldi	r25, 0x05	; 5
    6094:	90 93 5d 05 	sts	0x055D, r25
    6098:	80 93 5c 05 	sts	0x055C, r24
	pxOverflowDelayedTaskList = &xDelayedTaskList2;
    609c:	83 e5       	ldi	r24, 0x53	; 83
    609e:	95 e0       	ldi	r25, 0x05	; 5
    60a0:	90 93 5f 05 	sts	0x055F, r25
    60a4:	80 93 5e 05 	sts	0x055E, r24
}
    60a8:	0f 90       	pop	r0
    60aa:	cf 91       	pop	r28
    60ac:	df 91       	pop	r29
    60ae:	08 95       	ret

000060b0 <prvCheckTasksWaitingTermination>:
/*-----------------------------------------------------------*/

static void prvCheckTasksWaitingTermination( void )
{
    60b0:	df 93       	push	r29
    60b2:	cf 93       	push	r28
    60b4:	00 d0       	rcall	.+0      	; 0x60b6 <prvCheckTasksWaitingTermination+0x6>
    60b6:	0f 92       	push	r0
    60b8:	cd b7       	in	r28, 0x3d	; 61
    60ba:	de b7       	in	r29, 0x3e	; 62
	{
		portBASE_TYPE xListIsEmpty;

		/* ucTasksDeleted is used to prevent vTaskSuspendAll() being called
		too often in the idle task. */
		if( uxTasksDeleted > ( unsigned portBASE_TYPE ) 0U )
    60bc:	80 91 1a 05 	lds	r24, 0x051A
    60c0:	88 23       	and	r24, r24
    60c2:	71 f1       	breq	.+92     	; 0x6120 <prvCheckTasksWaitingTermination+0x70>
		{
			vTaskSuspendAll();
    60c4:	0e 94 75 2c 	call	0x58ea	; 0x58ea <vTaskSuspendAll>
				xListIsEmpty = listLIST_IS_EMPTY( &xTasksWaitingTermination );
    60c8:	80 91 69 05 	lds	r24, 0x0569
    60cc:	1b 82       	std	Y+3, r1	; 0x03
    60ce:	88 23       	and	r24, r24
    60d0:	11 f4       	brne	.+4      	; 0x60d6 <prvCheckTasksWaitingTermination+0x26>
    60d2:	81 e0       	ldi	r24, 0x01	; 1
    60d4:	8b 83       	std	Y+3, r24	; 0x03
			xTaskResumeAll();
    60d6:	0e 94 81 2c 	call	0x5902	; 0x5902 <xTaskResumeAll>

			if( xListIsEmpty == pdFALSE )
    60da:	8b 81       	ldd	r24, Y+3	; 0x03
    60dc:	88 23       	and	r24, r24
    60de:	01 f5       	brne	.+64     	; 0x6120 <prvCheckTasksWaitingTermination+0x70>
			{
				tskTCB *pxTCB;

				taskENTER_CRITICAL();
    60e0:	0f b6       	in	r0, 0x3f	; 63
    60e2:	f8 94       	cli
    60e4:	0f 92       	push	r0
				{
					pxTCB = ( tskTCB * ) listGET_OWNER_OF_HEAD_ENTRY( ( ( xList * ) &xTasksWaitingTermination ) );
    60e6:	e0 91 6e 05 	lds	r30, 0x056E
    60ea:	f0 91 6f 05 	lds	r31, 0x056F
    60ee:	86 81       	ldd	r24, Z+6	; 0x06
    60f0:	97 81       	ldd	r25, Z+7	; 0x07
    60f2:	9a 83       	std	Y+2, r25	; 0x02
    60f4:	89 83       	std	Y+1, r24	; 0x01
					vListRemove( &( pxTCB->xGenericListItem ) );
    60f6:	89 81       	ldd	r24, Y+1	; 0x01
    60f8:	9a 81       	ldd	r25, Y+2	; 0x02
    60fa:	02 96       	adiw	r24, 0x02	; 2
    60fc:	0e 94 1f 21 	call	0x423e	; 0x423e <vListRemove>
					--uxCurrentNumberOfTasks;
    6100:	80 91 1b 05 	lds	r24, 0x051B
    6104:	81 50       	subi	r24, 0x01	; 1
    6106:	80 93 1b 05 	sts	0x051B, r24
					--uxTasksDeleted;
    610a:	80 91 1a 05 	lds	r24, 0x051A
    610e:	81 50       	subi	r24, 0x01	; 1
    6110:	80 93 1a 05 	sts	0x051A, r24
				}
				taskEXIT_CRITICAL();
    6114:	0f 90       	pop	r0
    6116:	0f be       	out	0x3f, r0	; 63

				prvDeleteTCB( pxTCB );
    6118:	89 81       	ldd	r24, Y+1	; 0x01
    611a:	9a 81       	ldd	r25, Y+2	; 0x02
    611c:	0e 94 2f 31 	call	0x625e	; 0x625e <prvDeleteTCB>
			}
		}
	}
	#endif
}
    6120:	0f 90       	pop	r0
    6122:	0f 90       	pop	r0
    6124:	0f 90       	pop	r0
    6126:	cf 91       	pop	r28
    6128:	df 91       	pop	r29
    612a:	08 95       	ret

0000612c <prvAddCurrentTaskToDelayedList>:
/*-----------------------------------------------------------*/

static void prvAddCurrentTaskToDelayedList( portTickType xTimeToWake )
{
    612c:	df 93       	push	r29
    612e:	cf 93       	push	r28
    6130:	00 d0       	rcall	.+0      	; 0x6132 <prvAddCurrentTaskToDelayedList+0x6>
    6132:	cd b7       	in	r28, 0x3d	; 61
    6134:	de b7       	in	r29, 0x3e	; 62
    6136:	9a 83       	std	Y+2, r25	; 0x02
    6138:	89 83       	std	Y+1, r24	; 0x01
	/* The list item will be inserted in wake time order. */
	listSET_LIST_ITEM_VALUE( &( pxCurrentTCB->xGenericListItem ), xTimeToWake );
    613a:	e0 91 18 05 	lds	r30, 0x0518
    613e:	f0 91 19 05 	lds	r31, 0x0519
    6142:	89 81       	ldd	r24, Y+1	; 0x01
    6144:	9a 81       	ldd	r25, Y+2	; 0x02
    6146:	93 83       	std	Z+3, r25	; 0x03
    6148:	82 83       	std	Z+2, r24	; 0x02

	if( xTimeToWake < xTickCount )
    614a:	20 91 1c 05 	lds	r18, 0x051C
    614e:	30 91 1d 05 	lds	r19, 0x051D
    6152:	89 81       	ldd	r24, Y+1	; 0x01
    6154:	9a 81       	ldd	r25, Y+2	; 0x02
    6156:	82 17       	cp	r24, r18
    6158:	93 07       	cpc	r25, r19
    615a:	70 f4       	brcc	.+28     	; 0x6178 <prvAddCurrentTaskToDelayedList+0x4c>
	{
		/* Wake time has overflowed.  Place this item in the overflow list. */
		vListInsert( ( xList * ) pxOverflowDelayedTaskList, ( xListItem * ) &( pxCurrentTCB->xGenericListItem ) );
    615c:	80 91 5e 05 	lds	r24, 0x055E
    6160:	90 91 5f 05 	lds	r25, 0x055F
    6164:	20 91 18 05 	lds	r18, 0x0518
    6168:	30 91 19 05 	lds	r19, 0x0519
    616c:	2e 5f       	subi	r18, 0xFE	; 254
    616e:	3f 4f       	sbci	r19, 0xFF	; 255
    6170:	b9 01       	movw	r22, r18
    6172:	0e 94 b3 20 	call	0x4166	; 0x4166 <vListInsert>
    6176:	1e c0       	rjmp	.+60     	; 0x61b4 <prvAddCurrentTaskToDelayedList+0x88>
	}
	else
	{
		/* The wake time has not overflowed, so we can use the current block list. */
		vListInsert( ( xList * ) pxDelayedTaskList, ( xListItem * ) &( pxCurrentTCB->xGenericListItem ) );
    6178:	40 91 5c 05 	lds	r20, 0x055C
    617c:	50 91 5d 05 	lds	r21, 0x055D
    6180:	80 91 18 05 	lds	r24, 0x0518
    6184:	90 91 19 05 	lds	r25, 0x0519
    6188:	9c 01       	movw	r18, r24
    618a:	2e 5f       	subi	r18, 0xFE	; 254
    618c:	3f 4f       	sbci	r19, 0xFF	; 255
    618e:	ca 01       	movw	r24, r20
    6190:	b9 01       	movw	r22, r18
    6192:	0e 94 b3 20 	call	0x4166	; 0x4166 <vListInsert>

		/* If the task entering the blocked state was placed at the head of the
		list of blocked tasks then xNextTaskUnblockTime needs to be updated
		too. */
		if( xTimeToWake < xNextTaskUnblockTime )
    6196:	20 91 8d 00 	lds	r18, 0x008D
    619a:	30 91 8e 00 	lds	r19, 0x008E
    619e:	89 81       	ldd	r24, Y+1	; 0x01
    61a0:	9a 81       	ldd	r25, Y+2	; 0x02
    61a2:	82 17       	cp	r24, r18
    61a4:	93 07       	cpc	r25, r19
    61a6:	30 f4       	brcc	.+12     	; 0x61b4 <prvAddCurrentTaskToDelayedList+0x88>
		{
			xNextTaskUnblockTime = xTimeToWake;
    61a8:	89 81       	ldd	r24, Y+1	; 0x01
    61aa:	9a 81       	ldd	r25, Y+2	; 0x02
    61ac:	90 93 8e 00 	sts	0x008E, r25
    61b0:	80 93 8d 00 	sts	0x008D, r24
		}
	}
}
    61b4:	0f 90       	pop	r0
    61b6:	0f 90       	pop	r0
    61b8:	cf 91       	pop	r28
    61ba:	df 91       	pop	r29
    61bc:	08 95       	ret

000061be <prvAllocateTCBAndStack>:
/*-----------------------------------------------------------*/

static tskTCB *prvAllocateTCBAndStack( unsigned short usStackDepth, portSTACK_TYPE *puxStackBuffer )
{
    61be:	df 93       	push	r29
    61c0:	cf 93       	push	r28
    61c2:	cd b7       	in	r28, 0x3d	; 61
    61c4:	de b7       	in	r29, 0x3e	; 62
    61c6:	28 97       	sbiw	r28, 0x08	; 8
    61c8:	0f b6       	in	r0, 0x3f	; 63
    61ca:	f8 94       	cli
    61cc:	de bf       	out	0x3e, r29	; 62
    61ce:	0f be       	out	0x3f, r0	; 63
    61d0:	cd bf       	out	0x3d, r28	; 61
    61d2:	9c 83       	std	Y+4, r25	; 0x04
    61d4:	8b 83       	std	Y+3, r24	; 0x03
    61d6:	7e 83       	std	Y+6, r23	; 0x06
    61d8:	6d 83       	std	Y+5, r22	; 0x05
tskTCB *pxNewTCB;

	/* Allocate space for the TCB.  Where the memory comes from depends on
	the implementation of the port malloc function. */
	pxNewTCB = ( tskTCB * ) pvPortMalloc( sizeof( tskTCB ) );
    61da:	81 e2       	ldi	r24, 0x21	; 33
    61dc:	90 e0       	ldi	r25, 0x00	; 0
    61de:	0e 94 c1 1f 	call	0x3f82	; 0x3f82 <pvPortMalloc>
    61e2:	9a 83       	std	Y+2, r25	; 0x02
    61e4:	89 83       	std	Y+1, r24	; 0x01

	if( pxNewTCB != NULL )
    61e6:	89 81       	ldd	r24, Y+1	; 0x01
    61e8:	9a 81       	ldd	r25, Y+2	; 0x02
    61ea:	00 97       	sbiw	r24, 0x00	; 0
    61ec:	69 f1       	breq	.+90     	; 0x6248 <prvAllocateTCBAndStack+0x8a>
	{
		/* Allocate space for the stack used by the task being created.
		The base of the stack memory stored in the TCB so the task can
		be deleted later if required. */
		pxNewTCB->pxStack = ( portSTACK_TYPE * ) pvPortMallocAligned( ( ( ( size_t )usStackDepth ) * sizeof( portSTACK_TYPE ) ), puxStackBuffer );
    61ee:	8d 81       	ldd	r24, Y+5	; 0x05
    61f0:	9e 81       	ldd	r25, Y+6	; 0x06
    61f2:	00 97       	sbiw	r24, 0x00	; 0
    61f4:	39 f4       	brne	.+14     	; 0x6204 <prvAllocateTCBAndStack+0x46>
    61f6:	8b 81       	ldd	r24, Y+3	; 0x03
    61f8:	9c 81       	ldd	r25, Y+4	; 0x04
    61fa:	0e 94 c1 1f 	call	0x3f82	; 0x3f82 <pvPortMalloc>
    61fe:	98 87       	std	Y+8, r25	; 0x08
    6200:	8f 83       	std	Y+7, r24	; 0x07
    6202:	04 c0       	rjmp	.+8      	; 0x620c <prvAllocateTCBAndStack+0x4e>
    6204:	8d 81       	ldd	r24, Y+5	; 0x05
    6206:	9e 81       	ldd	r25, Y+6	; 0x06
    6208:	98 87       	std	Y+8, r25	; 0x08
    620a:	8f 83       	std	Y+7, r24	; 0x07
    620c:	e9 81       	ldd	r30, Y+1	; 0x01
    620e:	fa 81       	ldd	r31, Y+2	; 0x02
    6210:	8f 81       	ldd	r24, Y+7	; 0x07
    6212:	98 85       	ldd	r25, Y+8	; 0x08
    6214:	90 8f       	std	Z+24, r25	; 0x18
    6216:	87 8b       	std	Z+23, r24	; 0x17

		if( pxNewTCB->pxStack == NULL )
    6218:	e9 81       	ldd	r30, Y+1	; 0x01
    621a:	fa 81       	ldd	r31, Y+2	; 0x02
    621c:	87 89       	ldd	r24, Z+23	; 0x17
    621e:	90 8d       	ldd	r25, Z+24	; 0x18
    6220:	00 97       	sbiw	r24, 0x00	; 0
    6222:	39 f4       	brne	.+14     	; 0x6232 <prvAllocateTCBAndStack+0x74>
		{
			/* Could not allocate the stack.  Delete the allocated TCB. */
			vPortFree( pxNewTCB );
    6224:	89 81       	ldd	r24, Y+1	; 0x01
    6226:	9a 81       	ldd	r25, Y+2	; 0x02
    6228:	0e 94 07 20 	call	0x400e	; 0x400e <vPortFree>
			pxNewTCB = NULL;
    622c:	1a 82       	std	Y+2, r1	; 0x02
    622e:	19 82       	std	Y+1, r1	; 0x01
    6230:	0b c0       	rjmp	.+22     	; 0x6248 <prvAllocateTCBAndStack+0x8a>
		}
		else
		{
			/* Just to help debugging. */
			memset( pxNewTCB->pxStack, ( int ) tskSTACK_FILL_BYTE, ( size_t ) usStackDepth * sizeof( portSTACK_TYPE ) );
    6232:	e9 81       	ldd	r30, Y+1	; 0x01
    6234:	fa 81       	ldd	r31, Y+2	; 0x02
    6236:	87 89       	ldd	r24, Z+23	; 0x17
    6238:	90 8d       	ldd	r25, Z+24	; 0x18
    623a:	2b 81       	ldd	r18, Y+3	; 0x03
    623c:	3c 81       	ldd	r19, Y+4	; 0x04
    623e:	65 ea       	ldi	r22, 0xA5	; 165
    6240:	70 e0       	ldi	r23, 0x00	; 0
    6242:	a9 01       	movw	r20, r18
    6244:	0e 94 fb 31 	call	0x63f6	; 0x63f6 <memset>
		}
	}

	return pxNewTCB;
    6248:	89 81       	ldd	r24, Y+1	; 0x01
    624a:	9a 81       	ldd	r25, Y+2	; 0x02
}
    624c:	28 96       	adiw	r28, 0x08	; 8
    624e:	0f b6       	in	r0, 0x3f	; 63
    6250:	f8 94       	cli
    6252:	de bf       	out	0x3e, r29	; 62
    6254:	0f be       	out	0x3f, r0	; 63
    6256:	cd bf       	out	0x3d, r28	; 61
    6258:	cf 91       	pop	r28
    625a:	df 91       	pop	r29
    625c:	08 95       	ret

0000625e <prvDeleteTCB>:
/*-----------------------------------------------------------*/

#if ( INCLUDE_vTaskDelete == 1 )

	static void prvDeleteTCB( tskTCB *pxTCB )
	{
    625e:	df 93       	push	r29
    6260:	cf 93       	push	r28
    6262:	00 d0       	rcall	.+0      	; 0x6264 <prvDeleteTCB+0x6>
    6264:	cd b7       	in	r28, 0x3d	; 61
    6266:	de b7       	in	r29, 0x3e	; 62
    6268:	9a 83       	std	Y+2, r25	; 0x02
    626a:	89 83       	std	Y+1, r24	; 0x01
		/* Free up the memory allocated by the scheduler for the task.  It is up to
		the task to free any memory allocated at the application level. */
		vPortFreeAligned( pxTCB->pxStack );
    626c:	e9 81       	ldd	r30, Y+1	; 0x01
    626e:	fa 81       	ldd	r31, Y+2	; 0x02
    6270:	87 89       	ldd	r24, Z+23	; 0x17
    6272:	90 8d       	ldd	r25, Z+24	; 0x18
    6274:	0e 94 07 20 	call	0x400e	; 0x400e <vPortFree>
		vPortFree( pxTCB );
    6278:	89 81       	ldd	r24, Y+1	; 0x01
    627a:	9a 81       	ldd	r25, Y+2	; 0x02
    627c:	0e 94 07 20 	call	0x400e	; 0x400e <vPortFree>
	}
    6280:	0f 90       	pop	r0
    6282:	0f 90       	pop	r0
    6284:	cf 91       	pop	r28
    6286:	df 91       	pop	r29
    6288:	08 95       	ret

0000628a <TASK_LCD1>:
#include "../LIB/STD_TYPES.h"
#include "../MCAL/DIO/DIO_int.h"
#include "../HAL/LCD/LCD_int.h"


void TASK_LCD1(void *A_Pv){
    628a:	df 93       	push	r29
    628c:	cf 93       	push	r28
    628e:	00 d0       	rcall	.+0      	; 0x6290 <TASK_LCD1+0x6>
    6290:	cd b7       	in	r28, 0x3d	; 61
    6292:	de b7       	in	r29, 0x3e	; 62
    6294:	9a 83       	std	Y+2, r25	; 0x02
    6296:	89 83       	std	Y+1, r24	; 0x01
	while(1){

	HLCD_vDisplayString("Task1");
    6298:	85 e6       	ldi	r24, 0x65	; 101
    629a:	90 e0       	ldi	r25, 0x00	; 0
    629c:	0e 94 6f 1a 	call	0x34de	; 0x34de <HLCD_vDisplayString>
	vTaskDelay(100);
    62a0:	84 e6       	ldi	r24, 0x64	; 100
    62a2:	90 e0       	ldi	r25, 0x00	; 0
    62a4:	0e 94 9e 2a 	call	0x553c	; 0x553c <vTaskDelay>
    62a8:	f7 cf       	rjmp	.-18     	; 0x6298 <TASK_LCD1+0xe>

000062aa <TASK_LCD2>:
	}
}
void TASK_LCD2(void *A_Pv)
{
    62aa:	df 93       	push	r29
    62ac:	cf 93       	push	r28
    62ae:	00 d0       	rcall	.+0      	; 0x62b0 <TASK_LCD2+0x6>
    62b0:	cd b7       	in	r28, 0x3d	; 61
    62b2:	de b7       	in	r29, 0x3e	; 62
    62b4:	9a 83       	std	Y+2, r25	; 0x02
    62b6:	89 83       	std	Y+1, r24	; 0x01
	while(1){

		HLCD_vDisplayString("Task2");
    62b8:	8b e6       	ldi	r24, 0x6B	; 107
    62ba:	90 e0       	ldi	r25, 0x00	; 0
    62bc:	0e 94 6f 1a 	call	0x34de	; 0x34de <HLCD_vDisplayString>
		vTaskDelay(100);
    62c0:	84 e6       	ldi	r24, 0x64	; 100
    62c2:	90 e0       	ldi	r25, 0x00	; 0
    62c4:	0e 94 9e 2a 	call	0x553c	; 0x553c <vTaskDelay>
    62c8:	f7 cf       	rjmp	.-18     	; 0x62b8 <TASK_LCD2+0xe>

000062ca <main>:
		}

}

int main()
{
    62ca:	af 92       	push	r10
    62cc:	bf 92       	push	r11
    62ce:	cf 92       	push	r12
    62d0:	df 92       	push	r13
    62d2:	ef 92       	push	r14
    62d4:	ff 92       	push	r15
    62d6:	0f 93       	push	r16
    62d8:	df 93       	push	r29
    62da:	cf 93       	push	r28
    62dc:	cd b7       	in	r28, 0x3d	; 61
    62de:	de b7       	in	r29, 0x3e	; 62
	HLCD_vInit();
    62e0:	0e 94 55 16 	call	0x2caa	; 0x2caa <HLCD_vInit>

	xTaskCreate(TASK_LCD1, (signed const char *)"LED1" ,
    62e4:	21 e7       	ldi	r18, 0x71	; 113
    62e6:	30 e0       	ldi	r19, 0x00	; 0
    62e8:	85 e4       	ldi	r24, 0x45	; 69
    62ea:	91 e3       	ldi	r25, 0x31	; 49
    62ec:	b9 01       	movw	r22, r18
    62ee:	44 e6       	ldi	r20, 0x64	; 100
    62f0:	50 e0       	ldi	r21, 0x00	; 0
    62f2:	20 e0       	ldi	r18, 0x00	; 0
    62f4:	30 e0       	ldi	r19, 0x00	; 0
    62f6:	01 e0       	ldi	r16, 0x01	; 1
    62f8:	ee 24       	eor	r14, r14
    62fa:	ff 24       	eor	r15, r15
    62fc:	cc 24       	eor	r12, r12
    62fe:	dd 24       	eor	r13, r13
    6300:	aa 24       	eor	r10, r10
    6302:	bb 24       	eor	r11, r11
    6304:	0e 94 da 28 	call	0x51b4	; 0x51b4 <xTaskGenericCreate>
			100 , NULL , 1 , NULL);
	xTaskCreate(TASK_LCD2 , (signed const char *)"LED2" ,
    6308:	26 e7       	ldi	r18, 0x76	; 118
    630a:	30 e0       	ldi	r19, 0x00	; 0
    630c:	85 e5       	ldi	r24, 0x55	; 85
    630e:	91 e3       	ldi	r25, 0x31	; 49
    6310:	b9 01       	movw	r22, r18
    6312:	44 e6       	ldi	r20, 0x64	; 100
    6314:	50 e0       	ldi	r21, 0x00	; 0
    6316:	20 e0       	ldi	r18, 0x00	; 0
    6318:	30 e0       	ldi	r19, 0x00	; 0
    631a:	01 e0       	ldi	r16, 0x01	; 1
    631c:	ee 24       	eor	r14, r14
    631e:	ff 24       	eor	r15, r15
    6320:	cc 24       	eor	r12, r12
    6322:	dd 24       	eor	r13, r13
    6324:	aa 24       	eor	r10, r10
    6326:	bb 24       	eor	r11, r11
    6328:	0e 94 da 28 	call	0x51b4	; 0x51b4 <xTaskGenericCreate>
				100 , NULL , 1 , NULL);
	vTaskStartScheduler();
    632c:	0e 94 32 2c 	call	0x5864	; 0x5864 <vTaskStartScheduler>
    6330:	ff cf       	rjmp	.-2      	; 0x6330 <main+0x66>

00006332 <__udivmodsi4>:
    6332:	a1 e2       	ldi	r26, 0x21	; 33
    6334:	1a 2e       	mov	r1, r26
    6336:	aa 1b       	sub	r26, r26
    6338:	bb 1b       	sub	r27, r27
    633a:	fd 01       	movw	r30, r26
    633c:	0d c0       	rjmp	.+26     	; 0x6358 <__udivmodsi4_ep>

0000633e <__udivmodsi4_loop>:
    633e:	aa 1f       	adc	r26, r26
    6340:	bb 1f       	adc	r27, r27
    6342:	ee 1f       	adc	r30, r30
    6344:	ff 1f       	adc	r31, r31
    6346:	a2 17       	cp	r26, r18
    6348:	b3 07       	cpc	r27, r19
    634a:	e4 07       	cpc	r30, r20
    634c:	f5 07       	cpc	r31, r21
    634e:	20 f0       	brcs	.+8      	; 0x6358 <__udivmodsi4_ep>
    6350:	a2 1b       	sub	r26, r18
    6352:	b3 0b       	sbc	r27, r19
    6354:	e4 0b       	sbc	r30, r20
    6356:	f5 0b       	sbc	r31, r21

00006358 <__udivmodsi4_ep>:
    6358:	66 1f       	adc	r22, r22
    635a:	77 1f       	adc	r23, r23
    635c:	88 1f       	adc	r24, r24
    635e:	99 1f       	adc	r25, r25
    6360:	1a 94       	dec	r1
    6362:	69 f7       	brne	.-38     	; 0x633e <__udivmodsi4_loop>
    6364:	60 95       	com	r22
    6366:	70 95       	com	r23
    6368:	80 95       	com	r24
    636a:	90 95       	com	r25
    636c:	9b 01       	movw	r18, r22
    636e:	ac 01       	movw	r20, r24
    6370:	bd 01       	movw	r22, r26
    6372:	cf 01       	movw	r24, r30
    6374:	08 95       	ret

00006376 <__prologue_saves__>:
    6376:	2f 92       	push	r2
    6378:	3f 92       	push	r3
    637a:	4f 92       	push	r4
    637c:	5f 92       	push	r5
    637e:	6f 92       	push	r6
    6380:	7f 92       	push	r7
    6382:	8f 92       	push	r8
    6384:	9f 92       	push	r9
    6386:	af 92       	push	r10
    6388:	bf 92       	push	r11
    638a:	cf 92       	push	r12
    638c:	df 92       	push	r13
    638e:	ef 92       	push	r14
    6390:	ff 92       	push	r15
    6392:	0f 93       	push	r16
    6394:	1f 93       	push	r17
    6396:	cf 93       	push	r28
    6398:	df 93       	push	r29
    639a:	cd b7       	in	r28, 0x3d	; 61
    639c:	de b7       	in	r29, 0x3e	; 62
    639e:	ca 1b       	sub	r28, r26
    63a0:	db 0b       	sbc	r29, r27
    63a2:	0f b6       	in	r0, 0x3f	; 63
    63a4:	f8 94       	cli
    63a6:	de bf       	out	0x3e, r29	; 62
    63a8:	0f be       	out	0x3f, r0	; 63
    63aa:	cd bf       	out	0x3d, r28	; 61
    63ac:	09 94       	ijmp

000063ae <__epilogue_restores__>:
    63ae:	2a 88       	ldd	r2, Y+18	; 0x12
    63b0:	39 88       	ldd	r3, Y+17	; 0x11
    63b2:	48 88       	ldd	r4, Y+16	; 0x10
    63b4:	5f 84       	ldd	r5, Y+15	; 0x0f
    63b6:	6e 84       	ldd	r6, Y+14	; 0x0e
    63b8:	7d 84       	ldd	r7, Y+13	; 0x0d
    63ba:	8c 84       	ldd	r8, Y+12	; 0x0c
    63bc:	9b 84       	ldd	r9, Y+11	; 0x0b
    63be:	aa 84       	ldd	r10, Y+10	; 0x0a
    63c0:	b9 84       	ldd	r11, Y+9	; 0x09
    63c2:	c8 84       	ldd	r12, Y+8	; 0x08
    63c4:	df 80       	ldd	r13, Y+7	; 0x07
    63c6:	ee 80       	ldd	r14, Y+6	; 0x06
    63c8:	fd 80       	ldd	r15, Y+5	; 0x05
    63ca:	0c 81       	ldd	r16, Y+4	; 0x04
    63cc:	1b 81       	ldd	r17, Y+3	; 0x03
    63ce:	aa 81       	ldd	r26, Y+2	; 0x02
    63d0:	b9 81       	ldd	r27, Y+1	; 0x01
    63d2:	ce 0f       	add	r28, r30
    63d4:	d1 1d       	adc	r29, r1
    63d6:	0f b6       	in	r0, 0x3f	; 63
    63d8:	f8 94       	cli
    63da:	de bf       	out	0x3e, r29	; 62
    63dc:	0f be       	out	0x3f, r0	; 63
    63de:	cd bf       	out	0x3d, r28	; 61
    63e0:	ed 01       	movw	r28, r26
    63e2:	08 95       	ret

000063e4 <memcpy>:
    63e4:	fb 01       	movw	r30, r22
    63e6:	dc 01       	movw	r26, r24
    63e8:	02 c0       	rjmp	.+4      	; 0x63ee <memcpy+0xa>
    63ea:	01 90       	ld	r0, Z+
    63ec:	0d 92       	st	X+, r0
    63ee:	41 50       	subi	r20, 0x01	; 1
    63f0:	50 40       	sbci	r21, 0x00	; 0
    63f2:	d8 f7       	brcc	.-10     	; 0x63ea <memcpy+0x6>
    63f4:	08 95       	ret

000063f6 <memset>:
    63f6:	dc 01       	movw	r26, r24
    63f8:	01 c0       	rjmp	.+2      	; 0x63fc <memset+0x6>
    63fa:	6d 93       	st	X+, r22
    63fc:	41 50       	subi	r20, 0x01	; 1
    63fe:	50 40       	sbci	r21, 0x00	; 0
    6400:	e0 f7       	brcc	.-8      	; 0x63fa <memset+0x4>
    6402:	08 95       	ret

00006404 <strncpy>:
    6404:	fb 01       	movw	r30, r22
    6406:	dc 01       	movw	r26, r24
    6408:	41 50       	subi	r20, 0x01	; 1
    640a:	50 40       	sbci	r21, 0x00	; 0
    640c:	48 f0       	brcs	.+18     	; 0x6420 <strncpy+0x1c>
    640e:	01 90       	ld	r0, Z+
    6410:	0d 92       	st	X+, r0
    6412:	00 20       	and	r0, r0
    6414:	c9 f7       	brne	.-14     	; 0x6408 <strncpy+0x4>
    6416:	01 c0       	rjmp	.+2      	; 0x641a <strncpy+0x16>
    6418:	1d 92       	st	X+, r1
    641a:	41 50       	subi	r20, 0x01	; 1
    641c:	50 40       	sbci	r21, 0x00	; 0
    641e:	e0 f7       	brcc	.-8      	; 0x6418 <strncpy+0x14>
    6420:	08 95       	ret

00006422 <_exit>:
    6422:	f8 94       	cli

00006424 <__stop_program>:
    6424:	ff cf       	rjmp	.-2      	; 0x6424 <__stop_program>
